Via_de_acesso;UF;nome_pais_correto;mes;ano;Chegadas
Aérea;Bahia;Afeganistão;Janeiro;2026;1
Aérea;São Paulo;Afeganistão;Janeiro;2026;4
Terrestre;Paraná;Afeganistão;Janeiro;2026;1
Terrestre;Rio Grande do Sul;Afeganistão;Janeiro;2026;1
Marítima;Rio de Janeiro;Afeganistão;Janeiro;2026;3
Aérea;Pará;Albânia;Janeiro;2026;1
Aérea;Ceará;Albânia;Janeiro;2026;2
Aérea;Rio de Janeiro;Albânia;Janeiro;2026;25
Aérea;São Paulo;Albânia;Janeiro;2026;25
Aérea;Santa Catarina;Albânia;Janeiro;2026;2
Aérea;Rio Grande do Sul;Albânia;Janeiro;2026;1
Aérea;Distrito Federal;Albânia;Janeiro;2026;1
Terrestre;Paraná;Albânia;Janeiro;2026;2
Terrestre;Rio Grande do Sul;Albânia;Janeiro;2026;1
Aérea;Amazonas;Alemanha;Janeiro;2026;66
Aérea;Pará;Alemanha;Janeiro;2026;57
Aérea;Ceará;Alemanha;Janeiro;2026;552
Aérea;Rio Grande do Norte;Alemanha;Janeiro;2026;86
Aérea;Paraíba;Alemanha;Janeiro;2026;1
Aérea;Pernambuco;Alemanha;Janeiro;2026;5
Aérea;Pernambuco;Alemanha;Janeiro;2026;595
Aérea;Alagoas;Alemanha;Janeiro;2026;10
Aérea;Bahia;Alemanha;Janeiro;2026;933
Aérea;Minas Gerais;Alemanha;Janeiro;2026;264
Aérea;Rio de Janeiro;Alemanha;Janeiro;2026;3860
Aérea;São Paulo;Alemanha;Janeiro;2026;204
Aérea;São Paulo;Alemanha;Janeiro;2026;9791
Aérea;Paraná;Alemanha;Janeiro;2026;16
Aérea;Paraná;Alemanha;Janeiro;2026;25
Aérea;Santa Catarina;Alemanha;Janeiro;2026;478
Aérea;Santa Catarina;Alemanha;Janeiro;2026;1
Aérea;Rio Grande do Sul;Alemanha;Janeiro;2026;240
Aérea;Distrito Federal;Alemanha;Janeiro;2026;218
Terrestre;Rondônia;Alemanha;Janeiro;2026;11
Terrestre;Acre;Alemanha;Janeiro;2026;5
Terrestre;Acre;Alemanha;Janeiro;2026;4
Terrestre;Amazonas;Alemanha;Janeiro;2026;32
Terrestre;Roraima;Alemanha;Janeiro;2026;3
Terrestre;Roraima;Alemanha;Janeiro;2026;2
Terrestre;Amapá;Alemanha;Janeiro;2026;1
Terrestre;Paraná;Alemanha;Janeiro;2026;486
Terrestre;Paraná;Alemanha;Janeiro;2026;1130
Terrestre;Paraná;Alemanha;Janeiro;2026;10
Terrestre;Santa Catarina;Alemanha;Janeiro;2026;5
Terrestre;Santa Catarina;Alemanha;Janeiro;2026;4
Terrestre;Rio Grande do Sul;Alemanha;Janeiro;2026;4
Terrestre;Rio Grande do Sul;Alemanha;Janeiro;2026;80
Terrestre;Rio Grande do Sul;Alemanha;Janeiro;2026;7
Terrestre;Rio Grande do Sul;Alemanha;Janeiro;2026;2
Terrestre;Rio Grande do Sul;Alemanha;Janeiro;2026;6
Terrestre;Rio Grande do Sul;Alemanha;Janeiro;2026;12
Terrestre;Rio Grande do Sul;Alemanha;Janeiro;2026;21
Terrestre;Mato Grosso do Sul;Alemanha;Janeiro;2026;17
Terrestre;Mato Grosso do Sul;Alemanha;Janeiro;2026;4
Terrestre;Mato Grosso;Alemanha;Janeiro;2026;2
Marítima;Maranhão;Alemanha;Janeiro;2026;5
Marítima;Ceará;Alemanha;Janeiro;2026;2032
Marítima;Pernambuco;Alemanha;Janeiro;2026;6
Marítima;Pernambuco;Alemanha;Janeiro;2026;5
Marítima;Rio de Janeiro;Alemanha;Janeiro;2026;31
Marítima;São Paulo;Alemanha;Janeiro;2026;10
Marítima;São Paulo;Alemanha;Janeiro;2026;2
Marítima;Santa Catarina;Alemanha;Janeiro;2026;21
Marítima;Santa Catarina;Alemanha;Janeiro;2026;27
Fluvial;Pará;Alemanha;Janeiro;2026;32
Fluvial;Amapá;Alemanha;Janeiro;2026;13
Fluvial;Rio Grande do Sul;Alemanha;Janeiro;2026;11
Fluvial;Rio Grande do Sul;Alemanha;Janeiro;2026;1
Aérea;Rio Grande do Norte;Andorra;Janeiro;2026;1
Aérea;Bahia;Andorra;Janeiro;2026;1
Aérea;Rio de Janeiro;Andorra;Janeiro;2026;4
Aérea;São Paulo;Andorra;Janeiro;2026;3
Terrestre;Paraná;Andorra;Janeiro;2026;2
Terrestre;Rio Grande do Sul;Andorra;Janeiro;2026;1
Marítima;Rio de Janeiro;Andorra;Janeiro;2026;1
Aérea;Pará;Angola;Janeiro;2026;1
Aérea;Ceará;Angola;Janeiro;2026;3
Aérea;Rio Grande do Norte;Angola;Janeiro;2026;1
Aérea;Bahia;Angola;Janeiro;2026;2
Aérea;Minas Gerais;Angola;Janeiro;2026;1
Aérea;Rio de Janeiro;Angola;Janeiro;2026;19
Aérea;São Paulo;Angola;Janeiro;2026;522
Terrestre;Paraná;Angola;Janeiro;2026;1
Terrestre;Rio Grande do Sul;Angola;Janeiro;2026;1
Aérea;Ceará;Antilhas Holandesas;Janeiro;2026;1
Aérea;Rio de Janeiro;Antilhas Holandesas;Janeiro;2026;1
Aérea;Rio de Janeiro;Antígua e Barbuda;Janeiro;2026;5
Aérea;São Paulo;Antígua e Barbuda;Janeiro;2026;4
Aérea;Santa Catarina;Antígua e Barbuda;Janeiro;2026;2
Terrestre;Rio Grande do Sul;Antígua e Barbuda;Janeiro;2026;2
Terrestre;Rio Grande do Sul;Antígua e Barbuda;Janeiro;2026;1
Aérea;Amazonas;Argentina;Janeiro;2026;7
Aérea;Pará;Argentina;Janeiro;2026;4
Aérea;Ceará;Argentina;Janeiro;2026;2282
Aérea;Rio Grande do Norte;Argentina;Janeiro;2026;7269
Aérea;Paraíba;Argentina;Janeiro;2026;366
Aérea;Pernambuco;Argentina;Janeiro;2026;9062
Aérea;Alagoas;Argentina;Janeiro;2026;5834
Aérea;Bahia;Argentina;Janeiro;2026;4375
Aérea;Bahia;Argentina;Janeiro;2026;13236
Aérea;Minas Gerais;Argentina;Janeiro;2026;391
Aérea;Rio de Janeiro;Argentina;Janeiro;2026;3887
Aérea;Rio de Janeiro;Argentina;Janeiro;2026;122139
Aérea;São Paulo;Argentina;Janeiro;2026;65
Aérea;São Paulo;Argentina;Janeiro;2026;47172
Aérea;São Paulo;Argentina;Janeiro;2026;2
Aérea;Paraná;Argentina;Janeiro;2026;54
Aérea;Paraná;Argentina;Janeiro;2026;616
Aérea;Santa Catarina;Argentina;Janeiro;2026;88225
Aérea;Santa Catarina;Argentina;Janeiro;2026;5
Aérea;Rio Grande do Sul;Argentina;Janeiro;2026;2271
Aérea;Distrito Federal;Argentina;Janeiro;2026;3536
Terrestre;Rondônia;Argentina;Janeiro;2026;6
Terrestre;Acre;Argentina;Janeiro;2026;4
Terrestre;Amazonas;Argentina;Janeiro;2026;11
Terrestre;Roraima;Argentina;Janeiro;2026;4
Terrestre;Roraima;Argentina;Janeiro;2026;11
Terrestre;Paraná;Argentina;Janeiro;2026;566
Terrestre;Paraná;Argentina;Janeiro;2026;8752
Terrestre;Paraná;Argentina;Janeiro;2026;44848
Terrestre;Paraná;Argentina;Janeiro;2026;43
Terrestre;Paraná;Argentina;Janeiro;2026;43
Terrestre;Paraná;Argentina;Janeiro;2026;1
Terrestre;Paraná;Argentina;Janeiro;2026;335
Terrestre;Santa Catarina;Argentina;Janeiro;2026;31646
Terrestre;Santa Catarina;Argentina;Janeiro;2026;17532
Terrestre;Rio Grande do Sul;Argentina;Janeiro;2026;139
Terrestre;Rio Grande do Sul;Argentina;Janeiro;2026;12
Terrestre;Rio Grande do Sul;Argentina;Janeiro;2026;2750
Terrestre;Rio Grande do Sul;Argentina;Janeiro;2026;4953
Terrestre;Rio Grande do Sul;Argentina;Janeiro;2026;5009
Terrestre;Rio Grande do Sul;Argentina;Janeiro;2026;49489
Terrestre;Rio Grande do Sul;Argentina;Janeiro;2026;108
Terrestre;Rio Grande do Sul;Argentina;Janeiro;2026;49894
Terrestre;Rio Grande do Sul;Argentina;Janeiro;2026;174138
Terrestre;Mato Grosso do Sul;Argentina;Janeiro;2026;53
Terrestre;Mato Grosso do Sul;Argentina;Janeiro;2026;132
Terrestre;Mato Grosso;Argentina;Janeiro;2026;1
Marítima;Maranhão;Argentina;Janeiro;2026;3
Marítima;Pernambuco;Argentina;Janeiro;2026;2
Marítima;Rio de Janeiro;Argentina;Janeiro;2026;5
Marítima;Rio de Janeiro;Argentina;Janeiro;2026;12920
Marítima;São Paulo;Argentina;Janeiro;2026;769
Marítima;Santa Catarina;Argentina;Janeiro;2026;8815
Marítima;Santa Catarina;Argentina;Janeiro;2026;4
Marítima;Santa Catarina;Argentina;Janeiro;2026;3796
Marítima;Rio Grande do Sul;Argentina;Janeiro;2026;1
Fluvial;Pará;Argentina;Janeiro;2026;8
Fluvial;Santa Catarina;Argentina;Janeiro;2026;19
Fluvial;Rio Grande do Sul;Argentina;Janeiro;2026;7226
Fluvial;Rio Grande do Sul;Argentina;Janeiro;2026;6981
Aérea;Pará;Argélia;Janeiro;2026;5
Aérea;Ceará;Argélia;Janeiro;2026;2
Aérea;Bahia;Argélia;Janeiro;2026;1
Aérea;Rio de Janeiro;Argélia;Janeiro;2026;5
Aérea;São Paulo;Argélia;Janeiro;2026;20
Aérea;Distrito Federal;Argélia;Janeiro;2026;1
Terrestre;Amapá;Argélia;Janeiro;2026;1
Terrestre;Santa Catarina;Argélia;Janeiro;2026;1
Terrestre;Santa Catarina;Argélia;Janeiro;2026;2
Terrestre;Rio Grande do Sul;Argélia;Janeiro;2026;1
Terrestre;Rio Grande do Sul;Argélia;Janeiro;2026;1
Terrestre;Rio Grande do Sul;Argélia;Janeiro;2026;4
Fluvial;Rio Grande do Sul;Argélia;Janeiro;2026;1
Aérea;Ceará;Armênia;Janeiro;2026;1
Aérea;Rio de Janeiro;Armênia;Janeiro;2026;22
Aérea;São Paulo;Armênia;Janeiro;2026;28
Terrestre;Paraná;Armênia;Janeiro;2026;15
Terrestre;Santa Catarina;Armênia;Janeiro;2026;1
Terrestre;Santa Catarina;Armênia;Janeiro;2026;1
Terrestre;Rio Grande do Sul;Armênia;Janeiro;2026;1
Terrestre;Rio Grande do Sul;Armênia;Janeiro;2026;8
Marítima;Ceará;Armênia;Janeiro;2026;1
Fluvial;Rio Grande do Sul;Armênia;Janeiro;2026;1
Aérea;Rio de Janeiro;Arábia Saudita;Janeiro;2026;42
Aérea;São Paulo;Arábia Saudita;Janeiro;2026;43
Aérea;Amazonas;Austrália;Janeiro;2026;3
Aérea;Ceará;Austrália;Janeiro;2026;6
Aérea;Pernambuco;Austrália;Janeiro;2026;3
Aérea;Bahia;Austrália;Janeiro;2026;12
Aérea;Minas Gerais;Austrália;Janeiro;2026;16
Aérea;Rio de Janeiro;Austrália;Janeiro;2026;1955
Aérea;São Paulo;Austrália;Janeiro;2026;3
Aérea;São Paulo;Austrália;Janeiro;2026;3215
Aérea;Paraná;Austrália;Janeiro;2026;8
Aérea;Paraná;Austrália;Janeiro;2026;16
Aérea;Santa Catarina;Austrália;Janeiro;2026;61
Aérea;Rio Grande do Sul;Austrália;Janeiro;2026;29
Aérea;Distrito Federal;Austrália;Janeiro;2026;13
Terrestre;Acre;Austrália;Janeiro;2026;1
Terrestre;Amazonas;Austrália;Janeiro;2026;6
Terrestre;Paraná;Austrália;Janeiro;2026;19
Terrestre;Paraná;Austrália;Janeiro;2026;916
Terrestre;Paraná;Austrália;Janeiro;2026;2
Terrestre;Santa Catarina;Austrália;Janeiro;2026;1
Terrestre;Rio Grande do Sul;Austrália;Janeiro;2026;12
Terrestre;Rio Grande do Sul;Austrália;Janeiro;2026;3
Terrestre;Rio Grande do Sul;Austrália;Janeiro;2026;1
Terrestre;Rio Grande do Sul;Austrália;Janeiro;2026;2
Terrestre;Rio Grande do Sul;Austrália;Janeiro;2026;2
Terrestre;Rio Grande do Sul;Austrália;Janeiro;2026;2
Terrestre;Mato Grosso do Sul;Austrália;Janeiro;2026;5
Marítima;Pernambuco;Austrália;Janeiro;2026;6
Marítima;Pernambuco;Austrália;Janeiro;2026;6
Marítima;Rio de Janeiro;Austrália;Janeiro;2026;3
Marítima;Santa Catarina;Austrália;Janeiro;2026;1
Marítima;Santa Catarina;Austrália;Janeiro;2026;17
Fluvial;Pará;Austrália;Janeiro;2026;65
Fluvial;Amapá;Austrália;Janeiro;2026;6
Aérea;Rio de Janeiro;Azerbaijão;Janeiro;2026;6
Aérea;São Paulo;Azerbaijão;Janeiro;2026;1
Terrestre;Rio Grande do Sul;Azerbaijão;Janeiro;2026;1
Aérea;Rio de Janeiro;Bahamas;Janeiro;2026;5
Aérea;São Paulo;Bahamas;Janeiro;2026;1
Aérea;São Paulo;Bahamas;Janeiro;2026;5
Aérea;Distrito Federal;Bahamas;Janeiro;2026;2
Fluvial;Pará;Bahamas;Janeiro;2026;1
Aérea;Pará;Bangladesh;Janeiro;2026;1
Aérea;Rio de Janeiro;Bangladesh;Janeiro;2026;2
Aérea;São Paulo;Bangladesh;Janeiro;2026;36
Terrestre;Mato Grosso do Sul;Bangladesh;Janeiro;2026;1
Aérea;Rio de Janeiro;Barbados;Janeiro;2026;8
Aérea;São Paulo;Barbados;Janeiro;2026;4
Aérea;Distrito Federal;Barbados;Janeiro;2026;1
Terrestre;Roraima;Barbados;Janeiro;2026;1
Aérea;Rio de Janeiro;Barein;Janeiro;2026;1
Aérea;São Paulo;Barein;Janeiro;2026;7
Aérea;Rio de Janeiro;Belize;Janeiro;2026;1
Aérea;São Paulo;Belize;Janeiro;2026;3
Aérea;Distrito Federal;Belize;Janeiro;2026;4
Terrestre;Mato Grosso do Sul;Belize;Janeiro;2026;1
Aérea;Bahia;Benin;Janeiro;2026;2
Aérea;Rio de Janeiro;Benin;Janeiro;2026;1
Aérea;São Paulo;Benin;Janeiro;2026;14
Aérea;Ceará;Bielorússia;Janeiro;2026;1
Aérea;Bahia;Bielorússia;Janeiro;2026;2
Aérea;Rio de Janeiro;Bielorússia;Janeiro;2026;28
Aérea;São Paulo;Bielorússia;Janeiro;2026;2
Aérea;São Paulo;Bielorússia;Janeiro;2026;69
Aérea;Santa Catarina;Bielorússia;Janeiro;2026;5
Aérea;Rio Grande do Sul;Bielorússia;Janeiro;2026;1
Aérea;Distrito Federal;Bielorússia;Janeiro;2026;2
Terrestre;Amapá;Bielorússia;Janeiro;2026;1
Terrestre;Paraná;Bielorússia;Janeiro;2026;21
Terrestre;Rio Grande do Sul;Bielorússia;Janeiro;2026;1
Terrestre;Mato Grosso do Sul;Bielorússia;Janeiro;2026;1
Aérea;Amazonas;Bolívia;Janeiro;2026;1
Aérea;Rio Grande do Norte;Bolívia;Janeiro;2026;1
Aérea;Pernambuco;Bolívia;Janeiro;2026;1
Aérea;Alagoas;Bolívia;Janeiro;2026;3
Aérea;Bahia;Bolívia;Janeiro;2026;9
Aérea;Rio de Janeiro;Bolívia;Janeiro;2026;1333
Aérea;São Paulo;Bolívia;Janeiro;2026;4
Aérea;São Paulo;Bolívia;Janeiro;2026;4560
Aérea;São Paulo;Bolívia;Janeiro;2026;1
Aérea;Paraná;Bolívia;Janeiro;2026;6
Aérea;Paraná;Bolívia;Janeiro;2026;4
Aérea;Santa Catarina;Bolívia;Janeiro;2026;180
Aérea;Rio Grande do Sul;Bolívia;Janeiro;2026;6
Aérea;Mato Grosso;Bolívia;Janeiro;2026;3
Aérea;Distrito Federal;Bolívia;Janeiro;2026;10
Terrestre;Rondônia;Bolívia;Janeiro;2026;432
Terrestre;Rondônia;Bolívia;Janeiro;2026;8
Terrestre;Acre;Bolívia;Janeiro;2026;71
Terrestre;Acre;Bolívia;Janeiro;2026;516
Terrestre;Amazonas;Bolívia;Janeiro;2026;1
Terrestre;Roraima;Bolívia;Janeiro;2026;1
Terrestre;Amapá;Bolívia;Janeiro;2026;8
Terrestre;Paraná;Bolívia;Janeiro;2026;467
Terrestre;Paraná;Bolívia;Janeiro;2026;198
Terrestre;Paraná;Bolívia;Janeiro;2026;4
Terrestre;Paraná;Bolívia;Janeiro;2026;5
Terrestre;Santa Catarina;Bolívia;Janeiro;2026;11
Terrestre;Santa Catarina;Bolívia;Janeiro;2026;4
Terrestre;Rio Grande do Sul;Bolívia;Janeiro;2026;1
Terrestre;Rio Grande do Sul;Bolívia;Janeiro;2026;13
Terrestre;Rio Grande do Sul;Bolívia;Janeiro;2026;9
Terrestre;Rio Grande do Sul;Bolívia;Janeiro;2026;43
Terrestre;Rio Grande do Sul;Bolívia;Janeiro;2026;34
Terrestre;Rio Grande do Sul;Bolívia;Janeiro;2026;213
Terrestre;Mato Grosso do Sul;Bolívia;Janeiro;2026;8807
Terrestre;Mato Grosso do Sul;Bolívia;Janeiro;2026;16
Terrestre;Mato Grosso;Bolívia;Janeiro;2026;106
Marítima;Rio de Janeiro;Bolívia;Janeiro;2026;19
Marítima;São Paulo;Bolívia;Janeiro;2026;7
Marítima;Santa Catarina;Bolívia;Janeiro;2026;33
Marítima;Santa Catarina;Bolívia;Janeiro;2026;4
Fluvial;Rio Grande do Sul;Bolívia;Janeiro;2026;6
Fluvial;Rio Grande do Sul;Bolívia;Janeiro;2026;1
Aérea;São Paulo;Botsuana;Janeiro;2026;7
Aérea;Amazonas;Bulgária;Janeiro;2026;2
Aérea;Pará;Bulgária;Janeiro;2026;1
Aérea;Ceará;Bulgária;Janeiro;2026;14
Aérea;Pernambuco;Bulgária;Janeiro;2026;2
Aérea;Rio de Janeiro;Bulgária;Janeiro;2026;100
Aérea;São Paulo;Bulgária;Janeiro;2026;1
Aérea;São Paulo;Bulgária;Janeiro;2026;148
Aérea;Santa Catarina;Bulgária;Janeiro;2026;10
Aérea;Distrito Federal;Bulgária;Janeiro;2026;3
Terrestre;Paraná;Bulgária;Janeiro;2026;4
Terrestre;Paraná;Bulgária;Janeiro;2026;78
Terrestre;Rio Grande do Sul;Bulgária;Janeiro;2026;1
Terrestre;Rio Grande do Sul;Bulgária;Janeiro;2026;2
Marítima;Pernambuco;Bulgária;Janeiro;2026;1
Marítima;Santa Catarina;Bulgária;Janeiro;2026;20
Marítima;Santa Catarina;Bulgária;Janeiro;2026;5
Aérea;Rio de Janeiro;Burkina Faso;Janeiro;2026;2
Aérea;São Paulo;Burkina Faso;Janeiro;2026;31
Aérea;São Paulo;Burundi;Janeiro;2026;1
Terrestre;Rio Grande do Sul;Butão;Janeiro;2026;1
Aérea;Amazonas;Bélgica;Janeiro;2026;11
Aérea;Pará;Bélgica;Janeiro;2026;12
Aérea;Ceará;Bélgica;Janeiro;2026;112
Aérea;Rio Grande do Norte;Bélgica;Janeiro;2026;20
Aérea;Pernambuco;Bélgica;Janeiro;2026;1
Aérea;Pernambuco;Bélgica;Janeiro;2026;30
Aérea;Alagoas;Bélgica;Janeiro;2026;6
Aérea;Bahia;Bélgica;Janeiro;2026;1
Aérea;Bahia;Bélgica;Janeiro;2026;114
Aérea;Minas Gerais;Bélgica;Janeiro;2026;28
Aérea;Rio de Janeiro;Bélgica;Janeiro;2026;614
Aérea;São Paulo;Bélgica;Janeiro;2026;18
Aérea;São Paulo;Bélgica;Janeiro;2026;1085
Aérea;Paraná;Bélgica;Janeiro;2026;3
Aérea;Paraná;Bélgica;Janeiro;2026;5
Aérea;Santa Catarina;Bélgica;Janeiro;2026;42
Aérea;Rio Grande do Sul;Bélgica;Janeiro;2026;12
Aérea;Distrito Federal;Bélgica;Janeiro;2026;25
Terrestre;Rondônia;Bélgica;Janeiro;2026;2
Terrestre;Amazonas;Bélgica;Janeiro;2026;7
Terrestre;Roraima;Bélgica;Janeiro;2026;2
Terrestre;Amapá;Bélgica;Janeiro;2026;5
Terrestre;Paraná;Bélgica;Janeiro;2026;15
Terrestre;Paraná;Bélgica;Janeiro;2026;184
Terrestre;Rio Grande do Sul;Bélgica;Janeiro;2026;3
Terrestre;Rio Grande do Sul;Bélgica;Janeiro;2026;1
Terrestre;Rio Grande do Sul;Bélgica;Janeiro;2026;2
Terrestre;Mato Grosso do Sul;Bélgica;Janeiro;2026;2
Terrestre;Mato Grosso do Sul;Bélgica;Janeiro;2026;1
Marítima;Ceará;Bélgica;Janeiro;2026;3
Marítima;Rio de Janeiro;Bélgica;Janeiro;2026;3
Marítima;Santa Catarina;Bélgica;Janeiro;2026;6
Marítima;Santa Catarina;Bélgica;Janeiro;2026;16
Fluvial;Pará;Bélgica;Janeiro;2026;12
Fluvial;Amapá;Bélgica;Janeiro;2026;2
Fluvial;Amapá;Bélgica;Janeiro;2026;1
Fluvial;Rio Grande do Sul;Bélgica;Janeiro;2026;3
Aérea;Ceará;Bósnia-Herzegovina;Janeiro;2026;3
Aérea;Rio de Janeiro;Bósnia-Herzegovina;Janeiro;2026;20
Aérea;São Paulo;Bósnia-Herzegovina;Janeiro;2026;10
Aérea;Santa Catarina;Bósnia-Herzegovina;Janeiro;2026;1
Aérea;Distrito Federal;Bósnia-Herzegovina;Janeiro;2026;1
Terrestre;Paraná;Bósnia-Herzegovina;Janeiro;2026;2
Aérea;Ceará;Cabo Verde;Janeiro;2026;8
Aérea;Pernambuco;Cabo Verde;Janeiro;2026;2
Aérea;Bahia;Cabo Verde;Janeiro;2026;3
Aérea;Minas Gerais;Cabo Verde;Janeiro;2026;1
Aérea;Rio de Janeiro;Cabo Verde;Janeiro;2026;4
Aérea;São Paulo;Cabo Verde;Janeiro;2026;3
Aérea;São Paulo;Cabo Verde;Janeiro;2026;24
Aérea;Santa Catarina;Cabo Verde;Janeiro;2026;3
Aérea;Bahia;Camarões;Janeiro;2026;5
Aérea;Rio de Janeiro;Camarões;Janeiro;2026;1
Aérea;São Paulo;Camarões;Janeiro;2026;74
Aérea;Distrito Federal;Camarões;Janeiro;2026;1
Terrestre;Paraná;Camarões;Janeiro;2026;1
Aérea;São Paulo;Camboja;Janeiro;2026;2
Aérea;Amazonas;Canadá;Janeiro;2026;41
Aérea;Pará;Canadá;Janeiro;2026;13
Aérea;Amapá;Canadá;Janeiro;2026;2
Aérea;Ceará;Canadá;Janeiro;2026;7
Aérea;Rio Grande do Norte;Canadá;Janeiro;2026;1
Aérea;Pernambuco;Canadá;Janeiro;2026;14
Aérea;Alagoas;Canadá;Janeiro;2026;2
Aérea;Bahia;Canadá;Janeiro;2026;26
Aérea;Minas Gerais;Canadá;Janeiro;2026;10
Aérea;Rio de Janeiro;Canadá;Janeiro;2026;3759
Aérea;São Paulo;Canadá;Janeiro;2026;6
Aérea;São Paulo;Canadá;Janeiro;2026;4529
Aérea;Paraná;Canadá;Janeiro;2026;2
Aérea;Santa Catarina;Canadá;Janeiro;2026;59
Aérea;Rio Grande do Sul;Canadá;Janeiro;2026;18
Aérea;Distrito Federal;Canadá;Janeiro;2026;35
Terrestre;Acre;Canadá;Janeiro;2026;1
Terrestre;Amazonas;Canadá;Janeiro;2026;2
Terrestre;Roraima;Canadá;Janeiro;2026;4
Terrestre;Paraná;Canadá;Janeiro;2026;31
Terrestre;Paraná;Canadá;Janeiro;2026;579
Terrestre;Santa Catarina;Canadá;Janeiro;2026;1
Terrestre;Rio Grande do Sul;Canadá;Janeiro;2026;10
Terrestre;Rio Grande do Sul;Canadá;Janeiro;2026;1
Terrestre;Rio Grande do Sul;Canadá;Janeiro;2026;4
Terrestre;Rio Grande do Sul;Canadá;Janeiro;2026;2
Terrestre;Mato Grosso do Sul;Canadá;Janeiro;2026;1
Marítima;Pernambuco;Canadá;Janeiro;2026;2
Marítima;Rio de Janeiro;Canadá;Janeiro;2026;9
Marítima;São Paulo;Canadá;Janeiro;2026;12
Marítima;São Paulo;Canadá;Janeiro;2026;1
Marítima;Santa Catarina;Canadá;Janeiro;2026;14
Marítima;Santa Catarina;Canadá;Janeiro;2026;186
Fluvial;Pará;Canadá;Janeiro;2026;425
Fluvial;Amapá;Canadá;Janeiro;2026;94
Fluvial;Rio Grande do Sul;Canadá;Janeiro;2026;4
Aérea;Amazonas;Casaquistão;Janeiro;2026;1
Aérea;Pernambuco;Casaquistão;Janeiro;2026;1
Aérea;Rio de Janeiro;Casaquistão;Janeiro;2026;23
Aérea;São Paulo;Casaquistão;Janeiro;2026;77
Terrestre;Paraná;Casaquistão;Janeiro;2026;2
Terrestre;Paraná;Casaquistão;Janeiro;2026;7
Marítima;Santa Catarina;Casaquistão;Janeiro;2026;2
Marítima;Santa Catarina;Casaquistão;Janeiro;2026;10
Aérea;São Paulo;Catar;Janeiro;2026;65
Terrestre;Paraná;Catar;Janeiro;2026;2
Aérea;Amazonas;Chile;Janeiro;2026;1
Aérea;Pará;Chile;Janeiro;2026;3
Aérea;Ceará;Chile;Janeiro;2026;270
Aérea;Rio Grande do Norte;Chile;Janeiro;2026;9
Aérea;Pernambuco;Chile;Janeiro;2026;593
Aérea;Bahia;Chile;Janeiro;2026;1
Aérea;Bahia;Chile;Janeiro;2026;858
Aérea;Minas Gerais;Chile;Janeiro;2026;144
Aérea;Rio de Janeiro;Chile;Janeiro;2026;2
Aérea;Rio de Janeiro;Chile;Janeiro;2026;50534
Aérea;São Paulo;Chile;Janeiro;2026;9
Aérea;São Paulo;Chile;Janeiro;2026;13670
Aérea;Paraná;Chile;Janeiro;2026;1634
Aérea;Paraná;Chile;Janeiro;2026;348
Aérea;Santa Catarina;Chile;Janeiro;2026;40361
Aérea;Rio Grande do Sul;Chile;Janeiro;2026;896
Aérea;Mato Grosso do Sul;Chile;Janeiro;2026;3
Aérea;Distrito Federal;Chile;Janeiro;2026;340
Terrestre;Acre;Chile;Janeiro;2026;13
Terrestre;Acre;Chile;Janeiro;2026;3
Terrestre;Amazonas;Chile;Janeiro;2026;4
Terrestre;Roraima;Chile;Janeiro;2026;9
Terrestre;Paraná;Chile;Janeiro;2026;1
Terrestre;Paraná;Chile;Janeiro;2026;366
Terrestre;Paraná;Chile;Janeiro;2026;1290
Terrestre;Paraná;Chile;Janeiro;2026;1
Terrestre;Paraná;Chile;Janeiro;2026;6
Terrestre;Santa Catarina;Chile;Janeiro;2026;14
Terrestre;Santa Catarina;Chile;Janeiro;2026;13
Terrestre;Rio Grande do Sul;Chile;Janeiro;2026;2
Terrestre;Rio Grande do Sul;Chile;Janeiro;2026;82
Terrestre;Rio Grande do Sul;Chile;Janeiro;2026;28
Terrestre;Rio Grande do Sul;Chile;Janeiro;2026;10
Terrestre;Rio Grande do Sul;Chile;Janeiro;2026;43
Terrestre;Rio Grande do Sul;Chile;Janeiro;2026;53
Terrestre;Rio Grande do Sul;Chile;Janeiro;2026;456
Terrestre;Mato Grosso do Sul;Chile;Janeiro;2026;52
Terrestre;Mato Grosso do Sul;Chile;Janeiro;2026;1
Marítima;Rio de Janeiro;Chile;Janeiro;2026;182
Marítima;São Paulo;Chile;Janeiro;2026;59
Marítima;Santa Catarina;Chile;Janeiro;2026;145
Marítima;Santa Catarina;Chile;Janeiro;2026;152
Fluvial;Pará;Chile;Janeiro;2026;5
Fluvial;Santa Catarina;Chile;Janeiro;2026;1
Fluvial;Rio Grande do Sul;Chile;Janeiro;2026;5
Fluvial;Rio Grande do Sul;Chile;Janeiro;2026;1
Aérea;Amazonas;China;Janeiro;2026;11
Aérea;Pará;China;Janeiro;2026;9
Aérea;Ceará;China;Janeiro;2026;14
Aérea;Pernambuco;China;Janeiro;2026;4
Aérea;Alagoas;China;Janeiro;2026;2
Aérea;Bahia;China;Janeiro;2026;55
Aérea;Minas Gerais;China;Janeiro;2026;7
Aérea;Rio de Janeiro;China;Janeiro;2026;794
Aérea;São Paulo;China;Janeiro;2026;19
Aérea;São Paulo;China;Janeiro;2026;6454
Aérea;Paraná;China;Janeiro;2026;7
Aérea;Paraná;China;Janeiro;2026;3
Aérea;Santa Catarina;China;Janeiro;2026;19
Aérea;Rio Grande do Sul;China;Janeiro;2026;2
Aérea;Rio Grande do Sul;China;Janeiro;2026;20
Aérea;Distrito Federal;China;Janeiro;2026;11
Terrestre;Amazonas;China;Janeiro;2026;2
Terrestre;Roraima;China;Janeiro;2026;8
Terrestre;Roraima;China;Janeiro;2026;4
Terrestre;Paraná;China;Janeiro;2026;90
Terrestre;Paraná;China;Janeiro;2026;1126
Terrestre;Santa Catarina;China;Janeiro;2026;3
Terrestre;Rio Grande do Sul;China;Janeiro;2026;1
Terrestre;Rio Grande do Sul;China;Janeiro;2026;4
Terrestre;Rio Grande do Sul;China;Janeiro;2026;6
Terrestre;Mato Grosso do Sul;China;Janeiro;2026;5
Marítima;Rio de Janeiro;China;Janeiro;2026;1
Marítima;Rio de Janeiro;China;Janeiro;2026;11
Marítima;São Paulo;China;Janeiro;2026;3
Marítima;Santa Catarina;China;Janeiro;2026;3
Marítima;Santa Catarina;China;Janeiro;2026;4
Fluvial;Pará;China;Janeiro;2026;21
Fluvial;Pará;China;Janeiro;2026;15
Fluvial;Amapá;China;Janeiro;2026;2
Fluvial;Amapá;China;Janeiro;2026;1
Fluvial;Rio Grande do Sul;China;Janeiro;2026;4
Aérea;Amazonas;China, Hong Kong;Janeiro;2026;1
Aérea;Pará;China, Hong Kong;Janeiro;2026;1
Aérea;Ceará;China, Hong Kong;Janeiro;2026;2
Aérea;Pernambuco;China, Hong Kong;Janeiro;2026;2
Aérea;Rio de Janeiro;China, Hong Kong;Janeiro;2026;54
Aérea;São Paulo;China, Hong Kong;Janeiro;2026;6
Aérea;São Paulo;China, Hong Kong;Janeiro;2026;193
Aérea;Santa Catarina;China, Hong Kong;Janeiro;2026;2
Terrestre;Paraná;China, Hong Kong;Janeiro;2026;76
Marítima;Santa Catarina;China, Hong Kong;Janeiro;2026;1
Fluvial;Pará;China, Hong Kong;Janeiro;2026;5
Aérea;Minas Gerais;China, Macao;Janeiro;2026;2
Aérea;Rio de Janeiro;China, Macao;Janeiro;2026;7
Aérea;São Paulo;China, Macao;Janeiro;2026;11
Terrestre;Paraná;China, Macao;Janeiro;2026;3
Aérea;Rio de Janeiro;Chipre;Janeiro;2026;17
Aérea;São Paulo;Chipre;Janeiro;2026;2
Aérea;São Paulo;Chipre;Janeiro;2026;23
Aérea;Santa Catarina;Chipre;Janeiro;2026;1
Terrestre;Paraná;Chipre;Janeiro;2026;11
Marítima;Santa Catarina;Chipre;Janeiro;2026;1
Aérea;Ceará;Cingapura;Janeiro;2026;1
Aérea;Bahia;Cingapura;Janeiro;2026;3
Aérea;Rio de Janeiro;Cingapura;Janeiro;2026;86
Aérea;São Paulo;Cingapura;Janeiro;2026;1
Aérea;São Paulo;Cingapura;Janeiro;2026;218
Aérea;Santa Catarina;Cingapura;Janeiro;2026;2
Terrestre;Paraná;Cingapura;Janeiro;2026;2
Terrestre;Paraná;Cingapura;Janeiro;2026;102
Aérea;Amazonas;Colômbia;Janeiro;2026;163
Aérea;Pará;Colômbia;Janeiro;2026;234
Aérea;Ceará;Colômbia;Janeiro;2026;8
Aérea;Rio Grande do Norte;Colômbia;Janeiro;2026;2
Aérea;Pernambuco;Colômbia;Janeiro;2026;9
Aérea;Alagoas;Colômbia;Janeiro;2026;6
Aérea;Bahia;Colômbia;Janeiro;2026;80
Aérea;Minas Gerais;Colômbia;Janeiro;2026;85
Aérea;Rio de Janeiro;Colômbia;Janeiro;2026;5674
Aérea;São Paulo;Colômbia;Janeiro;2026;22
Aérea;São Paulo;Colômbia;Janeiro;2026;5282
Aérea;Paraná;Colômbia;Janeiro;2026;38
Aérea;Paraná;Colômbia;Janeiro;2026;66
Aérea;Santa Catarina;Colômbia;Janeiro;2026;377
Aérea;Rio Grande do Sul;Colômbia;Janeiro;2026;102
Aérea;Distrito Federal;Colômbia;Janeiro;2026;379
Terrestre;Rondônia;Colômbia;Janeiro;2026;5
Terrestre;Acre;Colômbia;Janeiro;2026;15
Terrestre;Acre;Colômbia;Janeiro;2026;6
Terrestre;Amazonas;Colômbia;Janeiro;2026;387
Terrestre;Roraima;Colômbia;Janeiro;2026;4
Terrestre;Roraima;Colômbia;Janeiro;2026;34
Terrestre;Amapá;Colômbia;Janeiro;2026;5
Terrestre;Paraná;Colômbia;Janeiro;2026;141
Terrestre;Paraná;Colômbia;Janeiro;2026;1112
Terrestre;Paraná;Colômbia;Janeiro;2026;3
Terrestre;Santa Catarina;Colômbia;Janeiro;2026;24
Terrestre;Rio Grande do Sul;Colômbia;Janeiro;2026;58
Terrestre;Rio Grande do Sul;Colômbia;Janeiro;2026;37
Terrestre;Rio Grande do Sul;Colômbia;Janeiro;2026;1
Terrestre;Rio Grande do Sul;Colômbia;Janeiro;2026;44
Terrestre;Rio Grande do Sul;Colômbia;Janeiro;2026;24
Terrestre;Rio Grande do Sul;Colômbia;Janeiro;2026;82
Terrestre;Mato Grosso do Sul;Colômbia;Janeiro;2026;34
Terrestre;Mato Grosso do Sul;Colômbia;Janeiro;2026;1
Terrestre;Mato Grosso;Colômbia;Janeiro;2026;1
Marítima;Rio de Janeiro;Colômbia;Janeiro;2026;44
Marítima;São Paulo;Colômbia;Janeiro;2026;3
Marítima;Santa Catarina;Colômbia;Janeiro;2026;27
Marítima;Santa Catarina;Colômbia;Janeiro;2026;43
Fluvial;Amazonas;Colômbia;Janeiro;2026;1
Fluvial;Pará;Colômbia;Janeiro;2026;1
Fluvial;Amapá;Colômbia;Janeiro;2026;1
Fluvial;Rio Grande do Sul;Colômbia;Janeiro;2026;12
Fluvial;Rio Grande do Sul;Colômbia;Janeiro;2026;9
Aérea;São Paulo;Congo;Janeiro;2026;116
Aérea;Amazonas;Costa Rica;Janeiro;2026;9
Aérea;Bahia;Costa Rica;Janeiro;2026;5
Aérea;Minas Gerais;Costa Rica;Janeiro;2026;4
Aérea;Rio de Janeiro;Costa Rica;Janeiro;2026;1098
Aérea;São Paulo;Costa Rica;Janeiro;2026;2
Aérea;São Paulo;Costa Rica;Janeiro;2026;679
Aérea;São Paulo;Costa Rica;Janeiro;2026;1
Aérea;Paraná;Costa Rica;Janeiro;2026;1
Aérea;Paraná;Costa Rica;Janeiro;2026;6
Aérea;Santa Catarina;Costa Rica;Janeiro;2026;22
Aérea;Rio Grande do Sul;Costa Rica;Janeiro;2026;26
Aérea;Distrito Federal;Costa Rica;Janeiro;2026;10
Terrestre;Roraima;Costa Rica;Janeiro;2026;3
Terrestre;Paraná;Costa Rica;Janeiro;2026;35
Terrestre;Paraná;Costa Rica;Janeiro;2026;223
Terrestre;Santa Catarina;Costa Rica;Janeiro;2026;1
Terrestre;Santa Catarina;Costa Rica;Janeiro;2026;1
Terrestre;Rio Grande do Sul;Costa Rica;Janeiro;2026;1
Terrestre;Rio Grande do Sul;Costa Rica;Janeiro;2026;3
Terrestre;Rio Grande do Sul;Costa Rica;Janeiro;2026;1
Terrestre;Rio Grande do Sul;Costa Rica;Janeiro;2026;1
Terrestre;Rio Grande do Sul;Costa Rica;Janeiro;2026;3
Marítima;Rio de Janeiro;Costa Rica;Janeiro;2026;10
Marítima;Santa Catarina;Costa Rica;Janeiro;2026;29
Aérea;Bahia;Costa do Marfim;Janeiro;2026;1
Aérea;Rio de Janeiro;Costa do Marfim;Janeiro;2026;4
Aérea;São Paulo;Costa do Marfim;Janeiro;2026;5
Terrestre;Paraná;Costa do Marfim;Janeiro;2026;1
Aérea;Amazonas;Croácia;Janeiro;2026;1
Aérea;Pará;Croácia;Janeiro;2026;1
Aérea;Ceará;Croácia;Janeiro;2026;11
Aérea;Pernambuco;Croácia;Janeiro;2026;5
Aérea;Bahia;Croácia;Janeiro;2026;5
Aérea;Minas Gerais;Croácia;Janeiro;2026;2
Aérea;Rio de Janeiro;Croácia;Janeiro;2026;128
Aérea;São Paulo;Croácia;Janeiro;2026;2
Aérea;São Paulo;Croácia;Janeiro;2026;483
Aérea;Santa Catarina;Croácia;Janeiro;2026;4
Aérea;Rio Grande do Sul;Croácia;Janeiro;2026;1
Aérea;Distrito Federal;Croácia;Janeiro;2026;4
Terrestre;Amazonas;Croácia;Janeiro;2026;3
Terrestre;Paraná;Croácia;Janeiro;2026;8
Terrestre;Paraná;Croácia;Janeiro;2026;20
Terrestre;Rio Grande do Sul;Croácia;Janeiro;2026;1
Terrestre;Mato Grosso do Sul;Croácia;Janeiro;2026;1
Marítima;Rio de Janeiro;Croácia;Janeiro;2026;1
Marítima;Rio de Janeiro;Croácia;Janeiro;2026;8
Marítima;São Paulo;Croácia;Janeiro;2026;4
Marítima;Santa Catarina;Croácia;Janeiro;2026;1
Fluvial;Pará;Croácia;Janeiro;2026;1
Aérea;Amazonas;Cuba;Janeiro;2026;2
Aérea;Pará;Cuba;Janeiro;2026;4
Aérea;Ceará;Cuba;Janeiro;2026;7
Aérea;Rio Grande do Norte;Cuba;Janeiro;2026;2
Aérea;Bahia;Cuba;Janeiro;2026;3
Aérea;Minas Gerais;Cuba;Janeiro;2026;5
Aérea;Rio de Janeiro;Cuba;Janeiro;2026;57
Aérea;São Paulo;Cuba;Janeiro;2026;136
Aérea;Paraná;Cuba;Janeiro;2026;3
Aérea;Santa Catarina;Cuba;Janeiro;2026;28
Aérea;Rio Grande do Sul;Cuba;Janeiro;2026;13
Aérea;Distrito Federal;Cuba;Janeiro;2026;22
Terrestre;Roraima;Cuba;Janeiro;2026;3
Terrestre;Roraima;Cuba;Janeiro;2026;1
Terrestre;Paraná;Cuba;Janeiro;2026;5
Terrestre;Rio Grande do Sul;Cuba;Janeiro;2026;23
Terrestre;Rio Grande do Sul;Cuba;Janeiro;2026;10
Terrestre;Rio Grande do Sul;Cuba;Janeiro;2026;13
Terrestre;Rio Grande do Sul;Cuba;Janeiro;2026;5
Terrestre;Mato Grosso do Sul;Cuba;Janeiro;2026;13
Marítima;Rio de Janeiro;Cuba;Janeiro;2026;1
Marítima;Santa Catarina;Cuba;Janeiro;2026;1
Marítima;Rio Grande do Sul;Cuba;Janeiro;2026;1
Aérea;Amazonas;Dinamarca;Janeiro;2026;10
Aérea;Pará;Dinamarca;Janeiro;2026;6
Aérea;Ceará;Dinamarca;Janeiro;2026;38
Aérea;Rio Grande do Norte;Dinamarca;Janeiro;2026;10
Aérea;Pernambuco;Dinamarca;Janeiro;2026;12
Aérea;Bahia;Dinamarca;Janeiro;2026;61
Aérea;Minas Gerais;Dinamarca;Janeiro;2026;3
Aérea;Rio de Janeiro;Dinamarca;Janeiro;2026;621
Aérea;São Paulo;Dinamarca;Janeiro;2026;24
Aérea;São Paulo;Dinamarca;Janeiro;2026;546
Aérea;Paraná;Dinamarca;Janeiro;2026;2
Aérea;Paraná;Dinamarca;Janeiro;2026;2
Aérea;Santa Catarina;Dinamarca;Janeiro;2026;16
Aérea;Rio Grande do Sul;Dinamarca;Janeiro;2026;6
Aérea;Distrito Federal;Dinamarca;Janeiro;2026;5
Terrestre;Acre;Dinamarca;Janeiro;2026;1
Terrestre;Amazonas;Dinamarca;Janeiro;2026;1
Terrestre;Roraima;Dinamarca;Janeiro;2026;2
Terrestre;Paraná;Dinamarca;Janeiro;2026;10
Terrestre;Paraná;Dinamarca;Janeiro;2026;206
Terrestre;Rio Grande do Sul;Dinamarca;Janeiro;2026;5
Terrestre;Rio Grande do Sul;Dinamarca;Janeiro;2026;1
Terrestre;Rio Grande do Sul;Dinamarca;Janeiro;2026;2
Terrestre;Rio Grande do Sul;Dinamarca;Janeiro;2026;1
Terrestre;Mato Grosso do Sul;Dinamarca;Janeiro;2026;1
Marítima;Ceará;Dinamarca;Janeiro;2026;1
Marítima;Pernambuco;Dinamarca;Janeiro;2026;2
Marítima;Santa Catarina;Dinamarca;Janeiro;2026;1
Fluvial;Pará;Dinamarca;Janeiro;2026;6
Aérea;Rio de Janeiro;Dominica;Janeiro;2026;1
Aérea;São Paulo;Dominica;Janeiro;2026;12
Aérea;Distrito Federal;Dominica;Janeiro;2026;1
Terrestre;Paraná;Dominica;Janeiro;2026;1
Marítima;Rio de Janeiro;Dominica;Janeiro;2026;2
Aérea;Rio de Janeiro;Egito;Janeiro;2026;66
Aérea;São Paulo;Egito;Janeiro;2026;107
Terrestre;Roraima;Egito;Janeiro;2026;1
Marítima;Santa Catarina;Egito;Janeiro;2026;1
Marítima;Santa Catarina;Egito;Janeiro;2026;1
Aérea;Amazonas;El Salvador;Janeiro;2026;1
Aérea;Pará;El Salvador;Janeiro;2026;3
Aérea;Ceará;El Salvador;Janeiro;2026;1
Aérea;Bahia;El Salvador;Janeiro;2026;3
Aérea;Minas Gerais;El Salvador;Janeiro;2026;4
Aérea;Rio de Janeiro;El Salvador;Janeiro;2026;63
Aérea;São Paulo;El Salvador;Janeiro;2026;1
Aérea;São Paulo;El Salvador;Janeiro;2026;232
Aérea;Paraná;El Salvador;Janeiro;2026;3
Aérea;Santa Catarina;El Salvador;Janeiro;2026;16
Aérea;Rio Grande do Sul;El Salvador;Janeiro;2026;1
Aérea;Distrito Federal;El Salvador;Janeiro;2026;6
Terrestre;Paraná;El Salvador;Janeiro;2026;2
Terrestre;Santa Catarina;El Salvador;Janeiro;2026;1
Terrestre;Rio Grande do Sul;El Salvador;Janeiro;2026;3
Terrestre;Mato Grosso do Sul;El Salvador;Janeiro;2026;1
Marítima;Rio de Janeiro;El Salvador;Janeiro;2026;2
Aérea;Rio de Janeiro;Emirados Árabes Unidos;Janeiro;2026;27
Aérea;São Paulo;Emirados Árabes Unidos;Janeiro;2026;120
Aérea;Santa Catarina;Emirados Árabes Unidos;Janeiro;2026;1
Aérea;Amazonas;Equador;Janeiro;2026;10
Aérea;Pará;Equador;Janeiro;2026;12
Aérea;Rio Grande do Norte;Equador;Janeiro;2026;1
Aérea;Pernambuco;Equador;Janeiro;2026;2
Aérea;Alagoas;Equador;Janeiro;2026;3
Aérea;Bahia;Equador;Janeiro;2026;8
Aérea;Minas Gerais;Equador;Janeiro;2026;27
Aérea;Rio de Janeiro;Equador;Janeiro;2026;892
Aérea;São Paulo;Equador;Janeiro;2026;2
Aérea;São Paulo;Equador;Janeiro;2026;1217
Aérea;Paraná;Equador;Janeiro;2026;9
Aérea;Paraná;Equador;Janeiro;2026;31
Aérea;Santa Catarina;Equador;Janeiro;2026;104
Aérea;Rio Grande do Sul;Equador;Janeiro;2026;76
Aérea;Distrito Federal;Equador;Janeiro;2026;74
Terrestre;Acre;Equador;Janeiro;2026;14
Terrestre;Roraima;Equador;Janeiro;2026;1
Terrestre;Roraima;Equador;Janeiro;2026;7
Terrestre;Paraná;Equador;Janeiro;2026;39
Terrestre;Paraná;Equador;Janeiro;2026;91
Terrestre;Paraná;Equador;Janeiro;2026;2
Terrestre;Paraná;Equador;Janeiro;2026;2
Terrestre;Santa Catarina;Equador;Janeiro;2026;1
Terrestre;Rio Grande do Sul;Equador;Janeiro;2026;6
Terrestre;Rio Grande do Sul;Equador;Janeiro;2026;2
Terrestre;Rio Grande do Sul;Equador;Janeiro;2026;4
Terrestre;Rio Grande do Sul;Equador;Janeiro;2026;1
Terrestre;Rio Grande do Sul;Equador;Janeiro;2026;9
Terrestre;Mato Grosso do Sul;Equador;Janeiro;2026;13
Terrestre;Mato Grosso do Sul;Equador;Janeiro;2026;3
Terrestre;Mato Grosso;Equador;Janeiro;2026;1
Marítima;Rio de Janeiro;Equador;Janeiro;2026;15
Marítima;Santa Catarina;Equador;Janeiro;2026;5
Marítima;Santa Catarina;Equador;Janeiro;2026;19
Fluvial;Rio Grande do Sul;Equador;Janeiro;2026;1
Aérea;São Paulo;Eritréia;Janeiro;2026;2
Aérea;Pará;Eslováquia;Janeiro;2026;2
Aérea;Ceará;Eslováquia;Janeiro;2026;7
Aérea;Pernambuco;Eslováquia;Janeiro;2026;5
Aérea;Bahia;Eslováquia;Janeiro;2026;72
Aérea;Minas Gerais;Eslováquia;Janeiro;2026;1
Aérea;Rio de Janeiro;Eslováquia;Janeiro;2026;112
Aérea;São Paulo;Eslováquia;Janeiro;2026;7
Aérea;São Paulo;Eslováquia;Janeiro;2026;112
Aérea;Paraná;Eslováquia;Janeiro;2026;1
Aérea;Santa Catarina;Eslováquia;Janeiro;2026;9
Aérea;Rio Grande do Sul;Eslováquia;Janeiro;2026;3
Aérea;Distrito Federal;Eslováquia;Janeiro;2026;2
Terrestre;Amapá;Eslováquia;Janeiro;2026;1
Terrestre;Paraná;Eslováquia;Janeiro;2026;41
Terrestre;Paraná;Eslováquia;Janeiro;2026;84
Terrestre;Rio Grande do Sul;Eslováquia;Janeiro;2026;1
Fluvial;Pará;Eslováquia;Janeiro;2026;2
Aérea;Pará;Eslovênia;Janeiro;2026;1
Aérea;Ceará;Eslovênia;Janeiro;2026;27
Aérea;Pernambuco;Eslovênia;Janeiro;2026;4
Aérea;Alagoas;Eslovênia;Janeiro;2026;10
Aérea;Bahia;Eslovênia;Janeiro;2026;14
Aérea;Minas Gerais;Eslovênia;Janeiro;2026;2
Aérea;Rio de Janeiro;Eslovênia;Janeiro;2026;34
Aérea;São Paulo;Eslovênia;Janeiro;2026;6
Aérea;São Paulo;Eslovênia;Janeiro;2026;89
Aérea;Paraná;Eslovênia;Janeiro;2026;1
Aérea;Santa Catarina;Eslovênia;Janeiro;2026;1
Aérea;Rio Grande do Sul;Eslovênia;Janeiro;2026;1
Aérea;Distrito Federal;Eslovênia;Janeiro;2026;1
Terrestre;Paraná;Eslovênia;Janeiro;2026;1
Terrestre;Paraná;Eslovênia;Janeiro;2026;2
Marítima;Pernambuco;Eslovênia;Janeiro;2026;1
Marítima;Rio de Janeiro;Eslovênia;Janeiro;2026;27
Aérea;Amazonas;Espanha;Janeiro;2026;19
Aérea;Pará;Espanha;Janeiro;2026;37
Aérea;Ceará;Espanha;Janeiro;2026;315
Aérea;Rio Grande do Norte;Espanha;Janeiro;2026;133
Aérea;Pernambuco;Espanha;Janeiro;2026;9
Aérea;Pernambuco;Espanha;Janeiro;2026;473
Aérea;Alagoas;Espanha;Janeiro;2026;25
Aérea;Bahia;Espanha;Janeiro;2026;10
Aérea;Bahia;Espanha;Janeiro;2026;523
Aérea;Minas Gerais;Espanha;Janeiro;2026;43
Aérea;Rio de Janeiro;Espanha;Janeiro;2026;2
Aérea;Rio de Janeiro;Espanha;Janeiro;2026;2175
Aérea;São Paulo;Espanha;Janeiro;2026;246
Aérea;São Paulo;Espanha;Janeiro;2026;5763
Aérea;Paraná;Espanha;Janeiro;2026;13
Aérea;Paraná;Espanha;Janeiro;2026;22
Aérea;Santa Catarina;Espanha;Janeiro;2026;221
Aérea;Rio Grande do Sul;Espanha;Janeiro;2026;45
Aérea;Distrito Federal;Espanha;Janeiro;2026;150
Terrestre;Rondônia;Espanha;Janeiro;2026;4
Terrestre;Acre;Espanha;Janeiro;2026;4
Terrestre;Amazonas;Espanha;Janeiro;2026;13
Terrestre;Roraima;Espanha;Janeiro;2026;4
Terrestre;Roraima;Espanha;Janeiro;2026;6
Terrestre;Amapá;Espanha;Janeiro;2026;3
Terrestre;Paraná;Espanha;Janeiro;2026;577
Terrestre;Paraná;Espanha;Janeiro;2026;950
Terrestre;Paraná;Espanha;Janeiro;2026;5
Terrestre;Paraná;Espanha;Janeiro;2026;10
Terrestre;Santa Catarina;Espanha;Janeiro;2026;5
Terrestre;Santa Catarina;Espanha;Janeiro;2026;4
Terrestre;Rio Grande do Sul;Espanha;Janeiro;2026;34
Terrestre;Rio Grande do Sul;Espanha;Janeiro;2026;30
Terrestre;Rio Grande do Sul;Espanha;Janeiro;2026;4
Terrestre;Rio Grande do Sul;Espanha;Janeiro;2026;29
Terrestre;Rio Grande do Sul;Espanha;Janeiro;2026;14
Terrestre;Rio Grande do Sul;Espanha;Janeiro;2026;42
Terrestre;Mato Grosso do Sul;Espanha;Janeiro;2026;28
Terrestre;Mato Grosso do Sul;Espanha;Janeiro;2026;9
Terrestre;Mato Grosso;Espanha;Janeiro;2026;3
Marítima;Ceará;Espanha;Janeiro;2026;3
Marítima;Pernambuco;Espanha;Janeiro;2026;5
Marítima;Rio de Janeiro;Espanha;Janeiro;2026;28
Marítima;São Paulo;Espanha;Janeiro;2026;5
Marítima;São Paulo;Espanha;Janeiro;2026;1
Marítima;Santa Catarina;Espanha;Janeiro;2026;38
Marítima;Santa Catarina;Espanha;Janeiro;2026;24
Fluvial;Pará;Espanha;Janeiro;2026;13
Fluvial;Amapá;Espanha;Janeiro;2026;1
Fluvial;Rio Grande do Sul;Espanha;Janeiro;2026;5
Fluvial;Rio Grande do Sul;Espanha;Janeiro;2026;2
Aérea;Amazonas;Estados Unidos;Janeiro;2026;964
Aérea;Roraima;Estados Unidos;Janeiro;2026;3
Aérea;Pará;Estados Unidos;Janeiro;2026;195
Aérea;Ceará;Estados Unidos;Janeiro;2026;138
Aérea;Rio Grande do Norte;Estados Unidos;Janeiro;2026;5
Aérea;Paraíba;Estados Unidos;Janeiro;2026;2
Aérea;Pernambuco;Estados Unidos;Janeiro;2026;73
Aérea;Alagoas;Estados Unidos;Janeiro;2026;2
Aérea;Bahia;Estados Unidos;Janeiro;2026;12
Aérea;Bahia;Estados Unidos;Janeiro;2026;342
Aérea;Minas Gerais;Estados Unidos;Janeiro;2026;461
Aérea;Rio de Janeiro;Estados Unidos;Janeiro;2026;2
Aérea;Rio de Janeiro;Estados Unidos;Janeiro;2026;17822
Aérea;São Paulo;Estados Unidos;Janeiro;2026;775
Aérea;São Paulo;Estados Unidos;Janeiro;2026;26855
Aérea;São Paulo;Estados Unidos;Janeiro;2026;2
Aérea;Paraná;Estados Unidos;Janeiro;2026;18
Aérea;Paraná;Estados Unidos;Janeiro;2026;49
Aérea;Santa Catarina;Estados Unidos;Janeiro;2026;412
Aérea;Rio Grande do Sul;Estados Unidos;Janeiro;2026;674
Aérea;Distrito Federal;Estados Unidos;Janeiro;2026;1824
Terrestre;Rondônia;Estados Unidos;Janeiro;2026;2
Terrestre;Acre;Estados Unidos;Janeiro;2026;1
Terrestre;Acre;Estados Unidos;Janeiro;2026;1
Terrestre;Amazonas;Estados Unidos;Janeiro;2026;24
Terrestre;Roraima;Estados Unidos;Janeiro;2026;6
Terrestre;Amapá;Estados Unidos;Janeiro;2026;1
Terrestre;Paraná;Estados Unidos;Janeiro;2026;1
Terrestre;Paraná;Estados Unidos;Janeiro;2026;169
Terrestre;Paraná;Estados Unidos;Janeiro;2026;3178
Terrestre;Paraná;Estados Unidos;Janeiro;2026;9
Terrestre;Santa Catarina;Estados Unidos;Janeiro;2026;3
Terrestre;Santa Catarina;Estados Unidos;Janeiro;2026;1
Terrestre;Rio Grande do Sul;Estados Unidos;Janeiro;2026;1
Terrestre;Rio Grande do Sul;Estados Unidos;Janeiro;2026;36
Terrestre;Rio Grande do Sul;Estados Unidos;Janeiro;2026;16
Terrestre;Rio Grande do Sul;Estados Unidos;Janeiro;2026;7
Terrestre;Rio Grande do Sul;Estados Unidos;Janeiro;2026;23
Terrestre;Rio Grande do Sul;Estados Unidos;Janeiro;2026;9
Terrestre;Rio Grande do Sul;Estados Unidos;Janeiro;2026;24
Terrestre;Mato Grosso do Sul;Estados Unidos;Janeiro;2026;9
Terrestre;Mato Grosso do Sul;Estados Unidos;Janeiro;2026;2
Marítima;Ceará;Estados Unidos;Janeiro;2026;2
Marítima;Rio Grande do Norte;Estados Unidos;Janeiro;2026;1
Marítima;Pernambuco;Estados Unidos;Janeiro;2026;2
Marítima;Pernambuco;Estados Unidos;Janeiro;2026;9
Marítima;Rio de Janeiro;Estados Unidos;Janeiro;2026;51
Marítima;São Paulo;Estados Unidos;Janeiro;2026;20
Marítima;Santa Catarina;Estados Unidos;Janeiro;2026;37
Marítima;Santa Catarina;Estados Unidos;Janeiro;2026;748
Fluvial;Pará;Estados Unidos;Janeiro;2026;1666
Fluvial;Amapá;Estados Unidos;Janeiro;2026;198
Fluvial;Amapá;Estados Unidos;Janeiro;2026;1
Fluvial;Rio Grande do Sul;Estados Unidos;Janeiro;2026;2
Fluvial;Rio Grande do Sul;Estados Unidos;Janeiro;2026;1
Aérea;Amazonas;Estônia;Janeiro;2026;1
Aérea;Pará;Estônia;Janeiro;2026;2
Aérea;Ceará;Estônia;Janeiro;2026;4
Aérea;Pernambuco;Estônia;Janeiro;2026;1
Aérea;Bahia;Estônia;Janeiro;2026;5
Aérea;Minas Gerais;Estônia;Janeiro;2026;1
Aérea;Rio de Janeiro;Estônia;Janeiro;2026;23
Aérea;São Paulo;Estônia;Janeiro;2026;117
Aérea;Santa Catarina;Estônia;Janeiro;2026;4
Aérea;Rio Grande do Sul;Estônia;Janeiro;2026;1
Terrestre;Paraná;Estônia;Janeiro;2026;1
Terrestre;Paraná;Estônia;Janeiro;2026;9
Terrestre;Rio Grande do Sul;Estônia;Janeiro;2026;1
Aérea;São Paulo;Etiópia;Janeiro;2026;36
Fluvial;Pará;Etiópia;Janeiro;2026;3
Aérea;Rio de Janeiro;Fiji;Janeiro;2026;1
Aérea;Pará;Filipinas;Janeiro;2026;1
Aérea;Ceará;Filipinas;Janeiro;2026;1
Aérea;Bahia;Filipinas;Janeiro;2026;3
Aérea;Rio de Janeiro;Filipinas;Janeiro;2026;90
Aérea;São Paulo;Filipinas;Janeiro;2026;1
Aérea;São Paulo;Filipinas;Janeiro;2026;320
Aérea;Santa Catarina;Filipinas;Janeiro;2026;1
Aérea;Rio Grande do Sul;Filipinas;Janeiro;2026;2
Aérea;Distrito Federal;Filipinas;Janeiro;2026;1
Terrestre;Paraná;Filipinas;Janeiro;2026;1
Terrestre;Paraná;Filipinas;Janeiro;2026;10
Terrestre;Paraná;Filipinas;Janeiro;2026;1
Terrestre;Rio Grande do Sul;Filipinas;Janeiro;2026;1
Terrestre;Rio Grande do Sul;Filipinas;Janeiro;2026;1
Terrestre;Mato Grosso do Sul;Filipinas;Janeiro;2026;1
Marítima;Ceará;Filipinas;Janeiro;2026;1
Marítima;Pernambuco;Filipinas;Janeiro;2026;2
Marítima;Rio de Janeiro;Filipinas;Janeiro;2026;56
Marítima;Rio de Janeiro;Filipinas;Janeiro;2026;1
Marítima;Santa Catarina;Filipinas;Janeiro;2026;16
Marítima;Santa Catarina;Filipinas;Janeiro;2026;36
Fluvial;Pará;Filipinas;Janeiro;2026;7
Aérea;Amazonas;Finlândia;Janeiro;2026;3
Aérea;Pará;Finlândia;Janeiro;2026;1
Aérea;Ceará;Finlândia;Janeiro;2026;24
Aérea;Rio Grande do Norte;Finlândia;Janeiro;2026;4
Aérea;Pernambuco;Finlândia;Janeiro;2026;4
Aérea;Bahia;Finlândia;Janeiro;2026;18
Aérea;Rio de Janeiro;Finlândia;Janeiro;2026;221
Aérea;São Paulo;Finlândia;Janeiro;2026;4
Aérea;São Paulo;Finlândia;Janeiro;2026;320
Aérea;Paraná;Finlândia;Janeiro;2026;4
Aérea;Santa Catarina;Finlândia;Janeiro;2026;17
Aérea;Rio Grande do Sul;Finlândia;Janeiro;2026;1
Aérea;Distrito Federal;Finlândia;Janeiro;2026;4
Terrestre;Amazonas;Finlândia;Janeiro;2026;2
Terrestre;Paraná;Finlândia;Janeiro;2026;7
Terrestre;Paraná;Finlândia;Janeiro;2026;32
Terrestre;Rio Grande do Sul;Finlândia;Janeiro;2026;7
Terrestre;Rio Grande do Sul;Finlândia;Janeiro;2026;1
Marítima;Rio de Janeiro;Finlândia;Janeiro;2026;3
Marítima;Santa Catarina;Finlândia;Janeiro;2026;1
Aérea;Amazonas;França;Janeiro;2026;65
Aérea;Pará;França;Janeiro;2026;641
Aérea;Ceará;França;Janeiro;2026;1105
Aérea;Rio Grande do Norte;França;Janeiro;2026;134
Aérea;Pernambuco;França;Janeiro;2026;1
Aérea;Pernambuco;França;Janeiro;2026;325
Aérea;Alagoas;França;Janeiro;2026;19
Aérea;Bahia;França;Janeiro;2026;2
Aérea;Bahia;França;Janeiro;2026;1754
Aérea;Minas Gerais;França;Janeiro;2026;73
Aérea;Rio de Janeiro;França;Janeiro;2026;6550
Aérea;São Paulo;França;Janeiro;2026;486
Aérea;São Paulo;França;Janeiro;2026;5935
Aérea;São Paulo;França;Janeiro;2026;2
Aérea;Paraná;França;Janeiro;2026;16
Aérea;Paraná;França;Janeiro;2026;13
Aérea;Santa Catarina;França;Janeiro;2026;144
Aérea;Santa Catarina;França;Janeiro;2026;4
Aérea;Rio Grande do Sul;França;Janeiro;2026;35
Aérea;Distrito Federal;França;Janeiro;2026;147
Terrestre;Rondônia;França;Janeiro;2026;8
Terrestre;Acre;França;Janeiro;2026;2
Terrestre;Acre;França;Janeiro;2026;1
Terrestre;Amazonas;França;Janeiro;2026;63
Terrestre;Roraima;França;Janeiro;2026;9
Terrestre;Roraima;França;Janeiro;2026;11
Terrestre;Amapá;França;Janeiro;2026;1129
Terrestre;Paraná;França;Janeiro;2026;90
Terrestre;Paraná;França;Janeiro;2026;1018
Terrestre;Paraná;França;Janeiro;2026;2
Terrestre;Santa Catarina;França;Janeiro;2026;2
Terrestre;Rio Grande do Sul;França;Janeiro;2026;53
Terrestre;Rio Grande do Sul;França;Janeiro;2026;4
Terrestre;Rio Grande do Sul;França;Janeiro;2026;6
Terrestre;Rio Grande do Sul;França;Janeiro;2026;4
Terrestre;Rio Grande do Sul;França;Janeiro;2026;21
Terrestre;Mato Grosso do Sul;França;Janeiro;2026;29
Terrestre;Mato Grosso do Sul;França;Janeiro;2026;6
Terrestre;Mato Grosso;França;Janeiro;2026;2
Marítima;Maranhão;França;Janeiro;2026;1
Marítima;Ceará;França;Janeiro;2026;2
Marítima;Paraíba;França;Janeiro;2026;3
Marítima;Pernambuco;França;Janeiro;2026;27
Marítima;Pernambuco;França;Janeiro;2026;3
Marítima;Bahia;França;Janeiro;2026;1
Marítima;Rio de Janeiro;França;Janeiro;2026;21
Marítima;São Paulo;França;Janeiro;2026;2
Marítima;Santa Catarina;França;Janeiro;2026;17
Marítima;Santa Catarina;França;Janeiro;2026;13
Fluvial;Pará;França;Janeiro;2026;123
Fluvial;Amapá;França;Janeiro;2026;2
Fluvial;Amapá;França;Janeiro;2026;206
Fluvial;Rio Grande do Sul;França;Janeiro;2026;5
Aérea;Rio de Janeiro;Gabão;Janeiro;2026;1
Aérea;São Paulo;Gabão;Janeiro;2026;1
Terrestre;Rondônia;Gabão;Janeiro;2026;1
Aérea;Rio de Janeiro;Gana;Janeiro;2026;1
Aérea;São Paulo;Gana;Janeiro;2026;141
Terrestre;Roraima;Gana;Janeiro;2026;3
Aérea;Pernambuco;Geórgia;Janeiro;2026;2
Aérea;Bahia;Geórgia;Janeiro;2026;2
Aérea;Rio de Janeiro;Geórgia;Janeiro;2026;42
Aérea;São Paulo;Geórgia;Janeiro;2026;1
Aérea;São Paulo;Geórgia;Janeiro;2026;14
Marítima;Santa Catarina;Geórgia;Janeiro;2026;6
Aérea;Rio de Janeiro;Granada;Janeiro;2026;2
Aérea;São Paulo;Granada;Janeiro;2026;3
Aérea;Distrito Federal;Granada;Janeiro;2026;1
Terrestre;Rio Grande do Sul;Granada;Janeiro;2026;1
Aérea;Amazonas;Grécia;Janeiro;2026;4
Aérea;Pará;Grécia;Janeiro;2026;3
Aérea;Ceará;Grécia;Janeiro;2026;9
Aérea;Rio Grande do Norte;Grécia;Janeiro;2026;3
Aérea;Pernambuco;Grécia;Janeiro;2026;11
Aérea;Bahia;Grécia;Janeiro;2026;20
Aérea;Minas Gerais;Grécia;Janeiro;2026;1
Aérea;Rio de Janeiro;Grécia;Janeiro;2026;251
Aérea;São Paulo;Grécia;Janeiro;2026;6
Aérea;São Paulo;Grécia;Janeiro;2026;383
Aérea;Paraná;Grécia;Janeiro;2026;3
Aérea;Santa Catarina;Grécia;Janeiro;2026;7
Aérea;Distrito Federal;Grécia;Janeiro;2026;2
Terrestre;Paraná;Grécia;Janeiro;2026;4
Terrestre;Paraná;Grécia;Janeiro;2026;120
Terrestre;Rio Grande do Sul;Grécia;Janeiro;2026;3
Terrestre;Rio Grande do Sul;Grécia;Janeiro;2026;3
Marítima;Espírito Santo;Grécia;Janeiro;2026;1
Marítima;Rio de Janeiro;Grécia;Janeiro;2026;16
Marítima;Rio de Janeiro;Grécia;Janeiro;2026;1
Marítima;Santa Catarina;Grécia;Janeiro;2026;1
Aérea;Amazonas;Guatemala;Janeiro;2026;3
Aérea;Bahia;Guatemala;Janeiro;2026;4
Aérea;Minas Gerais;Guatemala;Janeiro;2026;2
Aérea;Rio de Janeiro;Guatemala;Janeiro;2026;307
Aérea;São Paulo;Guatemala;Janeiro;2026;230
Aérea;Santa Catarina;Guatemala;Janeiro;2026;10
Aérea;Rio Grande do Sul;Guatemala;Janeiro;2026;14
Aérea;Distrito Federal;Guatemala;Janeiro;2026;13
Terrestre;Paraná;Guatemala;Janeiro;2026;6
Terrestre;Paraná;Guatemala;Janeiro;2026;54
Terrestre;Santa Catarina;Guatemala;Janeiro;2026;2
Marítima;Santa Catarina;Guatemala;Janeiro;2026;2
Marítima;Santa Catarina;Guatemala;Janeiro;2026;1
Aérea;Amazonas;Guiana;Janeiro;2026;1
Aérea;Pará;Guiana;Janeiro;2026;6
Aérea;Rio de Janeiro;Guiana;Janeiro;2026;11
Aérea;São Paulo;Guiana;Janeiro;2026;20
Aérea;Distrito Federal;Guiana;Janeiro;2026;4
Terrestre;Roraima;Guiana;Janeiro;2026;376
Terrestre;Roraima;Guiana;Janeiro;2026;13
Terrestre;Amapá;Guiana;Janeiro;2026;9
Fluvial;Amapá;Guiana;Janeiro;2026;1
Aérea;São Paulo;Guiné;Janeiro;2026;20
Aérea;Rio de Janeiro;Guiné Equatorial;Janeiro;2026;1
Aérea;São Paulo;Guiné Equatorial;Janeiro;2026;4
Aérea;Ceará;Guiné-Bissau;Janeiro;2026;7
Aérea;São Paulo;Guiné-Bissau;Janeiro;2026;1
Aérea;São Paulo;Guiné-Bissau;Janeiro;2026;10
Aérea;Pernambuco;Gâmbia;Janeiro;2026;1
Aérea;São Paulo;Gâmbia;Janeiro;2026;5
Aérea;Pará;Haiti;Janeiro;2026;1
Aérea;Ceará;Haiti;Janeiro;2026;1
Aérea;Minas Gerais;Haiti;Janeiro;2026;1
Aérea;Rio de Janeiro;Haiti;Janeiro;2026;11
Aérea;São Paulo;Haiti;Janeiro;2026;3
Aérea;São Paulo;Haiti;Janeiro;2026;67
Aérea;Paraná;Haiti;Janeiro;2026;2
Aérea;Paraná;Haiti;Janeiro;2026;3
Aérea;Santa Catarina;Haiti;Janeiro;2026;6
Aérea;Rio Grande do Sul;Haiti;Janeiro;2026;3
Terrestre;Roraima;Haiti;Janeiro;2026;2
Terrestre;Amapá;Haiti;Janeiro;2026;7
Terrestre;Rio Grande do Sul;Haiti;Janeiro;2026;3
Terrestre;Mato Grosso do Sul;Haiti;Janeiro;2026;1
Fluvial;Amapá;Haiti;Janeiro;2026;1
Aérea;Amazonas;Holanda;Janeiro;2026;31
Aérea;Pará;Holanda;Janeiro;2026;151
Aérea;Ceará;Holanda;Janeiro;2026;303
Aérea;Rio Grande do Norte;Holanda;Janeiro;2026;79
Aérea;Pernambuco;Holanda;Janeiro;2026;65
Aérea;Alagoas;Holanda;Janeiro;2026;8
Aérea;Bahia;Holanda;Janeiro;2026;2
Aérea;Bahia;Holanda;Janeiro;2026;591
Aérea;Minas Gerais;Holanda;Janeiro;2026;14
Aérea;Rio de Janeiro;Holanda;Janeiro;2026;1630
Aérea;São Paulo;Holanda;Janeiro;2026;39
Aérea;São Paulo;Holanda;Janeiro;2026;2060
Aérea;Paraná;Holanda;Janeiro;2026;7
Aérea;Paraná;Holanda;Janeiro;2026;2
Aérea;Santa Catarina;Holanda;Janeiro;2026;58
Aérea;Rio Grande do Sul;Holanda;Janeiro;2026;40
Aérea;Distrito Federal;Holanda;Janeiro;2026;20
Terrestre;Acre;Holanda;Janeiro;2026;2
Terrestre;Amazonas;Holanda;Janeiro;2026;1
Terrestre;Roraima;Holanda;Janeiro;2026;3
Terrestre;Roraima;Holanda;Janeiro;2026;3
Terrestre;Amapá;Holanda;Janeiro;2026;22
Terrestre;Paraná;Holanda;Janeiro;2026;31
Terrestre;Paraná;Holanda;Janeiro;2026;479
Terrestre;Paraná;Holanda;Janeiro;2026;1
Terrestre;Rio Grande do Sul;Holanda;Janeiro;2026;6
Terrestre;Rio Grande do Sul;Holanda;Janeiro;2026;1
Terrestre;Rio Grande do Sul;Holanda;Janeiro;2026;1
Terrestre;Rio Grande do Sul;Holanda;Janeiro;2026;3
Terrestre;Rio Grande do Sul;Holanda;Janeiro;2026;1
Terrestre;Mato Grosso do Sul;Holanda;Janeiro;2026;4
Marítima;Ceará;Holanda;Janeiro;2026;18
Marítima;Paraíba;Holanda;Janeiro;2026;2
Marítima;Pernambuco;Holanda;Janeiro;2026;4
Marítima;Rio de Janeiro;Holanda;Janeiro;2026;4
Marítima;Santa Catarina;Holanda;Janeiro;2026;9
Fluvial;Pará;Holanda;Janeiro;2026;33
Fluvial;Amapá;Holanda;Janeiro;2026;8
Fluvial;Amapá;Holanda;Janeiro;2026;2
Fluvial;Rio Grande do Sul;Holanda;Janeiro;2026;2
Aérea;Amazonas;Honduras;Janeiro;2026;5
Aérea;Ceará;Honduras;Janeiro;2026;1
Aérea;Alagoas;Honduras;Janeiro;2026;1
Aérea;Bahia;Honduras;Janeiro;2026;3
Aérea;Minas Gerais;Honduras;Janeiro;2026;9
Aérea;Rio de Janeiro;Honduras;Janeiro;2026;118
Aérea;São Paulo;Honduras;Janeiro;2026;1
Aérea;São Paulo;Honduras;Janeiro;2026;135
Aérea;Paraná;Honduras;Janeiro;2026;1
Aérea;Santa Catarina;Honduras;Janeiro;2026;2
Aérea;Rio Grande do Sul;Honduras;Janeiro;2026;2
Aérea;Distrito Federal;Honduras;Janeiro;2026;5
Terrestre;Paraná;Honduras;Janeiro;2026;5
Terrestre;Paraná;Honduras;Janeiro;2026;8
Terrestre;Santa Catarina;Honduras;Janeiro;2026;1
Terrestre;Rio Grande do Sul;Honduras;Janeiro;2026;2
Terrestre;Rio Grande do Sul;Honduras;Janeiro;2026;1
Terrestre;Rio Grande do Sul;Honduras;Janeiro;2026;3
Terrestre;Mato Grosso do Sul;Honduras;Janeiro;2026;1
Marítima;Maranhão;Honduras;Janeiro;2026;1
Marítima;Rio de Janeiro;Honduras;Janeiro;2026;2
Marítima;Santa Catarina;Honduras;Janeiro;2026;1
Marítima;Santa Catarina;Honduras;Janeiro;2026;6
Aérea;Amazonas;Hungria;Janeiro;2026;2
Aérea;Pará;Hungria;Janeiro;2026;2
Aérea;Ceará;Hungria;Janeiro;2026;29
Aérea;Pernambuco;Hungria;Janeiro;2026;4
Aérea;Bahia;Hungria;Janeiro;2026;19
Aérea;Rio de Janeiro;Hungria;Janeiro;2026;636
Aérea;São Paulo;Hungria;Janeiro;2026;5
Aérea;São Paulo;Hungria;Janeiro;2026;322
Aérea;Paraná;Hungria;Janeiro;2026;1
Aérea;Paraná;Hungria;Janeiro;2026;1
Aérea;Santa Catarina;Hungria;Janeiro;2026;5
Aérea;Rio Grande do Sul;Hungria;Janeiro;2026;3
Aérea;Distrito Federal;Hungria;Janeiro;2026;2
Terrestre;Paraná;Hungria;Janeiro;2026;6
Terrestre;Paraná;Hungria;Janeiro;2026;89
Terrestre;Rio Grande do Sul;Hungria;Janeiro;2026;1
Terrestre;Rio Grande do Sul;Hungria;Janeiro;2026;2
Terrestre;Mato Grosso do Sul;Hungria;Janeiro;2026;1
Marítima;Ceará;Hungria;Janeiro;2026;2
Marítima;Pernambuco;Hungria;Janeiro;2026;5
Marítima;Rio de Janeiro;Hungria;Janeiro;2026;5
Marítima;Santa Catarina;Hungria;Janeiro;2026;2
Marítima;Santa Catarina;Hungria;Janeiro;2026;1
Aérea;Bahia;Indonésia;Janeiro;2026;1
Aérea;Rio de Janeiro;Indonésia;Janeiro;2026;27
Aérea;São Paulo;Indonésia;Janeiro;2026;302
Aérea;Paraná;Indonésia;Janeiro;2026;1
Aérea;Santa Catarina;Indonésia;Janeiro;2026;2
Aérea;Distrito Federal;Indonésia;Janeiro;2026;2
Terrestre;Amapá;Indonésia;Janeiro;2026;1
Terrestre;Paraná;Indonésia;Janeiro;2026;2
Terrestre;Paraná;Indonésia;Janeiro;2026;25
Marítima;Ceará;Indonésia;Janeiro;2026;2
Marítima;Santa Catarina;Indonésia;Janeiro;2026;11
Marítima;Santa Catarina;Indonésia;Janeiro;2026;8
Fluvial;Pará;Indonésia;Janeiro;2026;1
Fluvial;Amapá;Indonésia;Janeiro;2026;5
Aérea;Ceará;Iraque;Janeiro;2026;1
Aérea;São Paulo;Iraque;Janeiro;2026;40
Aérea;Amazonas;Irlanda;Janeiro;2026;5
Aérea;Pará;Irlanda;Janeiro;2026;3
Aérea;Ceará;Irlanda;Janeiro;2026;25
Aérea;Rio Grande do Norte;Irlanda;Janeiro;2026;20
Aérea;Pernambuco;Irlanda;Janeiro;2026;34
Aérea;Alagoas;Irlanda;Janeiro;2026;6
Aérea;Bahia;Irlanda;Janeiro;2026;40
Aérea;Minas Gerais;Irlanda;Janeiro;2026;17
Aérea;Rio de Janeiro;Irlanda;Janeiro;2026;1329
Aérea;São Paulo;Irlanda;Janeiro;2026;34
Aérea;São Paulo;Irlanda;Janeiro;2026;3286
Aérea;São Paulo;Irlanda;Janeiro;2026;1
Aérea;Paraná;Irlanda;Janeiro;2026;1
Aérea;Paraná;Irlanda;Janeiro;2026;2
Aérea;Santa Catarina;Irlanda;Janeiro;2026;32
Aérea;Rio Grande do Sul;Irlanda;Janeiro;2026;13
Aérea;Distrito Federal;Irlanda;Janeiro;2026;25
Terrestre;Amazonas;Irlanda;Janeiro;2026;2
Terrestre;Roraima;Irlanda;Janeiro;2026;4
Terrestre;Roraima;Irlanda;Janeiro;2026;2
Terrestre;Paraná;Irlanda;Janeiro;2026;18
Terrestre;Paraná;Irlanda;Janeiro;2026;152
Terrestre;Rio Grande do Sul;Irlanda;Janeiro;2026;4
Terrestre;Rio Grande do Sul;Irlanda;Janeiro;2026;3
Terrestre;Rio Grande do Sul;Irlanda;Janeiro;2026;1
Terrestre;Mato Grosso do Sul;Irlanda;Janeiro;2026;1
Marítima;Pernambuco;Irlanda;Janeiro;2026;13
Marítima;Rio de Janeiro;Irlanda;Janeiro;2026;2
Marítima;São Paulo;Irlanda;Janeiro;2026;1
Marítima;Santa Catarina;Irlanda;Janeiro;2026;4
Fluvial;Pará;Irlanda;Janeiro;2026;11
Fluvial;Amapá;Irlanda;Janeiro;2026;4
Fluvial;Amapá;Irlanda;Janeiro;2026;1
Aérea;Rio de Janeiro;Irã;Janeiro;2026;4
Aérea;São Paulo;Irã;Janeiro;2026;81
Aérea;Amazonas;Islândia;Janeiro;2026;1
Aérea;Ceará;Islândia;Janeiro;2026;1
Aérea;Rio Grande do Norte;Islândia;Janeiro;2026;2
Aérea;Bahia;Islândia;Janeiro;2026;1
Aérea;Rio de Janeiro;Islândia;Janeiro;2026;64
Aérea;São Paulo;Islândia;Janeiro;2026;9
Aérea;Santa Catarina;Islândia;Janeiro;2026;1
Aérea;Rio Grande do Sul;Islândia;Janeiro;2026;1
Terrestre;Paraná;Islândia;Janeiro;2026;37
Terrestre;Rio Grande do Sul;Islândia;Janeiro;2026;1
Terrestre;Mato Grosso do Sul;Islândia;Janeiro;2026;1
Marítima;Santa Catarina;Islândia;Janeiro;2026;1
Aérea;Amazonas;Israel;Janeiro;2026;8
Aérea;Ceará;Israel;Janeiro;2026;20
Aérea;Rio Grande do Norte;Israel;Janeiro;2026;3
Aérea;Pernambuco;Israel;Janeiro;2026;8
Aérea;Bahia;Israel;Janeiro;2026;181
Aérea;Minas Gerais;Israel;Janeiro;2026;2
Aérea;Rio de Janeiro;Israel;Janeiro;2026;2153
Aérea;São Paulo;Israel;Janeiro;2026;10
Aérea;São Paulo;Israel;Janeiro;2026;2088
Aérea;Paraná;Israel;Janeiro;2026;36
Aérea;Paraná;Israel;Janeiro;2026;11
Aérea;Santa Catarina;Israel;Janeiro;2026;54
Aérea;Rio Grande do Sul;Israel;Janeiro;2026;13
Aérea;Distrito Federal;Israel;Janeiro;2026;14
Terrestre;Acre;Israel;Janeiro;2026;1
Terrestre;Amazonas;Israel;Janeiro;2026;1
Terrestre;Paraná;Israel;Janeiro;2026;19
Terrestre;Paraná;Israel;Janeiro;2026;1007
Terrestre;Santa Catarina;Israel;Janeiro;2026;2
Terrestre;Rio Grande do Sul;Israel;Janeiro;2026;10
Terrestre;Rio Grande do Sul;Israel;Janeiro;2026;4
Terrestre;Rio Grande do Sul;Israel;Janeiro;2026;1
Terrestre;Rio Grande do Sul;Israel;Janeiro;2026;2
Terrestre;Rio Grande do Sul;Israel;Janeiro;2026;5
Terrestre;Mato Grosso do Sul;Israel;Janeiro;2026;4
Terrestre;Mato Grosso do Sul;Israel;Janeiro;2026;2
Marítima;Rio de Janeiro;Israel;Janeiro;2026;9
Marítima;São Paulo;Israel;Janeiro;2026;1
Marítima;Santa Catarina;Israel;Janeiro;2026;2
Fluvial;Pará;Israel;Janeiro;2026;2
Aérea;Amazonas;Itália;Janeiro;2026;26
Aérea;Pará;Itália;Janeiro;2026;25
Aérea;Ceará;Itália;Janeiro;2026;1061
Aérea;Rio Grande do Norte;Itália;Janeiro;2026;438
Aérea;Paraíba;Itália;Janeiro;2026;1
Aérea;Pernambuco;Itália;Janeiro;2026;6
Aérea;Pernambuco;Itália;Janeiro;2026;760
Aérea;Alagoas;Itália;Janeiro;2026;98
Aérea;Bahia;Itália;Janeiro;2026;9
Aérea;Bahia;Itália;Janeiro;2026;1538
Aérea;Minas Gerais;Itália;Janeiro;2026;252
Aérea;Rio de Janeiro;Itália;Janeiro;2026;2
Aérea;Rio de Janeiro;Itália;Janeiro;2026;3682
Aérea;São Paulo;Itália;Janeiro;2026;74
Aérea;São Paulo;Itália;Janeiro;2026;8606
Aérea;São Paulo;Itália;Janeiro;2026;7
Aérea;Paraná;Itália;Janeiro;2026;4
Aérea;Paraná;Itália;Janeiro;2026;9
Aérea;Santa Catarina;Itália;Janeiro;2026;286
Aérea;Rio Grande do Sul;Itália;Janeiro;2026;55
Aérea;Distrito Federal;Itália;Janeiro;2026;73
Terrestre;Acre;Itália;Janeiro;2026;1
Terrestre;Amazonas;Itália;Janeiro;2026;22
Terrestre;Roraima;Itália;Janeiro;2026;2
Terrestre;Roraima;Itália;Janeiro;2026;3
Terrestre;Amapá;Itália;Janeiro;2026;2
Terrestre;Paraná;Itália;Janeiro;2026;104
Terrestre;Paraná;Itália;Janeiro;2026;1049
Terrestre;Paraná;Itália;Janeiro;2026;2
Terrestre;Santa Catarina;Itália;Janeiro;2026;2
Terrestre;Santa Catarina;Itália;Janeiro;2026;2
Terrestre;Rio Grande do Sul;Itália;Janeiro;2026;3
Terrestre;Rio Grande do Sul;Itália;Janeiro;2026;48
Terrestre;Rio Grande do Sul;Itália;Janeiro;2026;25
Terrestre;Rio Grande do Sul;Itália;Janeiro;2026;20
Terrestre;Rio Grande do Sul;Itália;Janeiro;2026;12
Terrestre;Rio Grande do Sul;Itália;Janeiro;2026;32
Terrestre;Mato Grosso do Sul;Itália;Janeiro;2026;6
Terrestre;Mato Grosso do Sul;Itália;Janeiro;2026;3
Marítima;Maranhão;Itália;Janeiro;2026;1
Marítima;Pernambuco;Itália;Janeiro;2026;10
Marítima;Rio de Janeiro;Itália;Janeiro;2026;50
Marítima;São Paulo;Itália;Janeiro;2026;11
Marítima;São Paulo;Itália;Janeiro;2026;2
Marítima;Santa Catarina;Itália;Janeiro;2026;84
Marítima;Santa Catarina;Itália;Janeiro;2026;73
Fluvial;Pará;Itália;Janeiro;2026;9
Fluvial;Rio Grande do Sul;Itália;Janeiro;2026;3
Fluvial;Rio Grande do Sul;Itália;Janeiro;2026;2
Aérea;São Paulo;Iêmen;Janeiro;2026;17
Aérea;Bahia;Jamaica;Janeiro;2026;1
Aérea;Rio de Janeiro;Jamaica;Janeiro;2026;48
Aérea;São Paulo;Jamaica;Janeiro;2026;38
Aérea;Distrito Federal;Jamaica;Janeiro;2026;1
Terrestre;Roraima;Jamaica;Janeiro;2026;5
Marítima;Santa Catarina;Jamaica;Janeiro;2026;1
Fluvial;Pará;Jamaica;Janeiro;2026;4
Aérea;Amazonas;Japão;Janeiro;2026;11
Aérea;Pará;Japão;Janeiro;2026;4
Aérea;Ceará;Japão;Janeiro;2026;7
Aérea;Rio Grande do Norte;Japão;Janeiro;2026;1
Aérea;Pernambuco;Japão;Janeiro;2026;2
Aérea;Bahia;Japão;Janeiro;2026;8
Aérea;Rio de Janeiro;Japão;Janeiro;2026;241
Aérea;São Paulo;Japão;Janeiro;2026;7
Aérea;São Paulo;Japão;Janeiro;2026;5413
Aérea;Paraná;Japão;Janeiro;2026;4
Aérea;Paraná;Japão;Janeiro;2026;3
Aérea;Santa Catarina;Japão;Janeiro;2026;8
Aérea;Rio Grande do Sul;Japão;Janeiro;2026;4
Aérea;Distrito Federal;Japão;Janeiro;2026;6
Terrestre;Amazonas;Japão;Janeiro;2026;2
Terrestre;Roraima;Japão;Janeiro;2026;3
Terrestre;Roraima;Japão;Janeiro;2026;5
Terrestre;Paraná;Japão;Janeiro;2026;57
Terrestre;Paraná;Japão;Janeiro;2026;130
Terrestre;Rio Grande do Sul;Japão;Janeiro;2026;7
Terrestre;Rio Grande do Sul;Japão;Janeiro;2026;3
Terrestre;Mato Grosso do Sul;Japão;Janeiro;2026;4
Terrestre;Mato Grosso do Sul;Japão;Janeiro;2026;4
Marítima;Pernambuco;Japão;Janeiro;2026;1
Marítima;Rio de Janeiro;Japão;Janeiro;2026;1
Marítima;São Paulo;Japão;Janeiro;2026;1
Marítima;Santa Catarina;Japão;Janeiro;2026;5
Fluvial;Pará;Japão;Janeiro;2026;2
Fluvial;Amapá;Japão;Janeiro;2026;1
Aérea;Rio de Janeiro;Jordânia;Janeiro;2026;2
Aérea;São Paulo;Jordânia;Janeiro;2026;2
Aérea;São Paulo;Jordânia;Janeiro;2026;18
Aérea;Rio de Janeiro;Kuwait;Janeiro;2026;6
Aérea;São Paulo;Kuwait;Janeiro;2026;7
Terrestre;Acre;Kuwait;Janeiro;2026;2
Aérea;São Paulo;Laos;Janeiro;2026;1
Aérea;São Paulo;Lesoto;Janeiro;2026;1
Aérea;Ceará;Letônia;Janeiro;2026;8
Aérea;Pernambuco;Letônia;Janeiro;2026;4
Aérea;Alagoas;Letônia;Janeiro;2026;1
Aérea;Bahia;Letônia;Janeiro;2026;3
Aérea;Rio de Janeiro;Letônia;Janeiro;2026;32
Aérea;São Paulo;Letônia;Janeiro;2026;4
Aérea;São Paulo;Letônia;Janeiro;2026;64
Aérea;Paraná;Letônia;Janeiro;2026;1
Aérea;Distrito Federal;Letônia;Janeiro;2026;1
Terrestre;Roraima;Letônia;Janeiro;2026;2
Terrestre;Paraná;Letônia;Janeiro;2026;16
Terrestre;Rio Grande do Sul;Letônia;Janeiro;2026;1
Marítima;São Paulo;Letônia;Janeiro;2026;11
Aérea;Ceará;Liechtenstein;Janeiro;2026;3
Aérea;Pernambuco;Liechtenstein;Janeiro;2026;1
Aérea;Rio de Janeiro;Liechtenstein;Janeiro;2026;2
Aérea;São Paulo;Liechtenstein;Janeiro;2026;4
Aérea;Santa Catarina;Liechtenstein;Janeiro;2026;1
Terrestre;Paraná;Liechtenstein;Janeiro;2026;4
Marítima;Rio de Janeiro;Liechtenstein;Janeiro;2026;1
Aérea;Amazonas;Lituânia;Janeiro;2026;1
Aérea;Ceará;Lituânia;Janeiro;2026;17
Aérea;Pernambuco;Lituânia;Janeiro;2026;3
Aérea;Bahia;Lituânia;Janeiro;2026;8
Aérea;Rio de Janeiro;Lituânia;Janeiro;2026;56
Aérea;São Paulo;Lituânia;Janeiro;2026;8
Aérea;São Paulo;Lituânia;Janeiro;2026;131
Aérea;Santa Catarina;Lituânia;Janeiro;2026;12
Aérea;Rio Grande do Sul;Lituânia;Janeiro;2026;1
Terrestre;Paraná;Lituânia;Janeiro;2026;1
Terrestre;Paraná;Lituânia;Janeiro;2026;22
Fluvial;Pará;Lituânia;Janeiro;2026;1
Fluvial;Amapá;Lituânia;Janeiro;2026;4
Aérea;Pará;Luxemburgo;Janeiro;2026;1
Aérea;Ceará;Luxemburgo;Janeiro;2026;6
Aérea;Pernambuco;Luxemburgo;Janeiro;2026;6
Aérea;Bahia;Luxemburgo;Janeiro;2026;8
Aérea;Minas Gerais;Luxemburgo;Janeiro;2026;4
Aérea;Rio de Janeiro;Luxemburgo;Janeiro;2026;74
Aérea;São Paulo;Luxemburgo;Janeiro;2026;1
Aérea;São Paulo;Luxemburgo;Janeiro;2026;110
Aérea;Santa Catarina;Luxemburgo;Janeiro;2026;3
Aérea;Distrito Federal;Luxemburgo;Janeiro;2026;1
Terrestre;Roraima;Luxemburgo;Janeiro;2026;1
Terrestre;Paraná;Luxemburgo;Janeiro;2026;4
Marítima;Ceará;Luxemburgo;Janeiro;2026;2
Marítima;Pernambuco;Luxemburgo;Janeiro;2026;1
Fluvial;Pará;Luxemburgo;Janeiro;2026;5
Aérea;Ceará;Líbano;Janeiro;2026;1
Aérea;Rio de Janeiro;Líbano;Janeiro;2026;16
Aérea;São Paulo;Líbano;Janeiro;2026;1
Aérea;São Paulo;Líbano;Janeiro;2026;216
Aérea;Paraná;Líbano;Janeiro;2026;2
Terrestre;Paraná;Líbano;Janeiro;2026;4
Terrestre;Paraná;Líbano;Janeiro;2026;1
Terrestre;Rio Grande do Sul;Líbano;Janeiro;2026;2
Marítima;Santa Catarina;Líbano;Janeiro;2026;2
Aérea;Rio de Janeiro;Líbia;Janeiro;2026;1
Aérea;São Paulo;Líbia;Janeiro;2026;2
Aérea;Ceará;Macedônia;Janeiro;2026;1
Aérea;Rio de Janeiro;Macedônia;Janeiro;2026;28
Aérea;São Paulo;Macedônia;Janeiro;2026;1
Aérea;São Paulo;Macedônia;Janeiro;2026;12
Terrestre;Paraná;Macedônia;Janeiro;2026;3
Aérea;Ceará;Madagascar;Janeiro;2026;4
Aérea;Rio de Janeiro;Madagascar;Janeiro;2026;1
Aérea;São Paulo;Malauí;Janeiro;2026;5
Aérea;São Paulo;Mali;Janeiro;2026;14
Aérea;Amazonas;Malta;Janeiro;2026;1
Aérea;Ceará;Malta;Janeiro;2026;1
Aérea;Bahia;Malta;Janeiro;2026;2
Aérea;Rio de Janeiro;Malta;Janeiro;2026;17
Aérea;São Paulo;Malta;Janeiro;2026;3
Aérea;São Paulo;Malta;Janeiro;2026;63
Aérea;Paraná;Malta;Janeiro;2026;1
Aérea;Santa Catarina;Malta;Janeiro;2026;1
Terrestre;Paraná;Malta;Janeiro;2026;6
Fluvial;Amapá;Malta;Janeiro;2026;1
Aérea;Ceará;Malásia;Janeiro;2026;2
Aérea;Rio de Janeiro;Malásia;Janeiro;2026;105
Aérea;São Paulo;Malásia;Janeiro;2026;1
Aérea;São Paulo;Malásia;Janeiro;2026;114
Aérea;Paraná;Malásia;Janeiro;2026;2
Aérea;Santa Catarina;Malásia;Janeiro;2026;1
Aérea;Distrito Federal;Malásia;Janeiro;2026;1
Terrestre;Amazonas;Malásia;Janeiro;2026;1
Terrestre;Paraná;Malásia;Janeiro;2026;1
Terrestre;Paraná;Malásia;Janeiro;2026;104
Marítima;Rio de Janeiro;Malásia;Janeiro;2026;2
Aérea;Pará;Marrocos;Janeiro;2026;8
Aérea;Ceará;Marrocos;Janeiro;2026;3
Aérea;Pernambuco;Marrocos;Janeiro;2026;1
Aérea;Bahia;Marrocos;Janeiro;2026;5
Aérea;Rio de Janeiro;Marrocos;Janeiro;2026;77
Aérea;São Paulo;Marrocos;Janeiro;2026;2
Aérea;São Paulo;Marrocos;Janeiro;2026;455
Aérea;Santa Catarina;Marrocos;Janeiro;2026;3
Aérea;Distrito Federal;Marrocos;Janeiro;2026;1
Terrestre;Amazonas;Marrocos;Janeiro;2026;2
Terrestre;Roraima;Marrocos;Janeiro;2026;1
Terrestre;Amapá;Marrocos;Janeiro;2026;1
Terrestre;Paraná;Marrocos;Janeiro;2026;2
Terrestre;Rio Grande do Sul;Marrocos;Janeiro;2026;2
Terrestre;Rio Grande do Sul;Marrocos;Janeiro;2026;1
Fluvial;Amapá;Marrocos;Janeiro;2026;2
Aérea;São Paulo;Mauritânia;Janeiro;2026;10
Aérea;Rio de Janeiro;Maurício;Janeiro;2026;4
Aérea;São Paulo;Maurício;Janeiro;2026;3
Fluvial;Pará;Maurício;Janeiro;2026;1
Aérea;Rio de Janeiro;Mianma;Janeiro;2026;1
Marítima;Ceará;Mianma;Janeiro;2026;1
Marítima;Santa Catarina;Mianma;Janeiro;2026;1
Marítima;Santa Catarina;Mianma;Janeiro;2026;2
Aérea;Ceará;Moldávia;Janeiro;2026;1
Aérea;Bahia;Moldávia;Janeiro;2026;1
Aérea;Rio de Janeiro;Moldávia;Janeiro;2026;1
Aérea;São Paulo;Moldávia;Janeiro;2026;15
Aérea;Santa Catarina;Moldávia;Janeiro;2026;1
Aérea;Rio de Janeiro;Mongólia;Janeiro;2026;5
Aérea;São Paulo;Mongólia;Janeiro;2026;18
Terrestre;Paraná;Mongólia;Janeiro;2026;16
Aérea;Rio de Janeiro;Montenegro;Janeiro;2026;19
Aérea;São Paulo;Montenegro;Janeiro;2026;12
Terrestre;Paraná;Montenegro;Janeiro;2026;6
Terrestre;Mato Grosso do Sul;Montenegro;Janeiro;2026;1
Aérea;Bahia;Moçambique;Janeiro;2026;1
Aérea;São Paulo;Moçambique;Janeiro;2026;527
Terrestre;Paraná;Moçambique;Janeiro;2026;1
Aérea;Amazonas;México;Janeiro;2026;34
Aérea;Pará;México;Janeiro;2026;5
Aérea;Ceará;México;Janeiro;2026;7
Aérea;Rio Grande do Norte;México;Janeiro;2026;1
Aérea;Pernambuco;México;Janeiro;2026;2
Aérea;Bahia;México;Janeiro;2026;1
Aérea;Bahia;México;Janeiro;2026;26
Aérea;Minas Gerais;México;Janeiro;2026;13
Aérea;Rio de Janeiro;México;Janeiro;2026;1549
Aérea;São Paulo;México;Janeiro;2026;4
Aérea;São Paulo;México;Janeiro;2026;5908
Aérea;Paraná;México;Janeiro;2026;22
Aérea;Paraná;México;Janeiro;2026;10
Aérea;Santa Catarina;México;Janeiro;2026;89
Aérea;Rio Grande do Sul;México;Janeiro;2026;43
Aérea;Distrito Federal;México;Janeiro;2026;66
Terrestre;Acre;México;Janeiro;2026;4
Terrestre;Acre;México;Janeiro;2026;1
Terrestre;Amazonas;México;Janeiro;2026;12
Terrestre;Roraima;México;Janeiro;2026;4
Terrestre;Paraná;México;Janeiro;2026;44
Terrestre;Paraná;México;Janeiro;2026;609
Terrestre;Paraná;México;Janeiro;2026;1
Terrestre;Paraná;México;Janeiro;2026;2
Terrestre;Santa Catarina;México;Janeiro;2026;1
Terrestre;Rio Grande do Sul;México;Janeiro;2026;1
Terrestre;Rio Grande do Sul;México;Janeiro;2026;10
Terrestre;Rio Grande do Sul;México;Janeiro;2026;6
Terrestre;Rio Grande do Sul;México;Janeiro;2026;10
Terrestre;Rio Grande do Sul;México;Janeiro;2026;7
Terrestre;Mato Grosso do Sul;México;Janeiro;2026;30
Terrestre;Mato Grosso do Sul;México;Janeiro;2026;22
Marítima;Rio de Janeiro;México;Janeiro;2026;17
Marítima;Santa Catarina;México;Janeiro;2026;21
Marítima;Santa Catarina;México;Janeiro;2026;24
Fluvial;Pará;México;Janeiro;2026;11
Fluvial;Amapá;México;Janeiro;2026;2
Aérea;Ceará;Mônaco;Janeiro;2026;1
Aérea;Rio de Janeiro;Mônaco;Janeiro;2026;2
Aérea;São Paulo;Mônaco;Janeiro;2026;4
Terrestre;Paraná;Mônaco;Janeiro;2026;5
Aérea;Rio de Janeiro;Namíbia;Janeiro;2026;11
Aérea;São Paulo;Namíbia;Janeiro;2026;37
Terrestre;Paraná;Namíbia;Janeiro;2026;4
Aérea;Rio de Janeiro;Nepal;Janeiro;2026;2
Aérea;São Paulo;Nepal;Janeiro;2026;12
Fluvial;Pará;Nepal;Janeiro;2026;1
Aérea;Minas Gerais;Nicarágua;Janeiro;2026;1
Aérea;Rio de Janeiro;Nicarágua;Janeiro;2026;31
Aérea;São Paulo;Nicarágua;Janeiro;2026;1
Aérea;São Paulo;Nicarágua;Janeiro;2026;75
Aérea;Santa Catarina;Nicarágua;Janeiro;2026;4
Aérea;Rio Grande do Sul;Nicarágua;Janeiro;2026;1
Aérea;Distrito Federal;Nicarágua;Janeiro;2026;5
Terrestre;Paraná;Nicarágua;Janeiro;2026;4
Terrestre;Paraná;Nicarágua;Janeiro;2026;4
Terrestre;Rio Grande do Sul;Nicarágua;Janeiro;2026;2
Terrestre;Rio Grande do Sul;Nicarágua;Janeiro;2026;1
Terrestre;Mato Grosso do Sul;Nicarágua;Janeiro;2026;1
Marítima;Santa Catarina;Nicarágua;Janeiro;2026;1
Aérea;Rio de Janeiro;Nigéria;Janeiro;2026;5
Aérea;São Paulo;Nigéria;Janeiro;2026;92
Marítima;Ceará;Nigéria;Janeiro;2026;1
Aérea;Amazonas;Noruega;Janeiro;2026;2
Aérea;Pará;Noruega;Janeiro;2026;12
Aérea;Ceará;Noruega;Janeiro;2026;144
Aérea;Rio Grande do Norte;Noruega;Janeiro;2026;118
Aérea;Pernambuco;Noruega;Janeiro;2026;28
Aérea;Alagoas;Noruega;Janeiro;2026;5
Aérea;Bahia;Noruega;Janeiro;2026;51
Aérea;Minas Gerais;Noruega;Janeiro;2026;3
Aérea;Rio de Janeiro;Noruega;Janeiro;2026;527
Aérea;São Paulo;Noruega;Janeiro;2026;9
Aérea;São Paulo;Noruega;Janeiro;2026;380
Aérea;Paraná;Noruega;Janeiro;2026;6
Aérea;Santa Catarina;Noruega;Janeiro;2026;14
Aérea;Rio Grande do Sul;Noruega;Janeiro;2026;1
Aérea;Distrito Federal;Noruega;Janeiro;2026;9
Terrestre;Amazonas;Noruega;Janeiro;2026;3
Terrestre;Roraima;Noruega;Janeiro;2026;1
Terrestre;Paraná;Noruega;Janeiro;2026;5
Terrestre;Paraná;Noruega;Janeiro;2026;58
Terrestre;Rio Grande do Sul;Noruega;Janeiro;2026;1
Terrestre;Rio Grande do Sul;Noruega;Janeiro;2026;2
Marítima;Pernambuco;Noruega;Janeiro;2026;12
Marítima;Pernambuco;Noruega;Janeiro;2026;2
Marítima;Rio de Janeiro;Noruega;Janeiro;2026;1
Marítima;Santa Catarina;Noruega;Janeiro;2026;2
Marítima;Santa Catarina;Noruega;Janeiro;2026;2
Fluvial;Pará;Noruega;Janeiro;2026;16
Fluvial;Amapá;Noruega;Janeiro;2026;3
Aérea;Ceará;Nova Zelândia;Janeiro;2026;2
Aérea;Pernambuco;Nova Zelândia;Janeiro;2026;1
Aérea;Alagoas;Nova Zelândia;Janeiro;2026;1
Aérea;Bahia;Nova Zelândia;Janeiro;2026;3
Aérea;Minas Gerais;Nova Zelândia;Janeiro;2026;6
Aérea;Rio de Janeiro;Nova Zelândia;Janeiro;2026;128
Aérea;São Paulo;Nova Zelândia;Janeiro;2026;1
Aérea;São Paulo;Nova Zelândia;Janeiro;2026;966
Aérea;Paraná;Nova Zelândia;Janeiro;2026;4
Aérea;Paraná;Nova Zelândia;Janeiro;2026;1
Aérea;Santa Catarina;Nova Zelândia;Janeiro;2026;25
Aérea;Rio Grande do Sul;Nova Zelândia;Janeiro;2026;14
Aérea;Distrito Federal;Nova Zelândia;Janeiro;2026;2
Terrestre;Rondônia;Nova Zelândia;Janeiro;2026;1
Terrestre;Amazonas;Nova Zelândia;Janeiro;2026;2
Terrestre;Roraima;Nova Zelândia;Janeiro;2026;1
Terrestre;Paraná;Nova Zelândia;Janeiro;2026;8
Terrestre;Paraná;Nova Zelândia;Janeiro;2026;136
Terrestre;Rio Grande do Sul;Nova Zelândia;Janeiro;2026;5
Terrestre;Rio Grande do Sul;Nova Zelândia;Janeiro;2026;1
Terrestre;Rio Grande do Sul;Nova Zelândia;Janeiro;2026;1
Marítima;Pernambuco;Nova Zelândia;Janeiro;2026;4
Marítima;Pernambuco;Nova Zelândia;Janeiro;2026;1
Marítima;Bahia;Nova Zelândia;Janeiro;2026;1
Marítima;Rio de Janeiro;Nova Zelândia;Janeiro;2026;1
Marítima;São Paulo;Nova Zelândia;Janeiro;2026;1
Marítima;Santa Catarina;Nova Zelândia;Janeiro;2026;4
Fluvial;Pará;Nova Zelândia;Janeiro;2026;7
Aérea;São Paulo;Níger;Janeiro;2026;1
Aérea;São Paulo;Omã;Janeiro;2026;3
Terrestre;Paraná;Omã;Janeiro;2026;2
Aérea;Rio de Janeiro;Palestina;Janeiro;2026;1
Aérea;São Paulo;Palestina;Janeiro;2026;39
Aérea;Amazonas;Panamá;Janeiro;2026;10
Aérea;Pará;Panamá;Janeiro;2026;2
Aérea;Rio Grande do Norte;Panamá;Janeiro;2026;1
Aérea;Alagoas;Panamá;Janeiro;2026;1
Aérea;Bahia;Panamá;Janeiro;2026;19
Aérea;Minas Gerais;Panamá;Janeiro;2026;10
Aérea;Rio de Janeiro;Panamá;Janeiro;2026;660
Aérea;São Paulo;Panamá;Janeiro;2026;374
Aérea;Santa Catarina;Panamá;Janeiro;2026;11
Aérea;Rio Grande do Sul;Panamá;Janeiro;2026;53
Aérea;Distrito Federal;Panamá;Janeiro;2026;52
Terrestre;Roraima;Panamá;Janeiro;2026;1
Terrestre;Paraná;Panamá;Janeiro;2026;8
Terrestre;Paraná;Panamá;Janeiro;2026;19
Terrestre;Rio Grande do Sul;Panamá;Janeiro;2026;1
Terrestre;Rio Grande do Sul;Panamá;Janeiro;2026;1
Terrestre;Mato Grosso do Sul;Panamá;Janeiro;2026;1
Marítima;São Paulo;Panamá;Janeiro;2026;2
Marítima;Santa Catarina;Panamá;Janeiro;2026;3
Aérea;Rio de Janeiro;Paquistão;Janeiro;2026;10
Aérea;São Paulo;Paquistão;Janeiro;2026;1
Aérea;São Paulo;Paquistão;Janeiro;2026;65
Aérea;Paraná;Paquistão;Janeiro;2026;2
Terrestre;Roraima;Paquistão;Janeiro;2026;2
Terrestre;Paraná;Paquistão;Janeiro;2026;1
Aérea;Pará;Paraguai;Janeiro;2026;3
Aérea;Ceará;Paraguai;Janeiro;2026;8
Aérea;Rio Grande do Norte;Paraguai;Janeiro;2026;11
Aérea;Pernambuco;Paraguai;Janeiro;2026;15
Aérea;Alagoas;Paraguai;Janeiro;2026;6
Aérea;Bahia;Paraguai;Janeiro;2026;20
Aérea;Rio de Janeiro;Paraguai;Janeiro;2026;4
Aérea;Rio de Janeiro;Paraguai;Janeiro;2026;3016
Aérea;São Paulo;Paraguai;Janeiro;2026;10
Aérea;São Paulo;Paraguai;Janeiro;2026;4934
Aérea;Paraná;Paraguai;Janeiro;2026;81
Aérea;Paraná;Paraguai;Janeiro;2026;360
Aérea;Santa Catarina;Paraguai;Janeiro;2026;856
Aérea;Santa Catarina;Paraguai;Janeiro;2026;28
Aérea;Rio Grande do Sul;Paraguai;Janeiro;2026;6
Aérea;Mato Grosso do Sul;Paraguai;Janeiro;2026;5
Aérea;Distrito Federal;Paraguai;Janeiro;2026;3
Terrestre;Paraná;Paraguai;Janeiro;2026;90507
Terrestre;Paraná;Paraguai;Janeiro;2026;349
Terrestre;Paraná;Paraguai;Janeiro;2026;656
Terrestre;Paraná;Paraguai;Janeiro;2026;3045
Terrestre;Paraná;Paraguai;Janeiro;2026;297
Terrestre;Paraná;Paraguai;Janeiro;2026;4
Terrestre;Santa Catarina;Paraguai;Janeiro;2026;1805
Terrestre;Santa Catarina;Paraguai;Janeiro;2026;296
Terrestre;Rio Grande do Sul;Paraguai;Janeiro;2026;35
Terrestre;Rio Grande do Sul;Paraguai;Janeiro;2026;50
Terrestre;Rio Grande do Sul;Paraguai;Janeiro;2026;23
Terrestre;Rio Grande do Sul;Paraguai;Janeiro;2026;12
Terrestre;Rio Grande do Sul;Paraguai;Janeiro;2026;141
Terrestre;Rio Grande do Sul;Paraguai;Janeiro;2026;11
Terrestre;Rio Grande do Sul;Paraguai;Janeiro;2026;887
Terrestre;Rio Grande do Sul;Paraguai;Janeiro;2026;367
Terrestre;Mato Grosso do Sul;Paraguai;Janeiro;2026;97
Terrestre;Mato Grosso do Sul;Paraguai;Janeiro;2026;4106
Marítima;Rio de Janeiro;Paraguai;Janeiro;2026;23
Marítima;Santa Catarina;Paraguai;Janeiro;2026;18
Marítima;Santa Catarina;Paraguai;Janeiro;2026;13
Fluvial;Rio Grande do Sul;Paraguai;Janeiro;2026;374
Fluvial;Rio Grande do Sul;Paraguai;Janeiro;2026;216
Aérea;São Paulo;Países não especificados;Janeiro;2026;1
Aérea;Santa Catarina;Países não especificados;Janeiro;2026;1
Terrestre;Paraná;Países não especificados;Janeiro;2026;6
Terrestre;Rio Grande do Sul;Países não especificados;Janeiro;2026;1
Aérea;Amazonas;Peru;Janeiro;2026;19
Aérea;Pará;Peru;Janeiro;2026;6
Aérea;Ceará;Peru;Janeiro;2026;3
Aérea;Rio Grande do Norte;Peru;Janeiro;2026;5
Aérea;Pernambuco;Peru;Janeiro;2026;6
Aérea;Bahia;Peru;Janeiro;2026;4
Aérea;Bahia;Peru;Janeiro;2026;12
Aérea;Minas Gerais;Peru;Janeiro;2026;6
Aérea;Rio de Janeiro;Peru;Janeiro;2026;10
Aérea;Rio de Janeiro;Peru;Janeiro;2026;5075
Aérea;São Paulo;Peru;Janeiro;2026;6
Aérea;São Paulo;Peru;Janeiro;2026;6339
Aérea;Paraná;Peru;Janeiro;2026;99
Aérea;Paraná;Peru;Janeiro;2026;339
Aérea;Santa Catarina;Peru;Janeiro;2026;799
Aérea;Rio Grande do Sul;Peru;Janeiro;2026;218
Aérea;Distrito Federal;Peru;Janeiro;2026;524
Terrestre;Rondônia;Peru;Janeiro;2026;5
Terrestre;Acre;Peru;Janeiro;2026;1999
Terrestre;Acre;Peru;Janeiro;2026;161
Terrestre;Acre;Peru;Janeiro;2026;3
Terrestre;Amazonas;Peru;Janeiro;2026;239
Terrestre;Roraima;Peru;Janeiro;2026;10
Terrestre;Amapá;Peru;Janeiro;2026;15
Terrestre;Paraná;Peru;Janeiro;2026;237
Terrestre;Paraná;Peru;Janeiro;2026;1100
Terrestre;Paraná;Peru;Janeiro;2026;1
Terrestre;Santa Catarina;Peru;Janeiro;2026;15
Terrestre;Santa Catarina;Peru;Janeiro;2026;2
Terrestre;Rio Grande do Sul;Peru;Janeiro;2026;1
Terrestre;Rio Grande do Sul;Peru;Janeiro;2026;29
Terrestre;Rio Grande do Sul;Peru;Janeiro;2026;21
Terrestre;Rio Grande do Sul;Peru;Janeiro;2026;35
Terrestre;Rio Grande do Sul;Peru;Janeiro;2026;28
Terrestre;Rio Grande do Sul;Peru;Janeiro;2026;152
Terrestre;Mato Grosso do Sul;Peru;Janeiro;2026;137
Terrestre;Mato Grosso do Sul;Peru;Janeiro;2026;2
Terrestre;Mato Grosso;Peru;Janeiro;2026;1
Marítima;Maranhão;Peru;Janeiro;2026;8
Marítima;Rio de Janeiro;Peru;Janeiro;2026;29
Marítima;São Paulo;Peru;Janeiro;2026;6
Marítima;Santa Catarina;Peru;Janeiro;2026;52
Marítima;Santa Catarina;Peru;Janeiro;2026;197
Marítima;Santa Catarina;Peru;Janeiro;2026;1
Fluvial;Amapá;Peru;Janeiro;2026;3
Fluvial;Rio Grande do Sul;Peru;Janeiro;2026;4
Fluvial;Rio Grande do Sul;Peru;Janeiro;2026;3
Aérea;Amazonas;Polônia;Janeiro;2026;15
Aérea;Pará;Polônia;Janeiro;2026;2
Aérea;Ceará;Polônia;Janeiro;2026;129
Aérea;Rio Grande do Norte;Polônia;Janeiro;2026;7
Aérea;Pernambuco;Polônia;Janeiro;2026;22
Aérea;Alagoas;Polônia;Janeiro;2026;12
Aérea;Bahia;Polônia;Janeiro;2026;56
Aérea;Minas Gerais;Polônia;Janeiro;2026;7
Aérea;Rio de Janeiro;Polônia;Janeiro;2026;988
Aérea;São Paulo;Polônia;Janeiro;2026;38
Aérea;São Paulo;Polônia;Janeiro;2026;1201
Aérea;Paraná;Polônia;Janeiro;2026;16
Aérea;Paraná;Polônia;Janeiro;2026;2
Aérea;Santa Catarina;Polônia;Janeiro;2026;14
Aérea;Rio Grande do Sul;Polônia;Janeiro;2026;2
Aérea;Distrito Federal;Polônia;Janeiro;2026;12
Terrestre;Rondônia;Polônia;Janeiro;2026;1
Terrestre;Amazonas;Polônia;Janeiro;2026;2
Terrestre;Roraima;Polônia;Janeiro;2026;2
Terrestre;Roraima;Polônia;Janeiro;2026;1
Terrestre;Amapá;Polônia;Janeiro;2026;1
Terrestre;Paraná;Polônia;Janeiro;2026;29
Terrestre;Paraná;Polônia;Janeiro;2026;661
Terrestre;Santa Catarina;Polônia;Janeiro;2026;2
Terrestre;Rio Grande do Sul;Polônia;Janeiro;2026;4
Terrestre;Rio Grande do Sul;Polônia;Janeiro;2026;1
Terrestre;Rio Grande do Sul;Polônia;Janeiro;2026;2
Terrestre;Rio Grande do Sul;Polônia;Janeiro;2026;4
Terrestre;Mato Grosso do Sul;Polônia;Janeiro;2026;1
Marítima;Ceará;Polônia;Janeiro;2026;7
Marítima;Rio de Janeiro;Polônia;Janeiro;2026;2
Marítima;Rio de Janeiro;Polônia;Janeiro;2026;46
Marítima;Santa Catarina;Polônia;Janeiro;2026;2
Marítima;Santa Catarina;Polônia;Janeiro;2026;2
Marítima;Santa Catarina;Polônia;Janeiro;2026;1
Fluvial;Pará;Polônia;Janeiro;2026;3
Fluvial;Amapá;Polônia;Janeiro;2026;4
Fluvial;Amapá;Polônia;Janeiro;2026;5
Fluvial;Rio Grande do Sul;Polônia;Janeiro;2026;1
Terrestre;Rio Grande do Sul;Porto Rico;Janeiro;2026;1
Aérea;Amazonas;Portugal;Janeiro;2026;39
Aérea;Pará;Portugal;Janeiro;2026;250
Aérea;Ceará;Portugal;Janeiro;2026;3416
Aérea;Rio Grande do Norte;Portugal;Janeiro;2026;717
Aérea;Pernambuco;Portugal;Janeiro;2026;1
Aérea;Pernambuco;Portugal;Janeiro;2026;2487
Aérea;Alagoas;Portugal;Janeiro;2026;334
Aérea;Bahia;Portugal;Janeiro;2026;2257
Aérea;Minas Gerais;Portugal;Janeiro;2026;1673
Aérea;Rio de Janeiro;Portugal;Janeiro;2026;1
Aérea;Rio de Janeiro;Portugal;Janeiro;2026;5032
Aérea;São Paulo;Portugal;Janeiro;2026;3030
Aérea;São Paulo;Portugal;Janeiro;2026;7491
Aérea;São Paulo;Portugal;Janeiro;2026;3
Aérea;Paraná;Portugal;Janeiro;2026;1
Aérea;Paraná;Portugal;Janeiro;2026;5
Aérea;Santa Catarina;Portugal;Janeiro;2026;267
Aérea;Rio Grande do Sul;Portugal;Janeiro;2026;196
Aérea;Distrito Federal;Portugal;Janeiro;2026;1255
Terrestre;Acre;Portugal;Janeiro;2026;2
Terrestre;Amazonas;Portugal;Janeiro;2026;2
Terrestre;Roraima;Portugal;Janeiro;2026;1
Terrestre;Roraima;Portugal;Janeiro;2026;5
Terrestre;Amapá;Portugal;Janeiro;2026;1
Terrestre;Paraná;Portugal;Janeiro;2026;10
Terrestre;Paraná;Portugal;Janeiro;2026;76
Terrestre;Paraná;Portugal;Janeiro;2026;3
Terrestre;Santa Catarina;Portugal;Janeiro;2026;1
Terrestre;Rio Grande do Sul;Portugal;Janeiro;2026;7
Terrestre;Rio Grande do Sul;Portugal;Janeiro;2026;3
Terrestre;Rio Grande do Sul;Portugal;Janeiro;2026;1
Terrestre;Rio Grande do Sul;Portugal;Janeiro;2026;1
Terrestre;Rio Grande do Sul;Portugal;Janeiro;2026;2
Terrestre;Mato Grosso do Sul;Portugal;Janeiro;2026;4
Terrestre;Mato Grosso do Sul;Portugal;Janeiro;2026;1
Marítima;Paraíba;Portugal;Janeiro;2026;1
Marítima;Pernambuco;Portugal;Janeiro;2026;9
Marítima;Pernambuco;Portugal;Janeiro;2026;1
Marítima;Rio de Janeiro;Portugal;Janeiro;2026;3
Marítima;São Paulo;Portugal;Janeiro;2026;6
Marítima;Santa Catarina;Portugal;Janeiro;2026;28
Marítima;Santa Catarina;Portugal;Janeiro;2026;49
Fluvial;Pará;Portugal;Janeiro;2026;4
Fluvial;Amapá;Portugal;Janeiro;2026;2
Aérea;Rio de Janeiro;Quirguistão;Janeiro;2026;1
Aérea;São Paulo;Quirguistão;Janeiro;2026;3
Aérea;Ceará;Quênia;Janeiro;2026;1
Aérea;Rio de Janeiro;Quênia;Janeiro;2026;4
Aérea;São Paulo;Quênia;Janeiro;2026;24
Aérea;Amazonas;Reino Unido;Janeiro;2026;47
Aérea;Pará;Reino Unido;Janeiro;2026;34
Aérea;Ceará;Reino Unido;Janeiro;2026;181
Aérea;Rio Grande do Norte;Reino Unido;Janeiro;2026;43
Aérea;Paraíba;Reino Unido;Janeiro;2026;2
Aérea;Pernambuco;Reino Unido;Janeiro;2026;3
Aérea;Pernambuco;Reino Unido;Janeiro;2026;135
Aérea;Alagoas;Reino Unido;Janeiro;2026;6
Aérea;Bahia;Reino Unido;Janeiro;2026;3
Aérea;Bahia;Reino Unido;Janeiro;2026;279
Aérea;Minas Gerais;Reino Unido;Janeiro;2026;202
Aérea;Rio de Janeiro;Reino Unido;Janeiro;2026;1
Aérea;Rio de Janeiro;Reino Unido;Janeiro;2026;5109
Aérea;São Paulo;Reino Unido;Janeiro;2026;138
Aérea;São Paulo;Reino Unido;Janeiro;2026;7627
Aérea;Paraná;Reino Unido;Janeiro;2026;19
Aérea;Paraná;Reino Unido;Janeiro;2026;16
Aérea;Santa Catarina;Reino Unido;Janeiro;2026;138
Aérea;Rio Grande do Sul;Reino Unido;Janeiro;2026;140
Aérea;Distrito Federal;Reino Unido;Janeiro;2026;50
Terrestre;Rondônia;Reino Unido;Janeiro;2026;1
Terrestre;Acre;Reino Unido;Janeiro;2026;1
Terrestre;Amazonas;Reino Unido;Janeiro;2026;26
Terrestre;Roraima;Reino Unido;Janeiro;2026;5
Terrestre;Roraima;Reino Unido;Janeiro;2026;2
Terrestre;Amapá;Reino Unido;Janeiro;2026;5
Terrestre;Paraná;Reino Unido;Janeiro;2026;109
Terrestre;Paraná;Reino Unido;Janeiro;2026;1397
Terrestre;Rio Grande do Sul;Reino Unido;Janeiro;2026;27
Terrestre;Rio Grande do Sul;Reino Unido;Janeiro;2026;1
Terrestre;Rio Grande do Sul;Reino Unido;Janeiro;2026;4
Terrestre;Rio Grande do Sul;Reino Unido;Janeiro;2026;3
Terrestre;Rio Grande do Sul;Reino Unido;Janeiro;2026;4
Terrestre;Mato Grosso do Sul;Reino Unido;Janeiro;2026;11
Terrestre;Mato Grosso do Sul;Reino Unido;Janeiro;2026;2
Marítima;Ceará;Reino Unido;Janeiro;2026;1
Marítima;Pernambuco;Reino Unido;Janeiro;2026;3
Marítima;Pernambuco;Reino Unido;Janeiro;2026;1681
Marítima;Bahia;Reino Unido;Janeiro;2026;1
Marítima;Bahia;Reino Unido;Janeiro;2026;1
Marítima;Rio de Janeiro;Reino Unido;Janeiro;2026;40
Marítima;São Paulo;Reino Unido;Janeiro;2026;5
Marítima;São Paulo;Reino Unido;Janeiro;2026;2
Marítima;Santa Catarina;Reino Unido;Janeiro;2026;2
Marítima;Santa Catarina;Reino Unido;Janeiro;2026;176
Fluvial;Pará;Reino Unido;Janeiro;2026;343
Fluvial;Amapá;Reino Unido;Janeiro;2026;218
Fluvial;Amapá;Reino Unido;Janeiro;2026;1
Aérea;São Paulo;República Centro Africana;Janeiro;2026;1
Aérea;São Paulo;República Democrática do Congo;Janeiro;2026;36
Terrestre;Paraná;República Democrática do Congo;Janeiro;2026;1
Aérea;Amazonas;República Dominicana;Janeiro;2026;3
Aérea;Roraima;República Dominicana;Janeiro;2026;1
Aérea;Pará;República Dominicana;Janeiro;2026;4
Aérea;Ceará;República Dominicana;Janeiro;2026;1
Aérea;Bahia;República Dominicana;Janeiro;2026;2
Aérea;Minas Gerais;República Dominicana;Janeiro;2026;1
Aérea;Rio de Janeiro;República Dominicana;Janeiro;2026;144
Aérea;São Paulo;República Dominicana;Janeiro;2026;1
Aérea;São Paulo;República Dominicana;Janeiro;2026;462
Aérea;Santa Catarina;República Dominicana;Janeiro;2026;7
Aérea;Rio Grande do Sul;República Dominicana;Janeiro;2026;19
Aérea;Distrito Federal;República Dominicana;Janeiro;2026;54
Terrestre;Acre;República Dominicana;Janeiro;2026;1
Terrestre;Amazonas;República Dominicana;Janeiro;2026;1
Terrestre;Roraima;República Dominicana;Janeiro;2026;2
Terrestre;Roraima;República Dominicana;Janeiro;2026;1
Terrestre;Amapá;República Dominicana;Janeiro;2026;14
Terrestre;Paraná;República Dominicana;Janeiro;2026;10
Terrestre;Paraná;República Dominicana;Janeiro;2026;37
Terrestre;Rio Grande do Sul;República Dominicana;Janeiro;2026;3
Terrestre;Rio Grande do Sul;República Dominicana;Janeiro;2026;1
Terrestre;Rio Grande do Sul;República Dominicana;Janeiro;2026;5
Marítima;Santa Catarina;República Dominicana;Janeiro;2026;6
Fluvial;Amapá;República Dominicana;Janeiro;2026;1
Aérea;Amazonas;República Tcheca;Janeiro;2026;4
Aérea;Pará;República Tcheca;Janeiro;2026;3
Aérea;Ceará;República Tcheca;Janeiro;2026;40
Aérea;Rio Grande do Norte;República Tcheca;Janeiro;2026;4
Aérea;Pernambuco;República Tcheca;Janeiro;2026;3
Aérea;Bahia;República Tcheca;Janeiro;2026;44
Aérea;Minas Gerais;República Tcheca;Janeiro;2026;2
Aérea;Rio de Janeiro;República Tcheca;Janeiro;2026;318
Aérea;São Paulo;República Tcheca;Janeiro;2026;24
Aérea;São Paulo;República Tcheca;Janeiro;2026;248
Aérea;Santa Catarina;República Tcheca;Janeiro;2026;10
Aérea;Rio Grande do Sul;República Tcheca;Janeiro;2026;3
Aérea;Distrito Federal;República Tcheca;Janeiro;2026;11
Terrestre;Amazonas;República Tcheca;Janeiro;2026;1
Terrestre;Amapá;República Tcheca;Janeiro;2026;2
Terrestre;Paraná;República Tcheca;Janeiro;2026;22
Terrestre;Paraná;República Tcheca;Janeiro;2026;113
Terrestre;Santa Catarina;República Tcheca;Janeiro;2026;1
Terrestre;Rio Grande do Sul;República Tcheca;Janeiro;2026;2
Terrestre;Rio Grande do Sul;República Tcheca;Janeiro;2026;3
Terrestre;Mato Grosso do Sul;República Tcheca;Janeiro;2026;1
Marítima;Pernambuco;República Tcheca;Janeiro;2026;2
Marítima;Rio de Janeiro;República Tcheca;Janeiro;2026;4
Marítima;São Paulo;República Tcheca;Janeiro;2026;1
Marítima;Santa Catarina;República Tcheca;Janeiro;2026;3
Marítima;Santa Catarina;República Tcheca;Janeiro;2026;2
Aérea;Amazonas;República da Coreia;Janeiro;2026;22
Aérea;Ceará;República da Coreia;Janeiro;2026;1
Aérea;Bahia;República da Coreia;Janeiro;2026;6
Aérea;Bahia;República da Coreia;Janeiro;2026;10
Aérea;Minas Gerais;República da Coreia;Janeiro;2026;1
Aérea;Rio de Janeiro;República da Coreia;Janeiro;2026;347
Aérea;São Paulo;República da Coreia;Janeiro;2026;6
Aérea;São Paulo;República da Coreia;Janeiro;2026;1918
Aérea;Paraná;República da Coreia;Janeiro;2026;12
Aérea;Paraná;República da Coreia;Janeiro;2026;1
Aérea;Santa Catarina;República da Coreia;Janeiro;2026;10
Aérea;Rio Grande do Sul;República da Coreia;Janeiro;2026;4
Aérea;Distrito Federal;República da Coreia;Janeiro;2026;2
Terrestre;Roraima;República da Coreia;Janeiro;2026;1
Terrestre;Roraima;República da Coreia;Janeiro;2026;1
Terrestre;Paraná;República da Coreia;Janeiro;2026;85
Terrestre;Paraná;República da Coreia;Janeiro;2026;1516
Terrestre;Rio Grande do Sul;República da Coreia;Janeiro;2026;5
Terrestre;Rio Grande do Sul;República da Coreia;Janeiro;2026;2
Terrestre;Rio Grande do Sul;República da Coreia;Janeiro;2026;1
Terrestre;Rio Grande do Sul;República da Coreia;Janeiro;2026;4
Terrestre;Mato Grosso do Sul;República da Coreia;Janeiro;2026;16
Marítima;Ceará;República da Coreia;Janeiro;2026;2
Marítima;Rio de Janeiro;República da Coreia;Janeiro;2026;4
Marítima;Rio de Janeiro;República da Coreia;Janeiro;2026;6
Marítima;Santa Catarina;República da Coreia;Janeiro;2026;4
Marítima;Santa Catarina;República da Coreia;Janeiro;2026;1
Fluvial;Pará;República da Coreia;Janeiro;2026;2
Fluvial;Santa Catarina;República da Coreia;Janeiro;2026;3
Aérea;Rio de Janeiro;República do Kosovo;Janeiro;2026;4
Aérea;São Paulo;República do Kosovo;Janeiro;2026;1
Aérea;São Paulo;República do Kosovo;Janeiro;2026;3
Aérea;Amazonas;Romênia;Janeiro;2026;3
Aérea;Pará;Romênia;Janeiro;2026;1
Aérea;Ceará;Romênia;Janeiro;2026;14
Aérea;Rio Grande do Norte;Romênia;Janeiro;2026;6
Aérea;Pernambuco;Romênia;Janeiro;2026;1
Aérea;Pernambuco;Romênia;Janeiro;2026;8
Aérea;Alagoas;Romênia;Janeiro;2026;1
Aérea;Bahia;Romênia;Janeiro;2026;1
Aérea;Bahia;Romênia;Janeiro;2026;16
Aérea;Minas Gerais;Romênia;Janeiro;2026;1
Aérea;Rio de Janeiro;Romênia;Janeiro;2026;269
Aérea;São Paulo;Romênia;Janeiro;2026;14
Aérea;São Paulo;Romênia;Janeiro;2026;718
Aérea;Paraná;Romênia;Janeiro;2026;1
Aérea;Paraná;Romênia;Janeiro;2026;1
Aérea;Santa Catarina;Romênia;Janeiro;2026;21
Aérea;Rio Grande do Sul;Romênia;Janeiro;2026;1
Aérea;Distrito Federal;Romênia;Janeiro;2026;6
Terrestre;Paraná;Romênia;Janeiro;2026;16
Terrestre;Paraná;Romênia;Janeiro;2026;208
Terrestre;Santa Catarina;Romênia;Janeiro;2026;3
Terrestre;Rio Grande do Sul;Romênia;Janeiro;2026;1
Terrestre;Rio Grande do Sul;Romênia;Janeiro;2026;1
Terrestre;Mato Grosso do Sul;Romênia;Janeiro;2026;3
Marítima;Ceará;Romênia;Janeiro;2026;1
Marítima;Pernambuco;Romênia;Janeiro;2026;7
Marítima;Espírito Santo;Romênia;Janeiro;2026;3
Marítima;Rio de Janeiro;Romênia;Janeiro;2026;2
Marítima;Rio de Janeiro;Romênia;Janeiro;2026;2
Marítima;São Paulo;Romênia;Janeiro;2026;1
Marítima;Santa Catarina;Romênia;Janeiro;2026;3
Marítima;Santa Catarina;Romênia;Janeiro;2026;96
Marítima;Santa Catarina;Romênia;Janeiro;2026;1
Fluvial;Pará;Romênia;Janeiro;2026;2
Fluvial;Amapá;Romênia;Janeiro;2026;2
Fluvial;Amapá;Romênia;Janeiro;2026;1
Aérea;São Paulo;Ruanda;Janeiro;2026;5
Aérea;Distrito Federal;Ruanda;Janeiro;2026;1
Aérea;Pará;Rússia;Janeiro;2026;3
Aérea;Ceará;Rússia;Janeiro;2026;6
Aérea;Rio Grande do Norte;Rússia;Janeiro;2026;7
Aérea;Paraíba;Rússia;Janeiro;2026;2
Aérea;Pernambuco;Rússia;Janeiro;2026;7
Aérea;Alagoas;Rússia;Janeiro;2026;3
Aérea;Bahia;Rússia;Janeiro;2026;4
Aérea;Bahia;Rússia;Janeiro;2026;20
Aérea;Rio de Janeiro;Rússia;Janeiro;2026;638
Aérea;São Paulo;Rússia;Janeiro;2026;10
Aérea;São Paulo;Rússia;Janeiro;2026;1990
Aérea;Paraná;Rússia;Janeiro;2026;15
Aérea;Paraná;Rússia;Janeiro;2026;2
Aérea;Santa Catarina;Rússia;Janeiro;2026;117
Aérea;Rio Grande do Sul;Rússia;Janeiro;2026;8
Aérea;Distrito Federal;Rússia;Janeiro;2026;67
Terrestre;Acre;Rússia;Janeiro;2026;3
Terrestre;Amapá;Rússia;Janeiro;2026;1
Terrestre;Paraná;Rússia;Janeiro;2026;72
Terrestre;Paraná;Rússia;Janeiro;2026;614
Terrestre;Santa Catarina;Rússia;Janeiro;2026;6
Terrestre;Rio Grande do Sul;Rússia;Janeiro;2026;2
Terrestre;Rio Grande do Sul;Rússia;Janeiro;2026;22
Terrestre;Rio Grande do Sul;Rússia;Janeiro;2026;1
Terrestre;Rio Grande do Sul;Rússia;Janeiro;2026;2
Terrestre;Rio Grande do Sul;Rússia;Janeiro;2026;3
Terrestre;Rio Grande do Sul;Rússia;Janeiro;2026;12
Terrestre;Mato Grosso do Sul;Rússia;Janeiro;2026;8
Marítima;Rio de Janeiro;Rússia;Janeiro;2026;1
Marítima;Rio de Janeiro;Rússia;Janeiro;2026;29
Marítima;São Paulo;Rússia;Janeiro;2026;70
Marítima;Santa Catarina;Rússia;Janeiro;2026;7
Marítima;Santa Catarina;Rússia;Janeiro;2026;1
Fluvial;Pará;Rússia;Janeiro;2026;1
Fluvial;Rio Grande do Sul;Rússia;Janeiro;2026;33
Aérea;Rio de Janeiro;San Marino;Janeiro;2026;1
Aérea;São Paulo;San Marino;Janeiro;2026;4
Terrestre;Paraná;San Marino;Janeiro;2026;1
Aérea;Pará;Santa Lúcia;Janeiro;2026;1
Aérea;Rio de Janeiro;Santa Lúcia;Janeiro;2026;3
Aérea;São Paulo;Santa Lúcia;Janeiro;2026;5
Marítima;Pernambuco;Santa Lúcia;Janeiro;2026;1
Aérea;Bahia;Senegal;Janeiro;2026;1
Aérea;Minas Gerais;Senegal;Janeiro;2026;1
Aérea;Rio de Janeiro;Senegal;Janeiro;2026;4
Aérea;São Paulo;Senegal;Janeiro;2026;15
Terrestre;Paraná;Senegal;Janeiro;2026;1
Aérea;São Paulo;Serra Leoa;Janeiro;2026;2
Aérea;São Paulo;Somália;Janeiro;2026;1
Aérea;Rio de Janeiro;Sri Lanka;Janeiro;2026;3
Aérea;São Paulo;Sri Lanka;Janeiro;2026;8
Aérea;Rio de Janeiro;Sudão;Janeiro;2026;1
Aérea;São Paulo;Sudão;Janeiro;2026;13
Terrestre;Roraima;Sudão;Janeiro;2026;1
Aérea;Amazonas;Suriname;Janeiro;2026;2
Aérea;Pará;Suriname;Janeiro;2026;1178
Aérea;Rio de Janeiro;Suriname;Janeiro;2026;2
Aérea;São Paulo;Suriname;Janeiro;2026;11
Terrestre;Roraima;Suriname;Janeiro;2026;1
Terrestre;Amapá;Suriname;Janeiro;2026;8
Fluvial;Amapá;Suriname;Janeiro;2026;3
Aérea;Amazonas;Suécia;Janeiro;2026;18
Aérea;Pará;Suécia;Janeiro;2026;7
Aérea;Ceará;Suécia;Janeiro;2026;56
Aérea;Rio Grande do Norte;Suécia;Janeiro;2026;61
Aérea;Pernambuco;Suécia;Janeiro;2026;1
Aérea;Pernambuco;Suécia;Janeiro;2026;88
Aérea;Alagoas;Suécia;Janeiro;2026;4
Aérea;Bahia;Suécia;Janeiro;2026;1
Aérea;Bahia;Suécia;Janeiro;2026;73
Aérea;Minas Gerais;Suécia;Janeiro;2026;12
Aérea;Rio de Janeiro;Suécia;Janeiro;2026;903
Aérea;São Paulo;Suécia;Janeiro;2026;23
Aérea;São Paulo;Suécia;Janeiro;2026;1725
Aérea;Paraná;Suécia;Janeiro;2026;1
Aérea;Paraná;Suécia;Janeiro;2026;1
Aérea;Santa Catarina;Suécia;Janeiro;2026;29
Aérea;Rio Grande do Sul;Suécia;Janeiro;2026;7
Aérea;Distrito Federal;Suécia;Janeiro;2026;9
Terrestre;Acre;Suécia;Janeiro;2026;1
Terrestre;Paraná;Suécia;Janeiro;2026;62
Terrestre;Paraná;Suécia;Janeiro;2026;130
Terrestre;Rio Grande do Sul;Suécia;Janeiro;2026;6
Terrestre;Rio Grande do Sul;Suécia;Janeiro;2026;2
Terrestre;Rio Grande do Sul;Suécia;Janeiro;2026;1
Terrestre;Rio Grande do Sul;Suécia;Janeiro;2026;2
Terrestre;Rio Grande do Sul;Suécia;Janeiro;2026;6
Marítima;Pernambuco;Suécia;Janeiro;2026;2
Marítima;Rio de Janeiro;Suécia;Janeiro;2026;5
Marítima;São Paulo;Suécia;Janeiro;2026;2
Marítima;Santa Catarina;Suécia;Janeiro;2026;2
Marítima;Santa Catarina;Suécia;Janeiro;2026;3
Fluvial;Pará;Suécia;Janeiro;2026;9
Fluvial;Amapá;Suécia;Janeiro;2026;2
Fluvial;Rio Grande do Sul;Suécia;Janeiro;2026;1
Aérea;Amazonas;Suíça;Janeiro;2026;33
Aérea;Pará;Suíça;Janeiro;2026;16
Aérea;Ceará;Suíça;Janeiro;2026;224
Aérea;Rio Grande do Norte;Suíça;Janeiro;2026;73
Aérea;Pernambuco;Suíça;Janeiro;2026;203
Aérea;Alagoas;Suíça;Janeiro;2026;2
Aérea;Bahia;Suíça;Janeiro;2026;472
Aérea;Minas Gerais;Suíça;Janeiro;2026;52
Aérea;Rio de Janeiro;Suíça;Janeiro;2026;1054
Aérea;São Paulo;Suíça;Janeiro;2026;6
Aérea;São Paulo;Suíça;Janeiro;2026;2608
Aérea;Paraná;Suíça;Janeiro;2026;4
Aérea;Paraná;Suíça;Janeiro;2026;2
Aérea;Santa Catarina;Suíça;Janeiro;2026;64
Aérea;Rio Grande do Sul;Suíça;Janeiro;2026;7
Aérea;Distrito Federal;Suíça;Janeiro;2026;102
Terrestre;Rondônia;Suíça;Janeiro;2026;2
Terrestre;Acre;Suíça;Janeiro;2026;1
Terrestre;Amazonas;Suíça;Janeiro;2026;12
Terrestre;Roraima;Suíça;Janeiro;2026;1
Terrestre;Paraná;Suíça;Janeiro;2026;72
Terrestre;Paraná;Suíça;Janeiro;2026;383
Terrestre;Paraná;Suíça;Janeiro;2026;1
Terrestre;Santa Catarina;Suíça;Janeiro;2026;10
Terrestre;Santa Catarina;Suíça;Janeiro;2026;4
Terrestre;Rio Grande do Sul;Suíça;Janeiro;2026;14
Terrestre;Rio Grande do Sul;Suíça;Janeiro;2026;2
Terrestre;Rio Grande do Sul;Suíça;Janeiro;2026;3
Terrestre;Rio Grande do Sul;Suíça;Janeiro;2026;1
Terrestre;Rio Grande do Sul;Suíça;Janeiro;2026;2
Terrestre;Mato Grosso do Sul;Suíça;Janeiro;2026;5
Marítima;Maranhão;Suíça;Janeiro;2026;1
Marítima;Ceará;Suíça;Janeiro;2026;19
Marítima;Pernambuco;Suíça;Janeiro;2026;2
Marítima;Pernambuco;Suíça;Janeiro;2026;2
Marítima;Rio de Janeiro;Suíça;Janeiro;2026;9
Marítima;São Paulo;Suíça;Janeiro;2026;1
Marítima;Santa Catarina;Suíça;Janeiro;2026;1
Marítima;Santa Catarina;Suíça;Janeiro;2026;5
Fluvial;Pará;Suíça;Janeiro;2026;12
Fluvial;Amapá;Suíça;Janeiro;2026;20
Fluvial;Amapá;Suíça;Janeiro;2026;3
Fluvial;Rio Grande do Sul;Suíça;Janeiro;2026;5
Aérea;Rio de Janeiro;São Cristóvão e Nevis;Janeiro;2026;3
Aérea;São Paulo;São Cristóvão e Nevis;Janeiro;2026;1
Aérea;São Paulo;São Cristóvão e Nevis;Janeiro;2026;17
Aérea;Santa Catarina;São Cristóvão e Nevis;Janeiro;2026;1
Aérea;Distrito Federal;São Cristóvão e Nevis;Janeiro;2026;1
Terrestre;Paraná;São Cristóvão e Nevis;Janeiro;2026;3
Terrestre;Rio Grande do Sul;São Cristóvão e Nevis;Janeiro;2026;3
Aérea;Pará;São Tome e Príncipe;Janeiro;2026;1
Aérea;São Paulo;São Tome e Príncipe;Janeiro;2026;5
Aérea;Pará;São Vicente e Granadinas;Janeiro;2026;1
Aérea;Pernambuco;São Vicente e Granadinas;Janeiro;2026;2
Aérea;Rio de Janeiro;São Vicente e Granadinas;Janeiro;2026;2
Aérea;São Paulo;São Vicente e Granadinas;Janeiro;2026;2
Marítima;Pernambuco;São Vicente e Granadinas;Janeiro;2026;3
Aérea;Amazonas;Sérvia;Janeiro;2026;3
Aérea;Pará;Sérvia;Janeiro;2026;1
Aérea;Ceará;Sérvia;Janeiro;2026;6
Aérea;Pernambuco;Sérvia;Janeiro;2026;3
Aérea;Bahia;Sérvia;Janeiro;2026;1
Aérea;Rio de Janeiro;Sérvia;Janeiro;2026;208
Aérea;São Paulo;Sérvia;Janeiro;2026;7
Aérea;São Paulo;Sérvia;Janeiro;2026;122
Aérea;Paraná;Sérvia;Janeiro;2026;2
Aérea;Santa Catarina;Sérvia;Janeiro;2026;7
Terrestre;Paraná;Sérvia;Janeiro;2026;33
Terrestre;Rio Grande do Sul;Sérvia;Janeiro;2026;4
Terrestre;Rio Grande do Sul;Sérvia;Janeiro;2026;1
Marítima;Santa Catarina;Sérvia;Janeiro;2026;1
Fluvial;Rio Grande do Sul;Sérvia;Janeiro;2026;1
Aérea;Ceará;Síria;Janeiro;2026;1
Aérea;Rio de Janeiro;Síria;Janeiro;2026;4
Aérea;São Paulo;Síria;Janeiro;2026;1
Aérea;São Paulo;Síria;Janeiro;2026;41
Terrestre;Paraná;Síria;Janeiro;2026;2
Terrestre;Rio Grande do Sul;Síria;Janeiro;2026;1
Terrestre;Rio Grande do Sul;Síria;Janeiro;2026;2
Aérea;São Paulo;Tadjiquistão;Janeiro;2026;1
Aérea;Ceará;Tailândia;Janeiro;2026;4
Aérea;Pernambuco;Tailândia;Janeiro;2026;1
Aérea;Bahia;Tailândia;Janeiro;2026;4
Aérea;Rio de Janeiro;Tailândia;Janeiro;2026;27
Aérea;São Paulo;Tailândia;Janeiro;2026;158
Aérea;Paraná;Tailândia;Janeiro;2026;1
Aérea;Santa Catarina;Tailândia;Janeiro;2026;1
Aérea;Rio Grande do Sul;Tailândia;Janeiro;2026;1
Aérea;Distrito Federal;Tailândia;Janeiro;2026;2
Terrestre;Paraná;Tailândia;Janeiro;2026;1
Terrestre;Paraná;Tailândia;Janeiro;2026;3
Fluvial;Pará;Tailândia;Janeiro;2026;1
Aérea;Amazonas;Taiwan;Janeiro;2026;3
Aérea;Ceará;Taiwan;Janeiro;2026;1
Aérea;Bahia;Taiwan;Janeiro;2026;2
Aérea;Minas Gerais;Taiwan;Janeiro;2026;1
Aérea;Rio de Janeiro;Taiwan;Janeiro;2026;63
Aérea;São Paulo;Taiwan;Janeiro;2026;1
Aérea;São Paulo;Taiwan;Janeiro;2026;194
Aérea;Paraná;Taiwan;Janeiro;2026;1
Aérea;Santa Catarina;Taiwan;Janeiro;2026;2
Aérea;Distrito Federal;Taiwan;Janeiro;2026;2
Terrestre;Amazonas;Taiwan;Janeiro;2026;1
Terrestre;Paraná;Taiwan;Janeiro;2026;18
Terrestre;Paraná;Taiwan;Janeiro;2026;31
Terrestre;Rio Grande do Sul;Taiwan;Janeiro;2026;1
Terrestre;Mato Grosso do Sul;Taiwan;Janeiro;2026;1
Fluvial;Pará;Taiwan;Janeiro;2026;1
Aérea;Pará;Tanzânia;Janeiro;2026;1
Aérea;Rio de Janeiro;Tanzânia;Janeiro;2026;8
Aérea;São Paulo;Tanzânia;Janeiro;2026;13
Aérea;São Paulo;Togo;Janeiro;2026;3
Aérea;Pará;Trinidad e Tobago;Janeiro;2026;1
Aérea;Rio de Janeiro;Trinidad e Tobago;Janeiro;2026;21
Aérea;São Paulo;Trinidad e Tobago;Janeiro;2026;1
Aérea;São Paulo;Trinidad e Tobago;Janeiro;2026;30
Aérea;Rio Grande do Sul;Trinidad e Tobago;Janeiro;2026;3
Aérea;Distrito Federal;Trinidad e Tobago;Janeiro;2026;1
Terrestre;Roraima;Trinidad e Tobago;Janeiro;2026;9
Aérea;Ceará;Tunísia;Janeiro;2026;1
Aérea;Pernambuco;Tunísia;Janeiro;2026;2
Aérea;Bahia;Tunísia;Janeiro;2026;4
Aérea;Rio de Janeiro;Tunísia;Janeiro;2026;42
Aérea;São Paulo;Tunísia;Janeiro;2026;2
Aérea;São Paulo;Tunísia;Janeiro;2026;198
Aérea;Santa Catarina;Tunísia;Janeiro;2026;2
Aérea;Distrito Federal;Tunísia;Janeiro;2026;2
Aérea;São Paulo;Turcomenistão;Janeiro;2026;1
Aérea;Amazonas;Turquia;Janeiro;2026;3
Aérea;Ceará;Turquia;Janeiro;2026;4
Aérea;Pernambuco;Turquia;Janeiro;2026;4
Aérea;Bahia;Turquia;Janeiro;2026;6
Aérea;Rio de Janeiro;Turquia;Janeiro;2026;1
Aérea;Rio de Janeiro;Turquia;Janeiro;2026;107
Aérea;São Paulo;Turquia;Janeiro;2026;7
Aérea;São Paulo;Turquia;Janeiro;2026;1437
Aérea;Paraná;Turquia;Janeiro;2026;1
Aérea;Santa Catarina;Turquia;Janeiro;2026;4
Aérea;Rio Grande do Sul;Turquia;Janeiro;2026;3
Aérea;Distrito Federal;Turquia;Janeiro;2026;3
Terrestre;Paraná;Turquia;Janeiro;2026;7
Terrestre;Paraná;Turquia;Janeiro;2026;183
Terrestre;Rio Grande do Sul;Turquia;Janeiro;2026;5
Terrestre;Rio Grande do Sul;Turquia;Janeiro;2026;7
Terrestre;Mato Grosso do Sul;Turquia;Janeiro;2026;1
Marítima;Rio de Janeiro;Turquia;Janeiro;2026;35
Marítima;São Paulo;Turquia;Janeiro;2026;25
Marítima;Santa Catarina;Turquia;Janeiro;2026;5
Aérea;Amazonas;Ucrânia;Janeiro;2026;2
Aérea;Pará;Ucrânia;Janeiro;2026;1
Aérea;Ceará;Ucrânia;Janeiro;2026;11
Aérea;Rio Grande do Norte;Ucrânia;Janeiro;2026;1
Aérea;Paraíba;Ucrânia;Janeiro;2026;1
Aérea;Pernambuco;Ucrânia;Janeiro;2026;8
Aérea;Alagoas;Ucrânia;Janeiro;2026;1
Aérea;Bahia;Ucrânia;Janeiro;2026;10
Aérea;Minas Gerais;Ucrânia;Janeiro;2026;2
Aérea;Rio de Janeiro;Ucrânia;Janeiro;2026;1
Aérea;Rio de Janeiro;Ucrânia;Janeiro;2026;158
Aérea;São Paulo;Ucrânia;Janeiro;2026;21
Aérea;São Paulo;Ucrânia;Janeiro;2026;197
Aérea;Santa Catarina;Ucrânia;Janeiro;2026;22
Aérea;Rio Grande do Sul;Ucrânia;Janeiro;2026;2
Aérea;Distrito Federal;Ucrânia;Janeiro;2026;2
Terrestre;Acre;Ucrânia;Janeiro;2026;1
Terrestre;Paraná;Ucrânia;Janeiro;2026;8
Terrestre;Paraná;Ucrânia;Janeiro;2026;29
Terrestre;Santa Catarina;Ucrânia;Janeiro;2026;2
Terrestre;Rio Grande do Sul;Ucrânia;Janeiro;2026;2
Terrestre;Rio Grande do Sul;Ucrânia;Janeiro;2026;2
Terrestre;Rio Grande do Sul;Ucrânia;Janeiro;2026;1
Terrestre;Rio Grande do Sul;Ucrânia;Janeiro;2026;7
Marítima;Ceará;Ucrânia;Janeiro;2026;1
Marítima;Rio de Janeiro;Ucrânia;Janeiro;2026;6
Marítima;Rio de Janeiro;Ucrânia;Janeiro;2026;1
Marítima;São Paulo;Ucrânia;Janeiro;2026;1
Marítima;Santa Catarina;Ucrânia;Janeiro;2026;2
Marítima;Santa Catarina;Ucrânia;Janeiro;2026;2
Marítima;Santa Catarina;Ucrânia;Janeiro;2026;2
Fluvial;Pará;Ucrânia;Janeiro;2026;1
Aérea;Rio de Janeiro;Uganda;Janeiro;2026;1
Aérea;São Paulo;Uganda;Janeiro;2026;5
Terrestre;Rio Grande do Sul;Uganda;Janeiro;2026;1
Terrestre;Rio Grande do Sul;Uganda;Janeiro;2026;1
Aérea;Pará;Uruguai;Janeiro;2026;5
Aérea;Ceará;Uruguai;Janeiro;2026;613
Aérea;Rio Grande do Norte;Uruguai;Janeiro;2026;32
Aérea;Paraíba;Uruguai;Janeiro;2026;1
Aérea;Pernambuco;Uruguai;Janeiro;2026;698
Aérea;Alagoas;Uruguai;Janeiro;2026;8
Aérea;Bahia;Uruguai;Janeiro;2026;7
Aérea;Bahia;Uruguai;Janeiro;2026;1635
Aérea;Minas Gerais;Uruguai;Janeiro;2026;1
Aérea;Rio de Janeiro;Uruguai;Janeiro;2026;11
Aérea;Rio de Janeiro;Uruguai;Janeiro;2026;9492
Aérea;São Paulo;Uruguai;Janeiro;2026;1
Aérea;São Paulo;Uruguai;Janeiro;2026;6678
Aérea;São Paulo;Uruguai;Janeiro;2026;1
Aérea;Paraná;Uruguai;Janeiro;2026;2
Aérea;Paraná;Uruguai;Janeiro;2026;52
Aérea;Santa Catarina;Uruguai;Janeiro;2026;1965
Aérea;Rio Grande do Sul;Uruguai;Janeiro;2026;98
Aérea;Distrito Federal;Uruguai;Janeiro;2026;22
Terrestre;Acre;Uruguai;Janeiro;2026;2
Terrestre;Amazonas;Uruguai;Janeiro;2026;5
Terrestre;Roraima;Uruguai;Janeiro;2026;1
Terrestre;Paraná;Uruguai;Janeiro;2026;92
Terrestre;Paraná;Uruguai;Janeiro;2026;373
Terrestre;Paraná;Uruguai;Janeiro;2026;2
Terrestre;Santa Catarina;Uruguai;Janeiro;2026;34
Terrestre;Santa Catarina;Uruguai;Janeiro;2026;12
Terrestre;Rio Grande do Sul;Uruguai;Janeiro;2026;1335
Terrestre;Rio Grande do Sul;Uruguai;Janeiro;2026;31
Terrestre;Rio Grande do Sul;Uruguai;Janeiro;2026;14771
Terrestre;Rio Grande do Sul;Uruguai;Janeiro;2026;20687
Terrestre;Rio Grande do Sul;Uruguai;Janeiro;2026;3073
Terrestre;Rio Grande do Sul;Uruguai;Janeiro;2026;14424
Terrestre;Rio Grande do Sul;Uruguai;Janeiro;2026;66
Terrestre;Rio Grande do Sul;Uruguai;Janeiro;2026;614
Terrestre;Mato Grosso do Sul;Uruguai;Janeiro;2026;5
Terrestre;Mato Grosso do Sul;Uruguai;Janeiro;2026;6
Marítima;Maranhão;Uruguai;Janeiro;2026;3
Marítima;Pernambuco;Uruguai;Janeiro;2026;1
Marítima;Rio de Janeiro;Uruguai;Janeiro;2026;958
Marítima;São Paulo;Uruguai;Janeiro;2026;6
Marítima;Santa Catarina;Uruguai;Janeiro;2026;777
Marítima;Santa Catarina;Uruguai;Janeiro;2026;423
Marítima;Rio Grande do Sul;Uruguai;Janeiro;2026;2
Fluvial;Pará;Uruguai;Janeiro;2026;1
Fluvial;Rio Grande do Sul;Uruguai;Janeiro;2026;23
Fluvial;Rio Grande do Sul;Uruguai;Janeiro;2026;6
Aérea;Rio de Janeiro;Uzbequistão;Janeiro;2026;1
Aérea;São Paulo;Uzbequistão;Janeiro;2026;25
Terrestre;Rio Grande do Sul;Vanuatu;Janeiro;2026;1
Aérea;Rio de Janeiro;Vaticano;Janeiro;2026;1
Aérea;São Paulo;Vaticano;Janeiro;2026;1
Aérea;Amazonas;Venezuela;Janeiro;2026;30
Aérea;Pará;Venezuela;Janeiro;2026;18
Aérea;Ceará;Venezuela;Janeiro;2026;12
Aérea;Rio Grande do Norte;Venezuela;Janeiro;2026;9
Aérea;Paraíba;Venezuela;Janeiro;2026;1
Aérea;Pernambuco;Venezuela;Janeiro;2026;23
Aérea;Alagoas;Venezuela;Janeiro;2026;2
Aérea;Bahia;Venezuela;Janeiro;2026;3
Aérea;Bahia;Venezuela;Janeiro;2026;21
Aérea;Minas Gerais;Venezuela;Janeiro;2026;10
Aérea;Rio de Janeiro;Venezuela;Janeiro;2026;5
Aérea;Rio de Janeiro;Venezuela;Janeiro;2026;1584
Aérea;São Paulo;Venezuela;Janeiro;2026;13
Aérea;São Paulo;Venezuela;Janeiro;2026;1004
Aérea;Paraná;Venezuela;Janeiro;2026;24
Aérea;Paraná;Venezuela;Janeiro;2026;51
Aérea;Santa Catarina;Venezuela;Janeiro;2026;1117
Aérea;Rio Grande do Sul;Venezuela;Janeiro;2026;53
Aérea;Distrito Federal;Venezuela;Janeiro;2026;72
Terrestre;Rondônia;Venezuela;Janeiro;2026;6
Terrestre;Acre;Venezuela;Janeiro;2026;51
Terrestre;Acre;Venezuela;Janeiro;2026;3
Terrestre;Amazonas;Venezuela;Janeiro;2026;23
Terrestre;Roraima;Venezuela;Janeiro;2026;53
Terrestre;Roraima;Venezuela;Janeiro;2026;7943
Terrestre;Paraná;Venezuela;Janeiro;2026;61
Terrestre;Paraná;Venezuela;Janeiro;2026;225
Terrestre;Santa Catarina;Venezuela;Janeiro;2026;5
Terrestre;Santa Catarina;Venezuela;Janeiro;2026;3
Terrestre;Rio Grande do Sul;Venezuela;Janeiro;2026;2
Terrestre;Rio Grande do Sul;Venezuela;Janeiro;2026;1
Terrestre;Rio Grande do Sul;Venezuela;Janeiro;2026;78
Terrestre;Rio Grande do Sul;Venezuela;Janeiro;2026;69
Terrestre;Rio Grande do Sul;Venezuela;Janeiro;2026;7
Terrestre;Rio Grande do Sul;Venezuela;Janeiro;2026;50
Terrestre;Rio Grande do Sul;Venezuela;Janeiro;2026;20
Terrestre;Rio Grande do Sul;Venezuela;Janeiro;2026;179
Terrestre;Mato Grosso do Sul;Venezuela;Janeiro;2026;94
Terrestre;Mato Grosso do Sul;Venezuela;Janeiro;2026;9
Marítima;Maranhão;Venezuela;Janeiro;2026;1
Marítima;Rio de Janeiro;Venezuela;Janeiro;2026;37
Marítima;São Paulo;Venezuela;Janeiro;2026;2
Marítima;Santa Catarina;Venezuela;Janeiro;2026;25
Marítima;Santa Catarina;Venezuela;Janeiro;2026;21
Fluvial;Amazonas;Venezuela;Janeiro;2026;1
Fluvial;Amapá;Venezuela;Janeiro;2026;1
Aérea;Rio de Janeiro;Vietnã;Janeiro;2026;9
Aérea;São Paulo;Vietnã;Janeiro;2026;20
Terrestre;Paraná;Vietnã;Janeiro;2026;2
Marítima;Santa Catarina;Vietnã;Janeiro;2026;1
Fluvial;Pará;Vietnã;Janeiro;2026;1
Aérea;Rio de Janeiro;Zimbábue;Janeiro;2026;1
Aérea;São Paulo;Zimbábue;Janeiro;2026;25
Terrestre;Paraná;Zimbábue;Janeiro;2026;1
Marítima;Rio de Janeiro;Zimbábue;Janeiro;2026;2
Aérea;São Paulo;Zâmbia;Janeiro;2026;4
Aérea;Amazonas;África do Sul;Janeiro;2026;5
Aérea;Ceará;África do Sul;Janeiro;2026;2
Aérea;Rio Grande do Norte;África do Sul;Janeiro;2026;1
Aérea;Alagoas;África do Sul;Janeiro;2026;2
Aérea;Minas Gerais;África do Sul;Janeiro;2026;1
Aérea;Rio de Janeiro;África do Sul;Janeiro;2026;192
Aérea;São Paulo;África do Sul;Janeiro;2026;2
Aérea;São Paulo;África do Sul;Janeiro;2026;1078
Aérea;Santa Catarina;África do Sul;Janeiro;2026;6
Aérea;Distrito Federal;África do Sul;Janeiro;2026;2
Terrestre;Acre;África do Sul;Janeiro;2026;1
Terrestre;Roraima;África do Sul;Janeiro;2026;1
Terrestre;Roraima;África do Sul;Janeiro;2026;1
Terrestre;Paraná;África do Sul;Janeiro;2026;7
Terrestre;Paraná;África do Sul;Janeiro;2026;47
Terrestre;Paraná;África do Sul;Janeiro;2026;4
Terrestre;Rio Grande do Sul;África do Sul;Janeiro;2026;4
Marítima;Pernambuco;África do Sul;Janeiro;2026;1
Marítima;Bahia;África do Sul;Janeiro;2026;6
Marítima;Rio de Janeiro;África do Sul;Janeiro;2026;29
Marítima;São Paulo;África do Sul;Janeiro;2026;4
Marítima;Santa Catarina;África do Sul;Janeiro;2026;6
Marítima;Santa Catarina;África do Sul;Janeiro;2026;1
Fluvial;Pará;África do Sul;Janeiro;2026;6
Aérea;Amazonas;Áustria;Janeiro;2026;5
Aérea;Pará;Áustria;Janeiro;2026;6
Aérea;Ceará;Áustria;Janeiro;2026;59
Aérea;Rio Grande do Norte;Áustria;Janeiro;2026;20
Aérea;Pernambuco;Áustria;Janeiro;2026;176
Aérea;Bahia;Áustria;Janeiro;2026;77
Aérea;Minas Gerais;Áustria;Janeiro;2026;5
Aérea;Rio de Janeiro;Áustria;Janeiro;2026;441
Aérea;São Paulo;Áustria;Janeiro;2026;8
Aérea;São Paulo;Áustria;Janeiro;2026;1226
Aérea;Santa Catarina;Áustria;Janeiro;2026;25
Aérea;Rio Grande do Sul;Áustria;Janeiro;2026;1
Aérea;Distrito Federal;Áustria;Janeiro;2026;14
Terrestre;Acre;Áustria;Janeiro;2026;1
Terrestre;Amazonas;Áustria;Janeiro;2026;2
Terrestre;Roraima;Áustria;Janeiro;2026;4
Terrestre;Paraná;Áustria;Janeiro;2026;26
Terrestre;Paraná;Áustria;Janeiro;2026;161
Terrestre;Rio Grande do Sul;Áustria;Janeiro;2026;3
Terrestre;Rio Grande do Sul;Áustria;Janeiro;2026;2
Terrestre;Rio Grande do Sul;Áustria;Janeiro;2026;2
Terrestre;Rio Grande do Sul;Áustria;Janeiro;2026;1
Terrestre;Mato Grosso do Sul;Áustria;Janeiro;2026;1
Marítima;Ceará;Áustria;Janeiro;2026;25
Marítima;Pernambuco;Áustria;Janeiro;2026;3
Marítima;Santa Catarina;Áustria;Janeiro;2026;2
Fluvial;Santa Catarina;Áustria;Janeiro;2026;1
Fluvial;Rio Grande do Sul;Áustria;Janeiro;2026;2
Aérea;Amazonas;Índia;Janeiro;2026;1
Aérea;Pará;Índia;Janeiro;2026;1
Aérea;Ceará;Índia;Janeiro;2026;5
Aérea;Pernambuco;Índia;Janeiro;2026;2
Aérea;Bahia;Índia;Janeiro;2026;3
Aérea;Minas Gerais;Índia;Janeiro;2026;1
Aérea;Rio de Janeiro;Índia;Janeiro;2026;134
Aérea;São Paulo;Índia;Janeiro;2026;631
Aérea;Paraná;Índia;Janeiro;2026;6
Aérea;Santa Catarina;Índia;Janeiro;2026;3
Aérea;Distrito Federal;Índia;Janeiro;2026;4
Terrestre;Paraná;Índia;Janeiro;2026;4
Terrestre;Paraná;Índia;Janeiro;2026;25
Terrestre;Rio Grande do Sul;Índia;Janeiro;2026;2
Terrestre;Rio Grande do Sul;Índia;Janeiro;2026;1
Marítima;Maranhão;Índia;Janeiro;2026;1
Marítima;Santa Catarina;Índia;Janeiro;2026;12
Marítima;Santa Catarina;Índia;Janeiro;2026;29
Fluvial;Pará;Índia;Janeiro;2026;3
Aérea;São Paulo;Afeganistão;Fevereiro;2026;2
Terrestre;Santa Catarina;Afeganistão;Fevereiro;2026;1
Terrestre;Rio Grande do Sul;Afeganistão;Fevereiro;2026;1
Terrestre;Rio Grande do Sul;Afeganistão;Fevereiro;2026;4
Fluvial;Rio Grande do Sul;Afeganistão;Fevereiro;2026;1
Aérea;Ceará;Albânia;Fevereiro;2026;2
Aérea;Alagoas;Albânia;Fevereiro;2026;1
Aérea;Bahia;Albânia;Fevereiro;2026;3
Aérea;Minas Gerais;Albânia;Fevereiro;2026;1
Aérea;Rio de Janeiro;Albânia;Fevereiro;2026;51
Aérea;São Paulo;Albânia;Fevereiro;2026;65
Aérea;Santa Catarina;Albânia;Fevereiro;2026;1
Aérea;Amazonas;Alemanha;Fevereiro;2026;102
Aérea;Pará;Alemanha;Fevereiro;2026;66
Aérea;Ceará;Alemanha;Fevereiro;2026;474
Aérea;Rio Grande do Norte;Alemanha;Fevereiro;2026;91
Aérea;Paraíba;Alemanha;Fevereiro;2026;1
Aérea;Pernambuco;Alemanha;Fevereiro;2026;738
Aérea;Alagoas;Alemanha;Fevereiro;2026;26
Aérea;Bahia;Alemanha;Fevereiro;2026;4
Aérea;Bahia;Alemanha;Fevereiro;2026;1020
Aérea;Minas Gerais;Alemanha;Fevereiro;2026;492
Aérea;Rio de Janeiro;Alemanha;Fevereiro;2026;7003
Aérea;São Paulo;Alemanha;Fevereiro;2026;512
Aérea;São Paulo;Alemanha;Fevereiro;2026;15908
Aérea;Paraná;Alemanha;Fevereiro;2026;12
Aérea;Paraná;Alemanha;Fevereiro;2026;27
Aérea;Santa Catarina;Alemanha;Fevereiro;2026;540
Aérea;Rio Grande do Sul;Alemanha;Fevereiro;2026;264
Aérea;Distrito Federal;Alemanha;Fevereiro;2026;330
Terrestre;Rondônia;Alemanha;Fevereiro;2026;18
Terrestre;Acre;Alemanha;Fevereiro;2026;13
Terrestre;Amazonas;Alemanha;Fevereiro;2026;32
Terrestre;Roraima;Alemanha;Fevereiro;2026;4
Terrestre;Roraima;Alemanha;Fevereiro;2026;4
Terrestre;Amapá;Alemanha;Fevereiro;2026;4
Terrestre;Paraná;Alemanha;Fevereiro;2026;295
Terrestre;Paraná;Alemanha;Fevereiro;2026;1221
Terrestre;Paraná;Alemanha;Fevereiro;2026;1
Terrestre;Paraná;Alemanha;Fevereiro;2026;2
Terrestre;Santa Catarina;Alemanha;Fevereiro;2026;13
Terrestre;Santa Catarina;Alemanha;Fevereiro;2026;2
Terrestre;Rio Grande do Sul;Alemanha;Fevereiro;2026;66
Terrestre;Rio Grande do Sul;Alemanha;Fevereiro;2026;7
Terrestre;Rio Grande do Sul;Alemanha;Fevereiro;2026;1
Terrestre;Rio Grande do Sul;Alemanha;Fevereiro;2026;1
Terrestre;Rio Grande do Sul;Alemanha;Fevereiro;2026;11
Terrestre;Rio Grande do Sul;Alemanha;Fevereiro;2026;12
Terrestre;Mato Grosso do Sul;Alemanha;Fevereiro;2026;23
Terrestre;Mato Grosso do Sul;Alemanha;Fevereiro;2026;10
Marítima;Ceará;Alemanha;Fevereiro;2026;749
Marítima;Ceará;Alemanha;Fevereiro;2026;18
Marítima;Pernambuco;Alemanha;Fevereiro;2026;9
Marítima;Pernambuco;Alemanha;Fevereiro;2026;17
Marítima;Bahia;Alemanha;Fevereiro;2026;7
Marítima;Rio de Janeiro;Alemanha;Fevereiro;2026;87
Marítima;São Paulo;Alemanha;Fevereiro;2026;24
Marítima;Santa Catarina;Alemanha;Fevereiro;2026;2063
Marítima;Santa Catarina;Alemanha;Fevereiro;2026;2
Marítima;Santa Catarina;Alemanha;Fevereiro;2026;179
Marítima;Rio Grande do Sul;Alemanha;Fevereiro;2026;29
Fluvial;Santa Catarina;Alemanha;Fevereiro;2026;1
Fluvial;Rio Grande do Sul;Alemanha;Fevereiro;2026;5
Aérea;Ceará;Andorra;Fevereiro;2026;1
Aérea;Minas Gerais;Andorra;Fevereiro;2026;1
Aérea;Rio de Janeiro;Andorra;Fevereiro;2026;6
Aérea;São Paulo;Andorra;Fevereiro;2026;5
Aérea;Santa Catarina;Andorra;Fevereiro;2026;1
Terrestre;Paraná;Andorra;Fevereiro;2026;1
Aérea;Amazonas;Angola;Fevereiro;2026;1
Aérea;Ceará;Angola;Fevereiro;2026;1
Aérea;Pernambuco;Angola;Fevereiro;2026;3
Aérea;Minas Gerais;Angola;Fevereiro;2026;2
Aérea;Rio de Janeiro;Angola;Fevereiro;2026;21
Aérea;São Paulo;Angola;Fevereiro;2026;3
Aérea;São Paulo;Angola;Fevereiro;2026;485
Aérea;São Paulo;Angola;Fevereiro;2026;1
Aérea;Santa Catarina;Angola;Fevereiro;2026;2
Aérea;Distrito Federal;Angola;Fevereiro;2026;2
Terrestre;Paraná;Angola;Fevereiro;2026;1
Aérea;Rio de Janeiro;Antilhas Holandesas;Fevereiro;2026;1
Marítima;Rio de Janeiro;Antilhas Holandesas;Fevereiro;2026;1
Aérea;Rio de Janeiro;Antígua e Barbuda;Fevereiro;2026;8
Aérea;São Paulo;Antígua e Barbuda;Fevereiro;2026;9
Aérea;Santa Catarina;Antígua e Barbuda;Fevereiro;2026;1
Aérea;Amazonas;Argentina;Fevereiro;2026;20
Aérea;Roraima;Argentina;Fevereiro;2026;3
Aérea;Pará;Argentina;Fevereiro;2026;16
Aérea;Ceará;Argentina;Fevereiro;2026;1554
Aérea;Rio Grande do Norte;Argentina;Fevereiro;2026;6013
Aérea;Paraíba;Argentina;Fevereiro;2026;249
Aérea;Pernambuco;Argentina;Fevereiro;2026;8005
Aérea;Alagoas;Argentina;Fevereiro;2026;5210
Aérea;Bahia;Argentina;Fevereiro;2026;3802
Aérea;Bahia;Argentina;Fevereiro;2026;9990
Aérea;Minas Gerais;Argentina;Fevereiro;2026;20
Aérea;Rio de Janeiro;Argentina;Fevereiro;2026;3138
Aérea;Rio de Janeiro;Argentina;Fevereiro;2026;96056
Aérea;São Paulo;Argentina;Fevereiro;2026;75
Aérea;São Paulo;Argentina;Fevereiro;2026;44761
Aérea;São Paulo;Argentina;Fevereiro;2026;6
Aérea;São Paulo;Argentina;Fevereiro;2026;1
Aérea;Paraná;Argentina;Fevereiro;2026;32
Aérea;Paraná;Argentina;Fevereiro;2026;528
Aérea;Santa Catarina;Argentina;Fevereiro;2026;63225
Aérea;Santa Catarina;Argentina;Fevereiro;2026;17
Aérea;Rio Grande do Sul;Argentina;Fevereiro;2026;1229
Aérea;Rio Grande do Sul;Argentina;Fevereiro;2026;13
Aérea;Distrito Federal;Argentina;Fevereiro;2026;2825
Terrestre;Amazonas;Argentina;Fevereiro;2026;6
Terrestre;Roraima;Argentina;Fevereiro;2026;4
Terrestre;Amapá;Argentina;Fevereiro;2026;3
Terrestre;Paraná;Argentina;Fevereiro;2026;364
Terrestre;Paraná;Argentina;Fevereiro;2026;6154
Terrestre;Paraná;Argentina;Fevereiro;2026;34119
Terrestre;Paraná;Argentina;Fevereiro;2026;175
Terrestre;Paraná;Argentina;Fevereiro;2026;13
Terrestre;Paraná;Argentina;Fevereiro;2026;373
Terrestre;Santa Catarina;Argentina;Fevereiro;2026;25681
Terrestre;Santa Catarina;Argentina;Fevereiro;2026;14624
Terrestre;Rio Grande do Sul;Argentina;Fevereiro;2026;48
Terrestre;Rio Grande do Sul;Argentina;Fevereiro;2026;21
Terrestre;Rio Grande do Sul;Argentina;Fevereiro;2026;1181
Terrestre;Rio Grande do Sul;Argentina;Fevereiro;2026;1412
Terrestre;Rio Grande do Sul;Argentina;Fevereiro;2026;2046
Terrestre;Rio Grande do Sul;Argentina;Fevereiro;2026;26869
Terrestre;Rio Grande do Sul;Argentina;Fevereiro;2026;67
Terrestre;Rio Grande do Sul;Argentina;Fevereiro;2026;31732
Terrestre;Rio Grande do Sul;Argentina;Fevereiro;2026;115991
Terrestre;Mato Grosso do Sul;Argentina;Fevereiro;2026;26
Terrestre;Mato Grosso do Sul;Argentina;Fevereiro;2026;72
Marítima;Maranhão;Argentina;Fevereiro;2026;49
Marítima;Pernambuco;Argentina;Fevereiro;2026;3
Marítima;Alagoas;Argentina;Fevereiro;2026;14
Marítima;Bahia;Argentina;Fevereiro;2026;44
Marítima;Rio de Janeiro;Argentina;Fevereiro;2026;4
Marítima;Rio de Janeiro;Argentina;Fevereiro;2026;10944
Marítima;São Paulo;Argentina;Fevereiro;2026;2674
Marítima;Santa Catarina;Argentina;Fevereiro;2026;9695
Marítima;Santa Catarina;Argentina;Fevereiro;2026;1
Marítima;Santa Catarina;Argentina;Fevereiro;2026;2620
Marítima;Santa Catarina;Argentina;Fevereiro;2026;2
Marítima;Rio Grande do Sul;Argentina;Fevereiro;2026;8
Fluvial;Santa Catarina;Argentina;Fevereiro;2026;290
Fluvial;Rio Grande do Sul;Argentina;Fevereiro;2026;5594
Fluvial;Rio Grande do Sul;Argentina;Fevereiro;2026;4981
Aérea;Ceará;Argélia;Fevereiro;2026;1
Aérea;Rio de Janeiro;Argélia;Fevereiro;2026;12
Aérea;São Paulo;Argélia;Fevereiro;2026;18
Terrestre;Santa Catarina;Argélia;Fevereiro;2026;2
Terrestre;Rio Grande do Sul;Argélia;Fevereiro;2026;1
Terrestre;Rio Grande do Sul;Argélia;Fevereiro;2026;2
Terrestre;Rio Grande do Sul;Argélia;Fevereiro;2026;2
Aérea;Ceará;Armênia;Fevereiro;2026;1
Aérea;Pernambuco;Armênia;Fevereiro;2026;1
Aérea;Rio de Janeiro;Armênia;Fevereiro;2026;24
Aérea;São Paulo;Armênia;Fevereiro;2026;1
Aérea;São Paulo;Armênia;Fevereiro;2026;117
Aérea;Santa Catarina;Armênia;Fevereiro;2026;4
Aérea;Rio Grande do Sul;Armênia;Fevereiro;2026;1
Terrestre;Paraná;Armênia;Fevereiro;2026;3
Terrestre;Paraná;Armênia;Fevereiro;2026;12
Terrestre;Santa Catarina;Armênia;Fevereiro;2026;3
Terrestre;Rio Grande do Sul;Armênia;Fevereiro;2026;1
Marítima;Rio de Janeiro;Armênia;Fevereiro;2026;2
Marítima;Santa Catarina;Armênia;Fevereiro;2026;1
Aérea;Rio de Janeiro;Arábia Saudita;Fevereiro;2026;11
Aérea;São Paulo;Arábia Saudita;Fevereiro;2026;37
Terrestre;Paraná;Arábia Saudita;Fevereiro;2026;1
Aérea;Amazonas;Austrália;Fevereiro;2026;17
Aérea;Pará;Austrália;Fevereiro;2026;1
Aérea;Ceará;Austrália;Fevereiro;2026;3
Aérea;Pernambuco;Austrália;Fevereiro;2026;6
Aérea;Bahia;Austrália;Fevereiro;2026;18
Aérea;Minas Gerais;Austrália;Fevereiro;2026;17
Aérea;Rio de Janeiro;Austrália;Fevereiro;2026;2968
Aérea;São Paulo;Austrália;Fevereiro;2026;3
Aérea;São Paulo;Austrália;Fevereiro;2026;4790
Aérea;São Paulo;Austrália;Fevereiro;2026;1
Aérea;Paraná;Austrália;Fevereiro;2026;11
Aérea;Paraná;Austrália;Fevereiro;2026;28
Aérea;Santa Catarina;Austrália;Fevereiro;2026;66
Aérea;Rio Grande do Sul;Austrália;Fevereiro;2026;42
Aérea;Distrito Federal;Austrália;Fevereiro;2026;24
Terrestre;Acre;Austrália;Fevereiro;2026;2
Terrestre;Amazonas;Austrália;Fevereiro;2026;5
Terrestre;Roraima;Austrália;Fevereiro;2026;4
Terrestre;Paraná;Austrália;Fevereiro;2026;17
Terrestre;Paraná;Austrália;Fevereiro;2026;657
Terrestre;Rio Grande do Sul;Austrália;Fevereiro;2026;1
Terrestre;Rio Grande do Sul;Austrália;Fevereiro;2026;2
Terrestre;Rio Grande do Sul;Austrália;Fevereiro;2026;99
Terrestre;Mato Grosso do Sul;Austrália;Fevereiro;2026;4
Marítima;Pernambuco;Austrália;Fevereiro;2026;2
Marítima;Pernambuco;Austrália;Fevereiro;2026;7
Marítima;Bahia;Austrália;Fevereiro;2026;4
Marítima;Espírito Santo;Austrália;Fevereiro;2026;1
Marítima;Rio de Janeiro;Austrália;Fevereiro;2026;201
Marítima;São Paulo;Austrália;Fevereiro;2026;3
Marítima;Santa Catarina;Austrália;Fevereiro;2026;6
Marítima;Rio Grande do Sul;Austrália;Fevereiro;2026;19
Aérea;Pará;Azerbaijão;Fevereiro;2026;3
Aérea;Pernambuco;Azerbaijão;Fevereiro;2026;1
Aérea;Rio de Janeiro;Azerbaijão;Fevereiro;2026;7
Aérea;São Paulo;Azerbaijão;Fevereiro;2026;20
Aérea;Rio de Janeiro;Bahamas;Fevereiro;2026;18
Aérea;São Paulo;Bahamas;Fevereiro;2026;1
Aérea;São Paulo;Bahamas;Fevereiro;2026;16
Aérea;Distrito Federal;Bahamas;Fevereiro;2026;1
Aérea;Rio de Janeiro;Bangladesh;Fevereiro;2026;1
Aérea;São Paulo;Bangladesh;Fevereiro;2026;41
Aérea;Santa Catarina;Bangladesh;Fevereiro;2026;1
Aérea;Distrito Federal;Bangladesh;Fevereiro;2026;2
Terrestre;Paraná;Bangladesh;Fevereiro;2026;2
Aérea;Amazonas;Barbados;Fevereiro;2026;1
Aérea;Rio de Janeiro;Barbados;Fevereiro;2026;5
Aérea;São Paulo;Barbados;Fevereiro;2026;6
Terrestre;Roraima;Barbados;Fevereiro;2026;1
Aérea;Rio de Janeiro;Barein;Fevereiro;2026;5
Aérea;São Paulo;Barein;Fevereiro;2026;3
Aérea;Rio de Janeiro;Belize;Fevereiro;2026;12
Aérea;São Paulo;Belize;Fevereiro;2026;11
Aérea;Rio de Janeiro;Benin;Fevereiro;2026;1
Aérea;São Paulo;Benin;Fevereiro;2026;11
Aérea;Amazonas;Bielorússia;Fevereiro;2026;1
Aérea;Ceará;Bielorússia;Fevereiro;2026;3
Aérea;Pernambuco;Bielorússia;Fevereiro;2026;3
Aérea;Bahia;Bielorússia;Fevereiro;2026;2
Aérea;Minas Gerais;Bielorússia;Fevereiro;2026;1
Aérea;Rio de Janeiro;Bielorússia;Fevereiro;2026;52
Aérea;São Paulo;Bielorússia;Fevereiro;2026;3
Aérea;São Paulo;Bielorússia;Fevereiro;2026;89
Aérea;Santa Catarina;Bielorússia;Fevereiro;2026;1
Aérea;Distrito Federal;Bielorússia;Fevereiro;2026;2
Terrestre;Paraná;Bielorússia;Fevereiro;2026;2
Terrestre;Paraná;Bielorússia;Fevereiro;2026;37
Terrestre;Rio Grande do Sul;Bielorússia;Fevereiro;2026;2
Terrestre;Rio Grande do Sul;Bielorússia;Fevereiro;2026;3
Marítima;Pernambuco;Bielorússia;Fevereiro;2026;1
Marítima;Rio de Janeiro;Bielorússia;Fevereiro;2026;1
Marítima;Santa Catarina;Bielorússia;Fevereiro;2026;2
Aérea;Amazonas;Bolívia;Fevereiro;2026;2
Aérea;Roraima;Bolívia;Fevereiro;2026;1
Aérea;Ceará;Bolívia;Fevereiro;2026;3
Aérea;Rio Grande do Norte;Bolívia;Fevereiro;2026;1
Aérea;Paraíba;Bolívia;Fevereiro;2026;1
Aérea;Pernambuco;Bolívia;Fevereiro;2026;4
Aérea;Alagoas;Bolívia;Fevereiro;2026;1
Aérea;Bahia;Bolívia;Fevereiro;2026;2
Aérea;Bahia;Bolívia;Fevereiro;2026;8
Aérea;Minas Gerais;Bolívia;Fevereiro;2026;3
Aérea;Rio de Janeiro;Bolívia;Fevereiro;2026;2
Aérea;Rio de Janeiro;Bolívia;Fevereiro;2026;965
Aérea;São Paulo;Bolívia;Fevereiro;2026;1
Aérea;São Paulo;Bolívia;Fevereiro;2026;4647
Aérea;Paraná;Bolívia;Fevereiro;2026;13
Aérea;Paraná;Bolívia;Fevereiro;2026;1
Aérea;Santa Catarina;Bolívia;Fevereiro;2026;164
Aérea;Rio Grande do Sul;Bolívia;Fevereiro;2026;4
Aérea;Distrito Federal;Bolívia;Fevereiro;2026;6
Terrestre;Rondônia;Bolívia;Fevereiro;2026;372
Terrestre;Rondônia;Bolívia;Fevereiro;2026;7
Terrestre;Acre;Bolívia;Fevereiro;2026;37
Terrestre;Acre;Bolívia;Fevereiro;2026;272
Terrestre;Amazonas;Bolívia;Fevereiro;2026;3
Terrestre;Roraima;Bolívia;Fevereiro;2026;1
Terrestre;Roraima;Bolívia;Fevereiro;2026;2
Terrestre;Amapá;Bolívia;Fevereiro;2026;7
Terrestre;Paraná;Bolívia;Fevereiro;2026;169
Terrestre;Paraná;Bolívia;Fevereiro;2026;163
Terrestre;Santa Catarina;Bolívia;Fevereiro;2026;5
Terrestre;Santa Catarina;Bolívia;Fevereiro;2026;3
Terrestre;Rio Grande do Sul;Bolívia;Fevereiro;2026;1
Terrestre;Rio Grande do Sul;Bolívia;Fevereiro;2026;9
Terrestre;Rio Grande do Sul;Bolívia;Fevereiro;2026;1
Terrestre;Rio Grande do Sul;Bolívia;Fevereiro;2026;38
Terrestre;Rio Grande do Sul;Bolívia;Fevereiro;2026;23
Terrestre;Rio Grande do Sul;Bolívia;Fevereiro;2026;157
Terrestre;Mato Grosso do Sul;Bolívia;Fevereiro;2026;4120
Terrestre;Mato Grosso do Sul;Bolívia;Fevereiro;2026;17
Terrestre;Mato Grosso;Bolívia;Fevereiro;2026;57
Marítima;Rio de Janeiro;Bolívia;Fevereiro;2026;12
Marítima;São Paulo;Bolívia;Fevereiro;2026;10
Marítima;Santa Catarina;Bolívia;Fevereiro;2026;16
Marítima;Santa Catarina;Bolívia;Fevereiro;2026;2
Fluvial;Amapá;Bolívia;Fevereiro;2026;1
Aérea;Rio de Janeiro;Botsuana;Fevereiro;2026;1
Aérea;São Paulo;Botsuana;Fevereiro;2026;7
Terrestre;Roraima;Botsuana;Fevereiro;2026;1
Aérea;Amazonas;Bulgária;Fevereiro;2026;1
Aérea;Pará;Bulgária;Fevereiro;2026;1
Aérea;Ceará;Bulgária;Fevereiro;2026;7
Aérea;Rio Grande do Norte;Bulgária;Fevereiro;2026;3
Aérea;Pernambuco;Bulgária;Fevereiro;2026;2
Aérea;Bahia;Bulgária;Fevereiro;2026;10
Aérea;Minas Gerais;Bulgária;Fevereiro;2026;2
Aérea;Rio de Janeiro;Bulgária;Fevereiro;2026;266
Aérea;São Paulo;Bulgária;Fevereiro;2026;13
Aérea;São Paulo;Bulgária;Fevereiro;2026;301
Aérea;Paraná;Bulgária;Fevereiro;2026;2
Aérea;Santa Catarina;Bulgária;Fevereiro;2026;11
Aérea;Distrito Federal;Bulgária;Fevereiro;2026;3
Terrestre;Amazonas;Bulgária;Fevereiro;2026;1
Terrestre;Paraná;Bulgária;Fevereiro;2026;132
Terrestre;Rio Grande do Sul;Bulgária;Fevereiro;2026;2
Marítima;Bahia;Bulgária;Fevereiro;2026;1
Marítima;Rio de Janeiro;Bulgária;Fevereiro;2026;5
Marítima;Santa Catarina;Bulgária;Fevereiro;2026;26
Aérea;São Paulo;Burkina Faso;Fevereiro;2026;2
Aérea;São Paulo;Burundi;Fevereiro;2026;2
Aérea;Distrito Federal;Butão;Fevereiro;2026;1
Aérea;Amazonas;Bélgica;Fevereiro;2026;13
Aérea;Pará;Bélgica;Fevereiro;2026;13
Aérea;Ceará;Bélgica;Fevereiro;2026;105
Aérea;Rio Grande do Norte;Bélgica;Fevereiro;2026;29
Aérea;Pernambuco;Bélgica;Fevereiro;2026;82
Aérea;Alagoas;Bélgica;Fevereiro;2026;2
Aérea;Bahia;Bélgica;Fevereiro;2026;2
Aérea;Bahia;Bélgica;Fevereiro;2026;121
Aérea;Minas Gerais;Bélgica;Fevereiro;2026;62
Aérea;Rio de Janeiro;Bélgica;Fevereiro;2026;1229
Aérea;São Paulo;Bélgica;Fevereiro;2026;34
Aérea;São Paulo;Bélgica;Fevereiro;2026;1984
Aérea;Paraná;Bélgica;Fevereiro;2026;1
Aérea;Santa Catarina;Bélgica;Fevereiro;2026;62
Aérea;Rio Grande do Sul;Bélgica;Fevereiro;2026;15
Aérea;Distrito Federal;Bélgica;Fevereiro;2026;47
Terrestre;Amazonas;Bélgica;Fevereiro;2026;4
Terrestre;Roraima;Bélgica;Fevereiro;2026;2
Terrestre;Roraima;Bélgica;Fevereiro;2026;3
Terrestre;Amapá;Bélgica;Fevereiro;2026;5
Terrestre;Paraná;Bélgica;Fevereiro;2026;13
Terrestre;Paraná;Bélgica;Fevereiro;2026;212
Terrestre;Santa Catarina;Bélgica;Fevereiro;2026;1
Terrestre;Rio Grande do Sul;Bélgica;Fevereiro;2026;14
Terrestre;Rio Grande do Sul;Bélgica;Fevereiro;2026;2
Terrestre;Mato Grosso do Sul;Bélgica;Fevereiro;2026;2
Terrestre;Mato Grosso do Sul;Bélgica;Fevereiro;2026;2
Marítima;Ceará;Bélgica;Fevereiro;2026;2
Marítima;Paraíba;Bélgica;Fevereiro;2026;2
Marítima;Pernambuco;Bélgica;Fevereiro;2026;3
Marítima;Pernambuco;Bélgica;Fevereiro;2026;2
Marítima;Bahia;Bélgica;Fevereiro;2026;3
Marítima;Rio de Janeiro;Bélgica;Fevereiro;2026;21
Marítima;São Paulo;Bélgica;Fevereiro;2026;1
Marítima;Santa Catarina;Bélgica;Fevereiro;2026;14
Marítima;Rio Grande do Sul;Bélgica;Fevereiro;2026;14
Aérea;Ceará;Bósnia-Herzegovina;Fevereiro;2026;1
Aérea;Rio Grande do Norte;Bósnia-Herzegovina;Fevereiro;2026;1
Aérea;Bahia;Bósnia-Herzegovina;Fevereiro;2026;3
Aérea;Rio de Janeiro;Bósnia-Herzegovina;Fevereiro;2026;24
Aérea;São Paulo;Bósnia-Herzegovina;Fevereiro;2026;1
Aérea;São Paulo;Bósnia-Herzegovina;Fevereiro;2026;24
Terrestre;Paraná;Bósnia-Herzegovina;Fevereiro;2026;3
Aérea;Pará;Cabo Verde;Fevereiro;2026;1
Aérea;Ceará;Cabo Verde;Fevereiro;2026;1
Aérea;Bahia;Cabo Verde;Fevereiro;2026;1
Aérea;Rio de Janeiro;Cabo Verde;Fevereiro;2026;37
Aérea;São Paulo;Cabo Verde;Fevereiro;2026;2
Aérea;São Paulo;Cabo Verde;Fevereiro;2026;26
Aérea;Santa Catarina;Cabo Verde;Fevereiro;2026;3
Aérea;Distrito Federal;Cabo Verde;Fevereiro;2026;5
Aérea;Bahia;Camarões;Fevereiro;2026;2
Aérea;Rio de Janeiro;Camarões;Fevereiro;2026;5
Aérea;São Paulo;Camarões;Fevereiro;2026;48
Aérea;Santa Catarina;Camarões;Fevereiro;2026;1
Aérea;Distrito Federal;Camarões;Fevereiro;2026;1
Terrestre;Amapá;Camarões;Fevereiro;2026;1
Aérea;São Paulo;Camboja;Fevereiro;2026;1
Aérea;Amazonas;Canadá;Fevereiro;2026;60
Aérea;Pará;Canadá;Fevereiro;2026;5
Aérea;Ceará;Canadá;Fevereiro;2026;7
Aérea;Rio Grande do Norte;Canadá;Fevereiro;2026;4
Aérea;Pernambuco;Canadá;Fevereiro;2026;2
Aérea;Bahia;Canadá;Fevereiro;2026;3
Aérea;Bahia;Canadá;Fevereiro;2026;132
Aérea;Minas Gerais;Canadá;Fevereiro;2026;21
Aérea;Rio de Janeiro;Canadá;Fevereiro;2026;1
Aérea;Rio de Janeiro;Canadá;Fevereiro;2026;7018
Aérea;São Paulo;Canadá;Fevereiro;2026;12
Aérea;São Paulo;Canadá;Fevereiro;2026;7337
Aérea;São Paulo;Canadá;Fevereiro;2026;1
Aérea;Paraná;Canadá;Fevereiro;2026;3
Aérea;Paraná;Canadá;Fevereiro;2026;13
Aérea;Santa Catarina;Canadá;Fevereiro;2026;76
Aérea;Rio Grande do Sul;Canadá;Fevereiro;2026;16
Aérea;Distrito Federal;Canadá;Fevereiro;2026;66
Terrestre;Amazonas;Canadá;Fevereiro;2026;9
Terrestre;Roraima;Canadá;Fevereiro;2026;1
Terrestre;Amapá;Canadá;Fevereiro;2026;1
Terrestre;Paraná;Canadá;Fevereiro;2026;77
Terrestre;Paraná;Canadá;Fevereiro;2026;725
Terrestre;Rio Grande do Sul;Canadá;Fevereiro;2026;9
Terrestre;Rio Grande do Sul;Canadá;Fevereiro;2026;2
Terrestre;Mato Grosso do Sul;Canadá;Fevereiro;2026;1
Marítima;Pernambuco;Canadá;Fevereiro;2026;2
Marítima;Pernambuco;Canadá;Fevereiro;2026;2
Marítima;Bahia;Canadá;Fevereiro;2026;5
Marítima;Espírito Santo;Canadá;Fevereiro;2026;1
Marítima;Rio de Janeiro;Canadá;Fevereiro;2026;367
Marítima;São Paulo;Canadá;Fevereiro;2026;27
Marítima;Santa Catarina;Canadá;Fevereiro;2026;35
Marítima;Santa Catarina;Canadá;Fevereiro;2026;6
Marítima;Rio Grande do Sul;Canadá;Fevereiro;2026;37
Fluvial;Rio Grande do Sul;Canadá;Fevereiro;2026;2
Aérea;Pernambuco;Casaquistão;Fevereiro;2026;4
Aérea;Bahia;Casaquistão;Fevereiro;2026;1
Aérea;Rio de Janeiro;Casaquistão;Fevereiro;2026;36
Aérea;São Paulo;Casaquistão;Fevereiro;2026;2
Aérea;São Paulo;Casaquistão;Fevereiro;2026;184
Aérea;Santa Catarina;Casaquistão;Fevereiro;2026;4
Aérea;Distrito Federal;Casaquistão;Fevereiro;2026;1
Terrestre;Paraná;Casaquistão;Fevereiro;2026;43
Marítima;São Paulo;Casaquistão;Fevereiro;2026;21
Marítima;Santa Catarina;Casaquistão;Fevereiro;2026;12
Aérea;São Paulo;Catar;Fevereiro;2026;34
Aérea;Pará;Chile;Fevereiro;2026;3
Aérea;Ceará;Chile;Fevereiro;2026;926
Aérea;Rio Grande do Norte;Chile;Fevereiro;2026;36
Aérea;Pernambuco;Chile;Fevereiro;2026;567
Aérea;Alagoas;Chile;Fevereiro;2026;2
Aérea;Bahia;Chile;Fevereiro;2026;3
Aérea;Bahia;Chile;Fevereiro;2026;1640
Aérea;Minas Gerais;Chile;Fevereiro;2026;264
Aérea;Rio de Janeiro;Chile;Fevereiro;2026;2
Aérea;Rio de Janeiro;Chile;Fevereiro;2026;56053
Aérea;São Paulo;Chile;Fevereiro;2026;98
Aérea;São Paulo;Chile;Fevereiro;2026;23089
Aérea;São Paulo;Chile;Fevereiro;2026;13
Aérea;São Paulo;Chile;Fevereiro;2026;7
Aérea;Paraná;Chile;Fevereiro;2026;1416
Aérea;Paraná;Chile;Fevereiro;2026;393
Aérea;Santa Catarina;Chile;Fevereiro;2026;45914
Aérea;Rio Grande do Sul;Chile;Fevereiro;2026;986
Aérea;Distrito Federal;Chile;Fevereiro;2026;1103
Terrestre;Rondônia;Chile;Fevereiro;2026;1
Terrestre;Acre;Chile;Fevereiro;2026;3
Terrestre;Acre;Chile;Fevereiro;2026;3
Terrestre;Amazonas;Chile;Fevereiro;2026;12
Terrestre;Roraima;Chile;Fevereiro;2026;5
Terrestre;Paraná;Chile;Fevereiro;2026;158
Terrestre;Paraná;Chile;Fevereiro;2026;1306
Terrestre;Paraná;Chile;Fevereiro;2026;1
Terrestre;Paraná;Chile;Fevereiro;2026;1
Terrestre;Santa Catarina;Chile;Fevereiro;2026;12
Terrestre;Santa Catarina;Chile;Fevereiro;2026;17
Terrestre;Rio Grande do Sul;Chile;Fevereiro;2026;120
Terrestre;Rio Grande do Sul;Chile;Fevereiro;2026;38
Terrestre;Rio Grande do Sul;Chile;Fevereiro;2026;4
Terrestre;Rio Grande do Sul;Chile;Fevereiro;2026;37
Terrestre;Rio Grande do Sul;Chile;Fevereiro;2026;32
Terrestre;Rio Grande do Sul;Chile;Fevereiro;2026;311
Terrestre;Mato Grosso do Sul;Chile;Fevereiro;2026;29
Terrestre;Mato Grosso do Sul;Chile;Fevereiro;2026;6
Marítima;Maranhão;Chile;Fevereiro;2026;7
Marítima;Bahia;Chile;Fevereiro;2026;11
Marítima;Rio de Janeiro;Chile;Fevereiro;2026;326
Marítima;São Paulo;Chile;Fevereiro;2026;368
Marítima;Santa Catarina;Chile;Fevereiro;2026;405
Marítima;Santa Catarina;Chile;Fevereiro;2026;349
Marítima;Rio Grande do Sul;Chile;Fevereiro;2026;1
Fluvial;Santa Catarina;Chile;Fevereiro;2026;2
Fluvial;Rio Grande do Sul;Chile;Fevereiro;2026;4
Aérea;Amazonas;China;Fevereiro;2026;23
Aérea;Pará;China;Fevereiro;2026;9
Aérea;Ceará;China;Fevereiro;2026;23
Aérea;Rio Grande do Norte;China;Fevereiro;2026;2
Aérea;Pernambuco;China;Fevereiro;2026;1
Aérea;Bahia;China;Fevereiro;2026;22
Aérea;Minas Gerais;China;Fevereiro;2026;9
Aérea;Rio de Janeiro;China;Fevereiro;2026;1
Aérea;Rio de Janeiro;China;Fevereiro;2026;761
Aérea;São Paulo;China;Fevereiro;2026;8
Aérea;São Paulo;China;Fevereiro;2026;4893
Aérea;São Paulo;China;Fevereiro;2026;2
Aérea;Paraná;China;Fevereiro;2026;17
Aérea;Paraná;China;Fevereiro;2026;6
Aérea;Santa Catarina;China;Fevereiro;2026;11
Aérea;Rio Grande do Sul;China;Fevereiro;2026;17
Aérea;Distrito Federal;China;Fevereiro;2026;6
Terrestre;Acre;China;Fevereiro;2026;2
Terrestre;Amazonas;China;Fevereiro;2026;1
Terrestre;Roraima;China;Fevereiro;2026;1
Terrestre;Roraima;China;Fevereiro;2026;2
Terrestre;Amapá;China;Fevereiro;2026;1
Terrestre;Paraná;China;Fevereiro;2026;36
Terrestre;Paraná;China;Fevereiro;2026;667
Terrestre;Rio Grande do Sul;China;Fevereiro;2026;1
Terrestre;Rio Grande do Sul;China;Fevereiro;2026;2
Terrestre;Rio Grande do Sul;China;Fevereiro;2026;1
Terrestre;Mato Grosso do Sul;China;Fevereiro;2026;6
Terrestre;Mato Grosso do Sul;China;Fevereiro;2026;2
Marítima;Rio de Janeiro;China;Fevereiro;2026;20
Marítima;São Paulo;China;Fevereiro;2026;93
Marítima;Santa Catarina;China;Fevereiro;2026;6
Marítima;Santa Catarina;China;Fevereiro;2026;9
Marítima;Santa Catarina;China;Fevereiro;2026;1
Fluvial;Pará;China;Fevereiro;2026;2
Aérea;Minas Gerais;China, Hong Kong;Fevereiro;2026;1
Aérea;Rio de Janeiro;China, Hong Kong;Fevereiro;2026;286
Aérea;São Paulo;China, Hong Kong;Fevereiro;2026;1
Aérea;São Paulo;China, Hong Kong;Fevereiro;2026;420
Aérea;Paraná;China, Hong Kong;Fevereiro;2026;3
Aérea;Santa Catarina;China, Hong Kong;Fevereiro;2026;1
Aérea;Rio Grande do Sul;China, Hong Kong;Fevereiro;2026;1
Aérea;Distrito Federal;China, Hong Kong;Fevereiro;2026;2
Terrestre;Amazonas;China, Hong Kong;Fevereiro;2026;1
Terrestre;Paraná;China, Hong Kong;Fevereiro;2026;1
Terrestre;Paraná;China, Hong Kong;Fevereiro;2026;225
Terrestre;Rio Grande do Sul;China, Hong Kong;Fevereiro;2026;2
Terrestre;Mato Grosso do Sul;China, Hong Kong;Fevereiro;2026;1
Marítima;Rio de Janeiro;China, Hong Kong;Fevereiro;2026;10
Aérea;Rio de Janeiro;China, Macao;Fevereiro;2026;5
Aérea;São Paulo;China, Macao;Fevereiro;2026;14
Terrestre;Paraná;China, Macao;Fevereiro;2026;4
Aérea;Amazonas;Chipre;Fevereiro;2026;1
Aérea;Ceará;Chipre;Fevereiro;2026;2
Aérea;Pernambuco;Chipre;Fevereiro;2026;1
Aérea;Rio de Janeiro;Chipre;Fevereiro;2026;38
Aérea;São Paulo;Chipre;Fevereiro;2026;2
Aérea;São Paulo;Chipre;Fevereiro;2026;39
Aérea;Santa Catarina;Chipre;Fevereiro;2026;3
Aérea;Distrito Federal;Chipre;Fevereiro;2026;1
Terrestre;Paraná;Chipre;Fevereiro;2026;8
Aérea;Bahia;Cingapura;Fevereiro;2026;5
Aérea;Rio de Janeiro;Cingapura;Fevereiro;2026;96
Aérea;São Paulo;Cingapura;Fevereiro;2026;1
Aérea;São Paulo;Cingapura;Fevereiro;2026;167
Terrestre;Paraná;Cingapura;Fevereiro;2026;1
Terrestre;Paraná;Cingapura;Fevereiro;2026;72
Marítima;São Paulo;Cingapura;Fevereiro;2026;53
Aérea;Amazonas;Colômbia;Fevereiro;2026;278
Aérea;Pará;Colômbia;Fevereiro;2026;233
Aérea;Ceará;Colômbia;Fevereiro;2026;6
Aérea;Rio Grande do Norte;Colômbia;Fevereiro;2026;4
Aérea;Pernambuco;Colômbia;Fevereiro;2026;12
Aérea;Alagoas;Colômbia;Fevereiro;2026;2
Aérea;Bahia;Colômbia;Fevereiro;2026;2
Aérea;Bahia;Colômbia;Fevereiro;2026;93
Aérea;Minas Gerais;Colômbia;Fevereiro;2026;199
Aérea;Rio de Janeiro;Colômbia;Fevereiro;2026;4221
Aérea;São Paulo;Colômbia;Fevereiro;2026;26
Aérea;São Paulo;Colômbia;Fevereiro;2026;6932
Aérea;São Paulo;Colômbia;Fevereiro;2026;1
Aérea;Paraná;Colômbia;Fevereiro;2026;19
Aérea;Paraná;Colômbia;Fevereiro;2026;82
Aérea;Santa Catarina;Colômbia;Fevereiro;2026;422
Aérea;Rio Grande do Sul;Colômbia;Fevereiro;2026;116
Aérea;Distrito Federal;Colômbia;Fevereiro;2026;572
Terrestre;Rondônia;Colômbia;Fevereiro;2026;4
Terrestre;Acre;Colômbia;Fevereiro;2026;8
Terrestre;Acre;Colômbia;Fevereiro;2026;1
Terrestre;Amazonas;Colômbia;Fevereiro;2026;279
Terrestre;Roraima;Colômbia;Fevereiro;2026;4
Terrestre;Roraima;Colômbia;Fevereiro;2026;27
Terrestre;Amapá;Colômbia;Fevereiro;2026;3
Terrestre;Paraná;Colômbia;Fevereiro;2026;130
Terrestre;Paraná;Colômbia;Fevereiro;2026;404
Terrestre;Paraná;Colômbia;Fevereiro;2026;1
Terrestre;Santa Catarina;Colômbia;Fevereiro;2026;23
Terrestre;Santa Catarina;Colômbia;Fevereiro;2026;8
Terrestre;Rio Grande do Sul;Colômbia;Fevereiro;2026;39
Terrestre;Rio Grande do Sul;Colômbia;Fevereiro;2026;11
Terrestre;Rio Grande do Sul;Colômbia;Fevereiro;2026;2
Terrestre;Rio Grande do Sul;Colômbia;Fevereiro;2026;20
Terrestre;Rio Grande do Sul;Colômbia;Fevereiro;2026;35
Terrestre;Rio Grande do Sul;Colômbia;Fevereiro;2026;65
Terrestre;Mato Grosso do Sul;Colômbia;Fevereiro;2026;37
Terrestre;Mato Grosso do Sul;Colômbia;Fevereiro;2026;6
Marítima;Rio de Janeiro;Colômbia;Fevereiro;2026;28
Marítima;São Paulo;Colômbia;Fevereiro;2026;22
Marítima;Santa Catarina;Colômbia;Fevereiro;2026;58
Marítima;Santa Catarina;Colômbia;Fevereiro;2026;13
Marítima;Rio Grande do Sul;Colômbia;Fevereiro;2026;2
Fluvial;Amapá;Colômbia;Fevereiro;2026;5
Fluvial;Rio Grande do Sul;Colômbia;Fevereiro;2026;3
Fluvial;Rio Grande do Sul;Colômbia;Fevereiro;2026;2
Aérea;São Paulo;Comores;Fevereiro;2026;1
Aérea;Ceará;Congo;Fevereiro;2026;1
Aérea;Rio de Janeiro;Congo;Fevereiro;2026;2
Aérea;São Paulo;Congo;Fevereiro;2026;134
Terrestre;Amapá;Congo;Fevereiro;2026;1
Aérea;Amazonas;Costa Rica;Fevereiro;2026;3
Aérea;Pará;Costa Rica;Fevereiro;2026;1
Aérea;Ceará;Costa Rica;Fevereiro;2026;1
Aérea;Bahia;Costa Rica;Fevereiro;2026;19
Aérea;Minas Gerais;Costa Rica;Fevereiro;2026;9
Aérea;Rio de Janeiro;Costa Rica;Fevereiro;2026;555
Aérea;São Paulo;Costa Rica;Fevereiro;2026;1
Aérea;São Paulo;Costa Rica;Fevereiro;2026;829
Aérea;Paraná;Costa Rica;Fevereiro;2026;5
Aérea;Santa Catarina;Costa Rica;Fevereiro;2026;17
Aérea;Rio Grande do Sul;Costa Rica;Fevereiro;2026;21
Aérea;Distrito Federal;Costa Rica;Fevereiro;2026;29
Terrestre;Roraima;Costa Rica;Fevereiro;2026;1
Terrestre;Paraná;Costa Rica;Fevereiro;2026;17
Terrestre;Paraná;Costa Rica;Fevereiro;2026;53
Terrestre;Mato Grosso do Sul;Costa Rica;Fevereiro;2026;2
Marítima;Rio de Janeiro;Costa Rica;Fevereiro;2026;1
Marítima;Santa Catarina;Costa Rica;Fevereiro;2026;6
Marítima;Santa Catarina;Costa Rica;Fevereiro;2026;1
Marítima;Rio Grande do Sul;Costa Rica;Fevereiro;2026;2
Aérea;Rio de Janeiro;Costa do Marfim;Fevereiro;2026;11
Aérea;São Paulo;Costa do Marfim;Fevereiro;2026;12
Aérea;Santa Catarina;Costa do Marfim;Fevereiro;2026;1
Aérea;Amazonas;Croácia;Fevereiro;2026;7
Aérea;Pará;Croácia;Fevereiro;2026;4
Aérea;Ceará;Croácia;Fevereiro;2026;3
Aérea;Rio Grande do Norte;Croácia;Fevereiro;2026;1
Aérea;Pernambuco;Croácia;Fevereiro;2026;11
Aérea;Bahia;Croácia;Fevereiro;2026;5
Aérea;Rio de Janeiro;Croácia;Fevereiro;2026;164
Aérea;São Paulo;Croácia;Fevereiro;2026;7
Aérea;São Paulo;Croácia;Fevereiro;2026;738
Aérea;Santa Catarina;Croácia;Fevereiro;2026;3
Aérea;Rio Grande do Sul;Croácia;Fevereiro;2026;1
Aérea;Distrito Federal;Croácia;Fevereiro;2026;3
Terrestre;Paraná;Croácia;Fevereiro;2026;5
Terrestre;Paraná;Croácia;Fevereiro;2026;16
Terrestre;Mato Grosso do Sul;Croácia;Fevereiro;2026;1
Marítima;Ceará;Croácia;Fevereiro;2026;1
Marítima;Rio de Janeiro;Croácia;Fevereiro;2026;3
Marítima;São Paulo;Croácia;Fevereiro;2026;3
Marítima;Santa Catarina;Croácia;Fevereiro;2026;1
Aérea;Amazonas;Cuba;Fevereiro;2026;7
Aérea;Pará;Cuba;Fevereiro;2026;9
Aérea;Paraíba;Cuba;Fevereiro;2026;1
Aérea;Pernambuco;Cuba;Fevereiro;2026;1
Aérea;Bahia;Cuba;Fevereiro;2026;6
Aérea;Minas Gerais;Cuba;Fevereiro;2026;10
Aérea;Rio de Janeiro;Cuba;Fevereiro;2026;66
Aérea;São Paulo;Cuba;Fevereiro;2026;141
Aérea;Paraná;Cuba;Fevereiro;2026;3
Aérea;Santa Catarina;Cuba;Fevereiro;2026;31
Aérea;Rio Grande do Sul;Cuba;Fevereiro;2026;23
Aérea;Distrito Federal;Cuba;Fevereiro;2026;44
Terrestre;Paraná;Cuba;Fevereiro;2026;7
Terrestre;Rio Grande do Sul;Cuba;Fevereiro;2026;11
Terrestre;Rio Grande do Sul;Cuba;Fevereiro;2026;21
Terrestre;Rio Grande do Sul;Cuba;Fevereiro;2026;11
Terrestre;Rio Grande do Sul;Cuba;Fevereiro;2026;2
Marítima;Rio de Janeiro;Cuba;Fevereiro;2026;3
Marítima;Santa Catarina;Cuba;Fevereiro;2026;1
Aérea;Amazonas;Dinamarca;Fevereiro;2026;37
Aérea;Pará;Dinamarca;Fevereiro;2026;4
Aérea;Ceará;Dinamarca;Fevereiro;2026;39
Aérea;Rio Grande do Norte;Dinamarca;Fevereiro;2026;6
Aérea;Pernambuco;Dinamarca;Fevereiro;2026;36
Aérea;Bahia;Dinamarca;Fevereiro;2026;57
Aérea;Minas Gerais;Dinamarca;Fevereiro;2026;10
Aérea;Rio de Janeiro;Dinamarca;Fevereiro;2026;874
Aérea;São Paulo;Dinamarca;Fevereiro;2026;52
Aérea;São Paulo;Dinamarca;Fevereiro;2026;812
Aérea;Paraná;Dinamarca;Fevereiro;2026;5
Aérea;Santa Catarina;Dinamarca;Fevereiro;2026;46
Aérea;Rio Grande do Sul;Dinamarca;Fevereiro;2026;5
Aérea;Distrito Federal;Dinamarca;Fevereiro;2026;28
Terrestre;Amazonas;Dinamarca;Fevereiro;2026;3
Terrestre;Paraná;Dinamarca;Fevereiro;2026;13
Terrestre;Paraná;Dinamarca;Fevereiro;2026;220
Terrestre;Rio Grande do Sul;Dinamarca;Fevereiro;2026;5
Terrestre;Rio Grande do Sul;Dinamarca;Fevereiro;2026;3
Terrestre;Mato Grosso do Sul;Dinamarca;Fevereiro;2026;2
Marítima;Ceará;Dinamarca;Fevereiro;2026;2
Marítima;Pernambuco;Dinamarca;Fevereiro;2026;1
Marítima;Bahia;Dinamarca;Fevereiro;2026;1
Marítima;São Paulo;Dinamarca;Fevereiro;2026;2
Marítima;Santa Catarina;Dinamarca;Fevereiro;2026;3
Marítima;Santa Catarina;Dinamarca;Fevereiro;2026;1
Aérea;Rio de Janeiro;Dominica;Fevereiro;2026;3
Aérea;São Paulo;Dominica;Fevereiro;2026;9
Terrestre;Roraima;Dominica;Fevereiro;2026;1
Marítima;Rio de Janeiro;Dominica;Fevereiro;2026;1
Aérea;Amazonas;Egito;Fevereiro;2026;1
Aérea;Pará;Egito;Fevereiro;2026;2
Aérea;Pernambuco;Egito;Fevereiro;2026;1
Aérea;Bahia;Egito;Fevereiro;2026;2
Aérea;Rio de Janeiro;Egito;Fevereiro;2026;61
Aérea;São Paulo;Egito;Fevereiro;2026;120
Aérea;Distrito Federal;Egito;Fevereiro;2026;1
Terrestre;Roraima;Egito;Fevereiro;2026;2
Terrestre;Rio Grande do Sul;Egito;Fevereiro;2026;2
Marítima;Rio de Janeiro;Egito;Fevereiro;2026;33
Aérea;Amazonas;El Salvador;Fevereiro;2026;1
Aérea;Pará;El Salvador;Fevereiro;2026;2
Aérea;Bahia;El Salvador;Fevereiro;2026;5
Aérea;Minas Gerais;El Salvador;Fevereiro;2026;2
Aérea;Rio de Janeiro;El Salvador;Fevereiro;2026;107
Aérea;São Paulo;El Salvador;Fevereiro;2026;1
Aérea;São Paulo;El Salvador;Fevereiro;2026;616
Aérea;Santa Catarina;El Salvador;Fevereiro;2026;5
Aérea;Rio Grande do Sul;El Salvador;Fevereiro;2026;3
Aérea;Distrito Federal;El Salvador;Fevereiro;2026;10
Terrestre;Paraná;El Salvador;Fevereiro;2026;7
Terrestre;Paraná;El Salvador;Fevereiro;2026;5
Terrestre;Rio Grande do Sul;El Salvador;Fevereiro;2026;1
Marítima;Rio de Janeiro;El Salvador;Fevereiro;2026;1
Marítima;Santa Catarina;El Salvador;Fevereiro;2026;1
Fluvial;Amazonas;El Salvador;Fevereiro;2026;1
Aérea;Pernambuco;Emirados Árabes Unidos;Fevereiro;2026;1
Aérea;Rio de Janeiro;Emirados Árabes Unidos;Fevereiro;2026;51
Aérea;São Paulo;Emirados Árabes Unidos;Fevereiro;2026;104
Aérea;Distrito Federal;Emirados Árabes Unidos;Fevereiro;2026;13
Aérea;Amazonas;Equador;Fevereiro;2026;21
Aérea;Pará;Equador;Fevereiro;2026;12
Aérea;Ceará;Equador;Fevereiro;2026;4
Aérea;Rio Grande do Norte;Equador;Fevereiro;2026;2
Aérea;Pernambuco;Equador;Fevereiro;2026;3
Aérea;Bahia;Equador;Fevereiro;2026;1
Aérea;Bahia;Equador;Fevereiro;2026;9
Aérea;Minas Gerais;Equador;Fevereiro;2026;29
Aérea;Rio de Janeiro;Equador;Fevereiro;2026;1559
Aérea;São Paulo;Equador;Fevereiro;2026;8
Aérea;São Paulo;Equador;Fevereiro;2026;2720
Aérea;São Paulo;Equador;Fevereiro;2026;3
Aérea;Paraná;Equador;Fevereiro;2026;5
Aérea;Paraná;Equador;Fevereiro;2026;72
Aérea;Santa Catarina;Equador;Fevereiro;2026;120
Aérea;Rio Grande do Sul;Equador;Fevereiro;2026;188
Aérea;Distrito Federal;Equador;Fevereiro;2026;290
Terrestre;Acre;Equador;Fevereiro;2026;9
Terrestre;Amazonas;Equador;Fevereiro;2026;1
Terrestre;Roraima;Equador;Fevereiro;2026;3
Terrestre;Paraná;Equador;Fevereiro;2026;38
Terrestre;Paraná;Equador;Fevereiro;2026;171
Terrestre;Rio Grande do Sul;Equador;Fevereiro;2026;14
Terrestre;Rio Grande do Sul;Equador;Fevereiro;2026;2
Terrestre;Rio Grande do Sul;Equador;Fevereiro;2026;4
Terrestre;Rio Grande do Sul;Equador;Fevereiro;2026;2
Terrestre;Rio Grande do Sul;Equador;Fevereiro;2026;3
Terrestre;Rio Grande do Sul;Equador;Fevereiro;2026;10
Terrestre;Mato Grosso do Sul;Equador;Fevereiro;2026;53
Terrestre;Mato Grosso do Sul;Equador;Fevereiro;2026;6
Marítima;Rio de Janeiro;Equador;Fevereiro;2026;44
Marítima;São Paulo;Equador;Fevereiro;2026;19
Marítima;Santa Catarina;Equador;Fevereiro;2026;5
Marítima;Santa Catarina;Equador;Fevereiro;2026;27
Fluvial;Santa Catarina;Equador;Fevereiro;2026;1
Fluvial;Rio Grande do Sul;Equador;Fevereiro;2026;1
Aérea;São Paulo;Eritréia;Fevereiro;2026;1
Aérea;Amazonas;Eslováquia;Fevereiro;2026;7
Aérea;Ceará;Eslováquia;Fevereiro;2026;3
Aérea;Rio Grande do Norte;Eslováquia;Fevereiro;2026;7
Aérea;Pernambuco;Eslováquia;Fevereiro;2026;7
Aérea;Bahia;Eslováquia;Fevereiro;2026;11
Aérea;Minas Gerais;Eslováquia;Fevereiro;2026;2
Aérea;Rio de Janeiro;Eslováquia;Fevereiro;2026;206
Aérea;São Paulo;Eslováquia;Fevereiro;2026;7
Aérea;São Paulo;Eslováquia;Fevereiro;2026;211
Aérea;Paraná;Eslováquia;Fevereiro;2026;1
Aérea;Santa Catarina;Eslováquia;Fevereiro;2026;3
Aérea;Distrito Federal;Eslováquia;Fevereiro;2026;1
Terrestre;Amazonas;Eslováquia;Fevereiro;2026;2
Terrestre;Roraima;Eslováquia;Fevereiro;2026;1
Terrestre;Paraná;Eslováquia;Fevereiro;2026;4
Terrestre;Paraná;Eslováquia;Fevereiro;2026;213
Terrestre;Rio Grande do Sul;Eslováquia;Fevereiro;2026;1
Marítima;Santa Catarina;Eslováquia;Fevereiro;2026;3
Aérea;Amazonas;Eslovênia;Fevereiro;2026;1
Aérea;Ceará;Eslovênia;Fevereiro;2026;9
Aérea;Rio Grande do Norte;Eslovênia;Fevereiro;2026;1
Aérea;Pernambuco;Eslovênia;Fevereiro;2026;1
Aérea;Alagoas;Eslovênia;Fevereiro;2026;9
Aérea;Bahia;Eslovênia;Fevereiro;2026;8
Aérea;Rio de Janeiro;Eslovênia;Fevereiro;2026;66
Aérea;São Paulo;Eslovênia;Fevereiro;2026;5
Aérea;São Paulo;Eslovênia;Fevereiro;2026;171
Aérea;Santa Catarina;Eslovênia;Fevereiro;2026;1
Terrestre;Paraná;Eslovênia;Fevereiro;2026;4
Terrestre;Paraná;Eslovênia;Fevereiro;2026;88
Terrestre;Rio Grande do Sul;Eslovênia;Fevereiro;2026;1
Marítima;Rio de Janeiro;Eslovênia;Fevereiro;2026;7
Marítima;São Paulo;Eslovênia;Fevereiro;2026;2
Aérea;Amazonas;Espanha;Fevereiro;2026;58
Aérea;Pará;Espanha;Fevereiro;2026;30
Aérea;Ceará;Espanha;Fevereiro;2026;383
Aérea;Rio Grande do Norte;Espanha;Fevereiro;2026;165
Aérea;Paraíba;Espanha;Fevereiro;2026;2
Aérea;Pernambuco;Espanha;Fevereiro;2026;777
Aérea;Alagoas;Espanha;Fevereiro;2026;9
Aérea;Bahia;Espanha;Fevereiro;2026;5
Aérea;Bahia;Espanha;Fevereiro;2026;616
Aérea;Minas Gerais;Espanha;Fevereiro;2026;71
Aérea;Rio de Janeiro;Espanha;Fevereiro;2026;7
Aérea;Rio de Janeiro;Espanha;Fevereiro;2026;3356
Aérea;São Paulo;Espanha;Fevereiro;2026;556
Aérea;São Paulo;Espanha;Fevereiro;2026;8438
Aérea;São Paulo;Espanha;Fevereiro;2026;1
Aérea;Paraná;Espanha;Fevereiro;2026;16
Aérea;Paraná;Espanha;Fevereiro;2026;16
Aérea;Santa Catarina;Espanha;Fevereiro;2026;196
Aérea;Rio Grande do Sul;Espanha;Fevereiro;2026;49
Aérea;Distrito Federal;Espanha;Fevereiro;2026;188
Terrestre;Acre;Espanha;Fevereiro;2026;3
Terrestre;Amazonas;Espanha;Fevereiro;2026;14
Terrestre;Roraima;Espanha;Fevereiro;2026;2
Terrestre;Roraima;Espanha;Fevereiro;2026;4
Terrestre;Amapá;Espanha;Fevereiro;2026;7
Terrestre;Paraná;Espanha;Fevereiro;2026;245
Terrestre;Paraná;Espanha;Fevereiro;2026;1191
Terrestre;Paraná;Espanha;Fevereiro;2026;3
Terrestre;Paraná;Espanha;Fevereiro;2026;1
Terrestre;Santa Catarina;Espanha;Fevereiro;2026;3
Terrestre;Santa Catarina;Espanha;Fevereiro;2026;3
Terrestre;Rio Grande do Sul;Espanha;Fevereiro;2026;3
Terrestre;Rio Grande do Sul;Espanha;Fevereiro;2026;29
Terrestre;Rio Grande do Sul;Espanha;Fevereiro;2026;18
Terrestre;Rio Grande do Sul;Espanha;Fevereiro;2026;1
Terrestre;Rio Grande do Sul;Espanha;Fevereiro;2026;5
Terrestre;Rio Grande do Sul;Espanha;Fevereiro;2026;7
Terrestre;Rio Grande do Sul;Espanha;Fevereiro;2026;21
Terrestre;Mato Grosso do Sul;Espanha;Fevereiro;2026;17
Terrestre;Mato Grosso do Sul;Espanha;Fevereiro;2026;1
Marítima;Ceará;Espanha;Fevereiro;2026;1
Marítima;Paraíba;Espanha;Fevereiro;2026;3
Marítima;Pernambuco;Espanha;Fevereiro;2026;1
Marítima;Pernambuco;Espanha;Fevereiro;2026;5
Marítima;Bahia;Espanha;Fevereiro;2026;2
Marítima;Rio de Janeiro;Espanha;Fevereiro;2026;67
Marítima;São Paulo;Espanha;Fevereiro;2026;14
Marítima;Santa Catarina;Espanha;Fevereiro;2026;21
Marítima;Santa Catarina;Espanha;Fevereiro;2026;19
Fluvial;Amapá;Espanha;Fevereiro;2026;2
Fluvial;Rio Grande do Sul;Espanha;Fevereiro;2026;7
Aérea;Amazonas;Estados Unidos;Fevereiro;2026;697
Aérea;Roraima;Estados Unidos;Fevereiro;2026;1
Aérea;Pará;Estados Unidos;Fevereiro;2026;213
Aérea;Ceará;Estados Unidos;Fevereiro;2026;198
Aérea;Rio Grande do Norte;Estados Unidos;Fevereiro;2026;6
Aérea;Pernambuco;Estados Unidos;Fevereiro;2026;98
Aérea;Bahia;Estados Unidos;Fevereiro;2026;1
Aérea;Bahia;Estados Unidos;Fevereiro;2026;506
Aérea;Minas Gerais;Estados Unidos;Fevereiro;2026;634
Aérea;Rio de Janeiro;Estados Unidos;Fevereiro;2026;1
Aérea;Rio de Janeiro;Estados Unidos;Fevereiro;2026;27953
Aérea;São Paulo;Estados Unidos;Fevereiro;2026;1174
Aérea;São Paulo;Estados Unidos;Fevereiro;2026;41620
Aérea;São Paulo;Estados Unidos;Fevereiro;2026;2
Aérea;Paraná;Estados Unidos;Fevereiro;2026;66
Aérea;Paraná;Estados Unidos;Fevereiro;2026;53
Aérea;Santa Catarina;Estados Unidos;Fevereiro;2026;372
Aérea;Santa Catarina;Estados Unidos;Fevereiro;2026;2
Aérea;Rio Grande do Sul;Estados Unidos;Fevereiro;2026;546
Aérea;Mato Grosso;Estados Unidos;Fevereiro;2026;4
Aérea;Distrito Federal;Estados Unidos;Fevereiro;2026;1873
Terrestre;Rondônia;Estados Unidos;Fevereiro;2026;1
Terrestre;Acre;Estados Unidos;Fevereiro;2026;1
Terrestre;Acre;Estados Unidos;Fevereiro;2026;1
Terrestre;Amazonas;Estados Unidos;Fevereiro;2026;27
Terrestre;Roraima;Estados Unidos;Fevereiro;2026;4
Terrestre;Roraima;Estados Unidos;Fevereiro;2026;1
Terrestre;Amapá;Estados Unidos;Fevereiro;2026;4
Terrestre;Paraná;Estados Unidos;Fevereiro;2026;148
Terrestre;Paraná;Estados Unidos;Fevereiro;2026;3077
Terrestre;Santa Catarina;Estados Unidos;Fevereiro;2026;3
Terrestre;Santa Catarina;Estados Unidos;Fevereiro;2026;2
Terrestre;Rio Grande do Sul;Estados Unidos;Fevereiro;2026;2
Terrestre;Rio Grande do Sul;Estados Unidos;Fevereiro;2026;12
Terrestre;Rio Grande do Sul;Estados Unidos;Fevereiro;2026;9
Terrestre;Rio Grande do Sul;Estados Unidos;Fevereiro;2026;4
Terrestre;Rio Grande do Sul;Estados Unidos;Fevereiro;2026;1
Terrestre;Rio Grande do Sul;Estados Unidos;Fevereiro;2026;17
Terrestre;Mato Grosso do Sul;Estados Unidos;Fevereiro;2026;1
Terrestre;Mato Grosso do Sul;Estados Unidos;Fevereiro;2026;3
Marítima;Ceará;Estados Unidos;Fevereiro;2026;1
Marítima;Rio Grande do Norte;Estados Unidos;Fevereiro;2026;5
Marítima;Paraíba;Estados Unidos;Fevereiro;2026;1
Marítima;Pernambuco;Estados Unidos;Fevereiro;2026;18
Marítima;Pernambuco;Estados Unidos;Fevereiro;2026;30
Marítima;Bahia;Estados Unidos;Fevereiro;2026;5
Marítima;Espírito Santo;Estados Unidos;Fevereiro;2026;1
Marítima;Rio de Janeiro;Estados Unidos;Fevereiro;2026;1
Marítima;Rio de Janeiro;Estados Unidos;Fevereiro;2026;838
Marítima;São Paulo;Estados Unidos;Fevereiro;2026;109
Marítima;Santa Catarina;Estados Unidos;Fevereiro;2026;135
Marítima;Santa Catarina;Estados Unidos;Fevereiro;2026;9
Marítima;Santa Catarina;Estados Unidos;Fevereiro;2026;2
Marítima;Rio Grande do Sul;Estados Unidos;Fevereiro;2026;275
Fluvial;Amapá;Estados Unidos;Fevereiro;2026;6
Fluvial;Rio Grande do Sul;Estados Unidos;Fevereiro;2026;3
Fluvial;Rio Grande do Sul;Estados Unidos;Fevereiro;2026;1
Aérea;Ceará;Estônia;Fevereiro;2026;2
Aérea;Pernambuco;Estônia;Fevereiro;2026;2
Aérea;Bahia;Estônia;Fevereiro;2026;3
Aérea;Rio de Janeiro;Estônia;Fevereiro;2026;57
Aérea;São Paulo;Estônia;Fevereiro;2026;189
Aérea;Santa Catarina;Estônia;Fevereiro;2026;2
Aérea;Distrito Federal;Estônia;Fevereiro;2026;1
Terrestre;Paraná;Estônia;Fevereiro;2026;3
Terrestre;Paraná;Estônia;Fevereiro;2026;24
Terrestre;Rio Grande do Sul;Estônia;Fevereiro;2026;1
Terrestre;Mato Grosso do Sul;Estônia;Fevereiro;2026;2
Terrestre;Mato Grosso do Sul;Estônia;Fevereiro;2026;4
Marítima;Rio de Janeiro;Estônia;Fevereiro;2026;1
Marítima;São Paulo;Estônia;Fevereiro;2026;4
Aérea;Bahia;Etiópia;Fevereiro;2026;1
Aérea;Rio de Janeiro;Etiópia;Fevereiro;2026;2
Aérea;São Paulo;Etiópia;Fevereiro;2026;37
Terrestre;Amazonas;Etiópia;Fevereiro;2026;2
Marítima;Rio de Janeiro;Etiópia;Fevereiro;2026;2
Marítima;Santa Catarina;Etiópia;Fevereiro;2026;3
Aérea;Rio de Janeiro;Fiji;Fevereiro;2026;4
Aérea;São Paulo;Fiji;Fevereiro;2026;2
Aérea;Amazonas;Filipinas;Fevereiro;2026;5
Aérea;Pará;Filipinas;Fevereiro;2026;1
Aérea;Ceará;Filipinas;Fevereiro;2026;1
Aérea;Pernambuco;Filipinas;Fevereiro;2026;1
Aérea;Bahia;Filipinas;Fevereiro;2026;1
Aérea;Rio de Janeiro;Filipinas;Fevereiro;2026;85
Aérea;São Paulo;Filipinas;Fevereiro;2026;2
Aérea;São Paulo;Filipinas;Fevereiro;2026;480
Aérea;Paraná;Filipinas;Fevereiro;2026;1
Aérea;Santa Catarina;Filipinas;Fevereiro;2026;1
Aérea;Rio Grande do Sul;Filipinas;Fevereiro;2026;1
Aérea;Distrito Federal;Filipinas;Fevereiro;2026;2
Terrestre;Paraná;Filipinas;Fevereiro;2026;1
Terrestre;Paraná;Filipinas;Fevereiro;2026;7
Terrestre;Rio Grande do Sul;Filipinas;Fevereiro;2026;2
Terrestre;Mato Grosso do Sul;Filipinas;Fevereiro;2026;1
Marítima;Maranhão;Filipinas;Fevereiro;2026;2
Marítima;Ceará;Filipinas;Fevereiro;2026;2
Marítima;Rio de Janeiro;Filipinas;Fevereiro;2026;53
Marítima;Rio de Janeiro;Filipinas;Fevereiro;2026;16
Marítima;Santa Catarina;Filipinas;Fevereiro;2026;10
Marítima;Santa Catarina;Filipinas;Fevereiro;2026;13
Marítima;Rio Grande do Sul;Filipinas;Fevereiro;2026;1
Fluvial;Amapá;Filipinas;Fevereiro;2026;1
Aérea;Pará;Finlândia;Fevereiro;2026;1
Aérea;Ceará;Finlândia;Fevereiro;2026;6
Aérea;Rio Grande do Norte;Finlândia;Fevereiro;2026;5
Aérea;Pernambuco;Finlândia;Fevereiro;2026;11
Aérea;Bahia;Finlândia;Fevereiro;2026;27
Aérea;Minas Gerais;Finlândia;Fevereiro;2026;1
Aérea;Rio de Janeiro;Finlândia;Fevereiro;2026;242
Aérea;São Paulo;Finlândia;Fevereiro;2026;8
Aérea;São Paulo;Finlândia;Fevereiro;2026;425
Aérea;Paraná;Finlândia;Fevereiro;2026;1
Aérea;Paraná;Finlândia;Fevereiro;2026;1
Aérea;Santa Catarina;Finlândia;Fevereiro;2026;11
Aérea;Rio Grande do Sul;Finlândia;Fevereiro;2026;1
Aérea;Distrito Federal;Finlândia;Fevereiro;2026;4
Terrestre;Paraná;Finlândia;Fevereiro;2026;4
Terrestre;Paraná;Finlândia;Fevereiro;2026;48
Terrestre;Rio Grande do Sul;Finlândia;Fevereiro;2026;1
Marítima;Pernambuco;Finlândia;Fevereiro;2026;2
Marítima;Rio de Janeiro;Finlândia;Fevereiro;2026;1
Marítima;Santa Catarina;Finlândia;Fevereiro;2026;3
Aérea;Amazonas;França;Fevereiro;2026;95
Aérea;Pará;França;Fevereiro;2026;1060
Aérea;Ceará;França;Fevereiro;2026;1549
Aérea;Rio Grande do Norte;França;Fevereiro;2026;395
Aérea;Paraíba;França;Fevereiro;2026;2
Aérea;Pernambuco;França;Fevereiro;2026;664
Aérea;Alagoas;França;Fevereiro;2026;20
Aérea;Bahia;França;Fevereiro;2026;6
Aérea;Bahia;França;Fevereiro;2026;2796
Aérea;Minas Gerais;França;Fevereiro;2026;235
Aérea;Rio de Janeiro;França;Fevereiro;2026;1
Aérea;Rio de Janeiro;França;Fevereiro;2026;14867
Aérea;São Paulo;França;Fevereiro;2026;1527
Aérea;São Paulo;França;Fevereiro;2026;13742
Aérea;São Paulo;França;Fevereiro;2026;5
Aérea;Paraná;França;Fevereiro;2026;8
Aérea;Paraná;França;Fevereiro;2026;26
Aérea;Santa Catarina;França;Fevereiro;2026;201
Aérea;Rio Grande do Sul;França;Fevereiro;2026;34
Aérea;Distrito Federal;França;Fevereiro;2026;271
Terrestre;Rondônia;França;Fevereiro;2026;3
Terrestre;Acre;França;Fevereiro;2026;10
Terrestre;Amazonas;França;Fevereiro;2026;42
Terrestre;Roraima;França;Fevereiro;2026;3
Terrestre;Roraima;França;Fevereiro;2026;7
Terrestre;Amapá;França;Fevereiro;2026;3151
Terrestre;Paraná;França;Fevereiro;2026;96
Terrestre;Paraná;França;Fevereiro;2026;1289
Terrestre;Paraná;França;Fevereiro;2026;3
Terrestre;Santa Catarina;França;Fevereiro;2026;6
Terrestre;Rio Grande do Sul;França;Fevereiro;2026;37
Terrestre;Rio Grande do Sul;França;Fevereiro;2026;2
Terrestre;Rio Grande do Sul;França;Fevereiro;2026;2
Terrestre;Rio Grande do Sul;França;Fevereiro;2026;2
Terrestre;Rio Grande do Sul;França;Fevereiro;2026;7
Terrestre;Mato Grosso do Sul;França;Fevereiro;2026;32
Terrestre;Mato Grosso do Sul;França;Fevereiro;2026;2
Terrestre;Mato Grosso;França;Fevereiro;2026;1
Marítima;Rio Grande do Norte;França;Fevereiro;2026;4
Marítima;Paraíba;França;Fevereiro;2026;1
Marítima;Pernambuco;França;Fevereiro;2026;29
Marítima;Pernambuco;França;Fevereiro;2026;16
Marítima;Bahia;França;Fevereiro;2026;18
Marítima;Espírito Santo;França;Fevereiro;2026;2
Marítima;Rio de Janeiro;França;Fevereiro;2026;50
Marítima;São Paulo;França;Fevereiro;2026;10
Marítima;Santa Catarina;França;Fevereiro;2026;12
Marítima;Santa Catarina;França;Fevereiro;2026;11
Marítima;Rio Grande do Sul;França;Fevereiro;2026;2
Fluvial;Pará;França;Fevereiro;2026;5
Fluvial;Amapá;França;Fevereiro;2026;557
Fluvial;Rio Grande do Sul;França;Fevereiro;2026;4
Aérea;Bahia;Gabão;Fevereiro;2026;1
Aérea;Rio de Janeiro;Gabão;Fevereiro;2026;1
Aérea;São Paulo;Gabão;Fevereiro;2026;15
Aérea;Rio de Janeiro;Gana;Fevereiro;2026;6
Aérea;São Paulo;Gana;Fevereiro;2026;1
Aérea;São Paulo;Gana;Fevereiro;2026;55
Aérea;Rio Grande do Sul;Gana;Fevereiro;2026;3
Aérea;Pará;Geórgia;Fevereiro;2026;1
Aérea;Pernambuco;Geórgia;Fevereiro;2026;2
Aérea;Bahia;Geórgia;Fevereiro;2026;2
Aérea;Rio de Janeiro;Geórgia;Fevereiro;2026;30
Aérea;São Paulo;Geórgia;Fevereiro;2026;12
Aérea;São Paulo;Geórgia;Fevereiro;2026;48
Terrestre;Amazonas;Geórgia;Fevereiro;2026;1
Terrestre;Paraná;Geórgia;Fevereiro;2026;3
Marítima;Rio de Janeiro;Geórgia;Fevereiro;2026;1
Aérea;Rio de Janeiro;Granada;Fevereiro;2026;9
Aérea;São Paulo;Granada;Fevereiro;2026;6
Aérea;Paraná;Granada;Fevereiro;2026;2
Aérea;Pará;Grécia;Fevereiro;2026;4
Aérea;Ceará;Grécia;Fevereiro;2026;3
Aérea;Rio Grande do Norte;Grécia;Fevereiro;2026;4
Aérea;Pernambuco;Grécia;Fevereiro;2026;13
Aérea;Bahia;Grécia;Fevereiro;2026;30
Aérea;Minas Gerais;Grécia;Fevereiro;2026;5
Aérea;Rio de Janeiro;Grécia;Fevereiro;2026;330
Aérea;São Paulo;Grécia;Fevereiro;2026;13
Aérea;São Paulo;Grécia;Fevereiro;2026;544
Aérea;Santa Catarina;Grécia;Fevereiro;2026;3
Aérea;Distrito Federal;Grécia;Fevereiro;2026;4
Terrestre;Acre;Grécia;Fevereiro;2026;1
Terrestre;Amazonas;Grécia;Fevereiro;2026;1
Terrestre;Paraná;Grécia;Fevereiro;2026;2
Terrestre;Paraná;Grécia;Fevereiro;2026;66
Terrestre;Rio Grande do Sul;Grécia;Fevereiro;2026;1
Terrestre;Rio Grande do Sul;Grécia;Fevereiro;2026;1
Marítima;Ceará;Grécia;Fevereiro;2026;4
Marítima;Rio de Janeiro;Grécia;Fevereiro;2026;16
Marítima;Rio de Janeiro;Grécia;Fevereiro;2026;2
Marítima;São Paulo;Grécia;Fevereiro;2026;2
Marítima;Santa Catarina;Grécia;Fevereiro;2026;1
Aérea;Amazonas;Guatemala;Fevereiro;2026;1
Aérea;Pará;Guatemala;Fevereiro;2026;3
Aérea;Rio Grande do Norte;Guatemala;Fevereiro;2026;2
Aérea;Bahia;Guatemala;Fevereiro;2026;4
Aérea;Minas Gerais;Guatemala;Fevereiro;2026;4
Aérea;Rio de Janeiro;Guatemala;Fevereiro;2026;284
Aérea;São Paulo;Guatemala;Fevereiro;2026;4
Aérea;São Paulo;Guatemala;Fevereiro;2026;327
Aérea;Paraná;Guatemala;Fevereiro;2026;2
Aérea;Santa Catarina;Guatemala;Fevereiro;2026;12
Aérea;Rio Grande do Sul;Guatemala;Fevereiro;2026;8
Aérea;Distrito Federal;Guatemala;Fevereiro;2026;12
Terrestre;Paraná;Guatemala;Fevereiro;2026;3
Terrestre;Paraná;Guatemala;Fevereiro;2026;19
Terrestre;Mato Grosso do Sul;Guatemala;Fevereiro;2026;2
Marítima;Santa Catarina;Guatemala;Fevereiro;2026;1
Marítima;Santa Catarina;Guatemala;Fevereiro;2026;1
Aérea;Amazonas;Guiana;Fevereiro;2026;3
Aérea;Roraima;Guiana;Fevereiro;2026;2
Aérea;Pará;Guiana;Fevereiro;2026;6
Aérea;Ceará;Guiana;Fevereiro;2026;4
Aérea;Bahia;Guiana;Fevereiro;2026;1
Aérea;Rio de Janeiro;Guiana;Fevereiro;2026;28
Aérea;São Paulo;Guiana;Fevereiro;2026;20
Aérea;Santa Catarina;Guiana;Fevereiro;2026;1
Aérea;Distrito Federal;Guiana;Fevereiro;2026;2
Terrestre;Roraima;Guiana;Fevereiro;2026;387
Terrestre;Roraima;Guiana;Fevereiro;2026;1
Terrestre;Amapá;Guiana;Fevereiro;2026;19
Terrestre;Paraná;Guiana;Fevereiro;2026;1
Terrestre;Paraná;Guiana;Fevereiro;2026;3
Fluvial;Amapá;Guiana;Fevereiro;2026;2
Aérea;Ceará;Guiné;Fevereiro;2026;1
Aérea;São Paulo;Guiné;Fevereiro;2026;38
Aérea;Santa Catarina;Guiné;Fevereiro;2026;1
Aérea;Amazonas;Guiné-Bissau;Fevereiro;2026;2
Aérea;Bahia;Guiné-Bissau;Fevereiro;2026;4
Aérea;Rio de Janeiro;Guiné-Bissau;Fevereiro;2026;2
Aérea;São Paulo;Guiné-Bissau;Fevereiro;2026;8
Aérea;Distrito Federal;Guiné-Bissau;Fevereiro;2026;2
Marítima;Bahia;Guiné-Bissau;Fevereiro;2026;2
Aérea;Pernambuco;Gâmbia;Fevereiro;2026;1
Aérea;São Paulo;Gâmbia;Fevereiro;2026;4
Aérea;Distrito Federal;Gâmbia;Fevereiro;2026;9
Aérea;Amazonas;Haiti;Fevereiro;2026;1
Aérea;Pará;Haiti;Fevereiro;2026;1
Aérea;Ceará;Haiti;Fevereiro;2026;1
Aérea;Bahia;Haiti;Fevereiro;2026;1
Aérea;Minas Gerais;Haiti;Fevereiro;2026;1
Aérea;Rio de Janeiro;Haiti;Fevereiro;2026;23
Aérea;São Paulo;Haiti;Fevereiro;2026;3
Aérea;São Paulo;Haiti;Fevereiro;2026;69
Aérea;Paraná;Haiti;Fevereiro;2026;1
Aérea;Santa Catarina;Haiti;Fevereiro;2026;90
Aérea;Rio Grande do Sul;Haiti;Fevereiro;2026;3
Aérea;Distrito Federal;Haiti;Fevereiro;2026;1
Terrestre;Amapá;Haiti;Fevereiro;2026;8
Terrestre;Rio Grande do Sul;Haiti;Fevereiro;2026;1
Terrestre;Mato Grosso do Sul;Haiti;Fevereiro;2026;1
Marítima;Rio de Janeiro;Haiti;Fevereiro;2026;1
Fluvial;Amapá;Haiti;Fevereiro;2026;1
Aérea;Amazonas;Holanda;Fevereiro;2026;34
Aérea;Pará;Holanda;Fevereiro;2026;127
Aérea;Ceará;Holanda;Fevereiro;2026;255
Aérea;Rio Grande do Norte;Holanda;Fevereiro;2026;98
Aérea;Pernambuco;Holanda;Fevereiro;2026;119
Aérea;Alagoas;Holanda;Fevereiro;2026;5
Aérea;Bahia;Holanda;Fevereiro;2026;3
Aérea;Bahia;Holanda;Fevereiro;2026;630
Aérea;Minas Gerais;Holanda;Fevereiro;2026;39
Aérea;Rio de Janeiro;Holanda;Fevereiro;2026;1
Aérea;Rio de Janeiro;Holanda;Fevereiro;2026;2557
Aérea;São Paulo;Holanda;Fevereiro;2026;70
Aérea;São Paulo;Holanda;Fevereiro;2026;3279
Aérea;Paraná;Holanda;Fevereiro;2026;7
Aérea;Paraná;Holanda;Fevereiro;2026;10
Aérea;Santa Catarina;Holanda;Fevereiro;2026;55
Aérea;Rio Grande do Sul;Holanda;Fevereiro;2026;36
Aérea;Distrito Federal;Holanda;Fevereiro;2026;43
Terrestre;Acre;Holanda;Fevereiro;2026;2
Terrestre;Amazonas;Holanda;Fevereiro;2026;2
Terrestre;Amapá;Holanda;Fevereiro;2026;10
Terrestre;Paraná;Holanda;Fevereiro;2026;39
Terrestre;Paraná;Holanda;Fevereiro;2026;399
Terrestre;Rio Grande do Sul;Holanda;Fevereiro;2026;1
Terrestre;Rio Grande do Sul;Holanda;Fevereiro;2026;8
Terrestre;Rio Grande do Sul;Holanda;Fevereiro;2026;2
Terrestre;Rio Grande do Sul;Holanda;Fevereiro;2026;1
Terrestre;Mato Grosso do Sul;Holanda;Fevereiro;2026;6
Marítima;Ceará;Holanda;Fevereiro;2026;1
Marítima;Paraíba;Holanda;Fevereiro;2026;1
Marítima;Pernambuco;Holanda;Fevereiro;2026;2
Marítima;Pernambuco;Holanda;Fevereiro;2026;8
Marítima;Bahia;Holanda;Fevereiro;2026;8
Marítima;Espírito Santo;Holanda;Fevereiro;2026;1
Marítima;Rio de Janeiro;Holanda;Fevereiro;2026;30
Marítima;São Paulo;Holanda;Fevereiro;2026;5
Marítima;Santa Catarina;Holanda;Fevereiro;2026;19
Marítima;Santa Catarina;Holanda;Fevereiro;2026;1
Marítima;Santa Catarina;Holanda;Fevereiro;2026;1
Marítima;Rio Grande do Sul;Holanda;Fevereiro;2026;9
Fluvial;Amazonas;Holanda;Fevereiro;2026;1
Aérea;Ceará;Honduras;Fevereiro;2026;2
Aérea;Pernambuco;Honduras;Fevereiro;2026;1
Aérea;Bahia;Honduras;Fevereiro;2026;1
Aérea;Minas Gerais;Honduras;Fevereiro;2026;2
Aérea;Rio de Janeiro;Honduras;Fevereiro;2026;100
Aérea;São Paulo;Honduras;Fevereiro;2026;2
Aérea;São Paulo;Honduras;Fevereiro;2026;113
Aérea;Santa Catarina;Honduras;Fevereiro;2026;6
Aérea;Rio Grande do Sul;Honduras;Fevereiro;2026;7
Aérea;Distrito Federal;Honduras;Fevereiro;2026;6
Terrestre;Paraná;Honduras;Fevereiro;2026;3
Terrestre;Rio Grande do Sul;Honduras;Fevereiro;2026;3
Terrestre;Rio Grande do Sul;Honduras;Fevereiro;2026;1
Marítima;Rio de Janeiro;Honduras;Fevereiro;2026;24
Marítima;Santa Catarina;Honduras;Fevereiro;2026;2
Marítima;Santa Catarina;Honduras;Fevereiro;2026;4
Aérea;Amazonas;Hungria;Fevereiro;2026;7
Aérea;Pará;Hungria;Fevereiro;2026;2
Aérea;Ceará;Hungria;Fevereiro;2026;15
Aérea;Rio Grande do Norte;Hungria;Fevereiro;2026;2
Aérea;Pernambuco;Hungria;Fevereiro;2026;10
Aérea;Bahia;Hungria;Fevereiro;2026;7
Aérea;Minas Gerais;Hungria;Fevereiro;2026;5
Aérea;Rio de Janeiro;Hungria;Fevereiro;2026;873
Aérea;São Paulo;Hungria;Fevereiro;2026;10
Aérea;São Paulo;Hungria;Fevereiro;2026;482
Aérea;Paraná;Hungria;Fevereiro;2026;1
Aérea;Santa Catarina;Hungria;Fevereiro;2026;7
Aérea;Rio Grande do Sul;Hungria;Fevereiro;2026;1
Aérea;Distrito Federal;Hungria;Fevereiro;2026;1
Terrestre;Paraná;Hungria;Fevereiro;2026;3
Terrestre;Paraná;Hungria;Fevereiro;2026;157
Terrestre;Rio Grande do Sul;Hungria;Fevereiro;2026;2
Terrestre;Rio Grande do Sul;Hungria;Fevereiro;2026;1
Terrestre;Mato Grosso do Sul;Hungria;Fevereiro;2026;1
Marítima;Ceará;Hungria;Fevereiro;2026;4
Marítima;Rio de Janeiro;Hungria;Fevereiro;2026;6
Marítima;Santa Catarina;Hungria;Fevereiro;2026;3
Aérea;Pará;Indonésia;Fevereiro;2026;1
Aérea;Rio de Janeiro;Indonésia;Fevereiro;2026;42
Aérea;São Paulo;Indonésia;Fevereiro;2026;194
Aérea;Distrito Federal;Indonésia;Fevereiro;2026;1
Terrestre;Paraná;Indonésia;Fevereiro;2026;2
Terrestre;Paraná;Indonésia;Fevereiro;2026;2
Marítima;Pernambuco;Indonésia;Fevereiro;2026;2
Marítima;Rio de Janeiro;Indonésia;Fevereiro;2026;1
Marítima;Rio de Janeiro;Indonésia;Fevereiro;2026;4
Marítima;São Paulo;Indonésia;Fevereiro;2026;1
Marítima;Santa Catarina;Indonésia;Fevereiro;2026;6
Marítima;Santa Catarina;Indonésia;Fevereiro;2026;4
Aérea;São Paulo;Iraque;Fevereiro;2026;14
Aérea;Amazonas;Irlanda;Fevereiro;2026;5
Aérea;Pará;Irlanda;Fevereiro;2026;5
Aérea;Ceará;Irlanda;Fevereiro;2026;28
Aérea;Rio Grande do Norte;Irlanda;Fevereiro;2026;14
Aérea;Paraíba;Irlanda;Fevereiro;2026;1
Aérea;Pernambuco;Irlanda;Fevereiro;2026;47
Aérea;Bahia;Irlanda;Fevereiro;2026;64
Aérea;Minas Gerais;Irlanda;Fevereiro;2026;29
Aérea;Rio de Janeiro;Irlanda;Fevereiro;2026;1970
Aérea;São Paulo;Irlanda;Fevereiro;2026;55
Aérea;São Paulo;Irlanda;Fevereiro;2026;4864
Aérea;Paraná;Irlanda;Fevereiro;2026;7
Aérea;Santa Catarina;Irlanda;Fevereiro;2026;31
Aérea;Rio Grande do Sul;Irlanda;Fevereiro;2026;16
Aérea;Distrito Federal;Irlanda;Fevereiro;2026;39
Terrestre;Acre;Irlanda;Fevereiro;2026;2
Terrestre;Amazonas;Irlanda;Fevereiro;2026;1
Terrestre;Paraná;Irlanda;Fevereiro;2026;11
Terrestre;Paraná;Irlanda;Fevereiro;2026;133
Terrestre;Rio Grande do Sul;Irlanda;Fevereiro;2026;4
Terrestre;Rio Grande do Sul;Irlanda;Fevereiro;2026;1
Terrestre;Mato Grosso do Sul;Irlanda;Fevereiro;2026;2
Marítima;Pernambuco;Irlanda;Fevereiro;2026;1
Marítima;Bahia;Irlanda;Fevereiro;2026;13
Marítima;Espírito Santo;Irlanda;Fevereiro;2026;1
Marítima;Rio de Janeiro;Irlanda;Fevereiro;2026;11
Marítima;São Paulo;Irlanda;Fevereiro;2026;3
Marítima;Santa Catarina;Irlanda;Fevereiro;2026;3
Marítima;Rio Grande do Sul;Irlanda;Fevereiro;2026;6
Aérea;Pernambuco;Irã;Fevereiro;2026;1
Aérea;Rio de Janeiro;Irã;Fevereiro;2026;20
Aérea;São Paulo;Irã;Fevereiro;2026;2
Aérea;São Paulo;Irã;Fevereiro;2026;446
Aérea;Santa Catarina;Irã;Fevereiro;2026;1
Aérea;Amazonas;Islândia;Fevereiro;2026;1
Aérea;Rio Grande do Norte;Islândia;Fevereiro;2026;1
Aérea;Pernambuco;Islândia;Fevereiro;2026;1
Aérea;Minas Gerais;Islândia;Fevereiro;2026;1
Aérea;Rio de Janeiro;Islândia;Fevereiro;2026;331
Aérea;São Paulo;Islândia;Fevereiro;2026;14
Aérea;Santa Catarina;Islândia;Fevereiro;2026;3
Marítima;São Paulo;Islândia;Fevereiro;2026;1
Aérea;Amazonas;Israel;Fevereiro;2026;2
Aérea;Pará;Israel;Fevereiro;2026;4
Aérea;Ceará;Israel;Fevereiro;2026;11
Aérea;Rio Grande do Norte;Israel;Fevereiro;2026;2
Aérea;Pernambuco;Israel;Fevereiro;2026;27
Aérea;Bahia;Israel;Fevereiro;2026;1
Aérea;Bahia;Israel;Fevereiro;2026;439
Aérea;Minas Gerais;Israel;Fevereiro;2026;6
Aérea;Rio de Janeiro;Israel;Fevereiro;2026;3542
Aérea;São Paulo;Israel;Fevereiro;2026;12
Aérea;São Paulo;Israel;Fevereiro;2026;4372
Aérea;Paraná;Israel;Fevereiro;2026;22
Aérea;Paraná;Israel;Fevereiro;2026;5
Aérea;Santa Catarina;Israel;Fevereiro;2026;265
Aérea;Rio Grande do Sul;Israel;Fevereiro;2026;11
Aérea;Distrito Federal;Israel;Fevereiro;2026;38
Terrestre;Acre;Israel;Fevereiro;2026;2
Terrestre;Paraná;Israel;Fevereiro;2026;12
Terrestre;Paraná;Israel;Fevereiro;2026;2060
Terrestre;Rio Grande do Sul;Israel;Fevereiro;2026;3
Terrestre;Rio Grande do Sul;Israel;Fevereiro;2026;2
Terrestre;Mato Grosso do Sul;Israel;Fevereiro;2026;11
Terrestre;Mato Grosso do Sul;Israel;Fevereiro;2026;1
Marítima;Rio de Janeiro;Israel;Fevereiro;2026;15
Marítima;São Paulo;Israel;Fevereiro;2026;6
Marítima;Santa Catarina;Israel;Fevereiro;2026;1
Marítima;Rio Grande do Sul;Israel;Fevereiro;2026;2
Aérea;Amazonas;Itália;Fevereiro;2026;34
Aérea;Roraima;Itália;Fevereiro;2026;1
Aérea;Pará;Itália;Fevereiro;2026;28
Aérea;Ceará;Itália;Fevereiro;2026;671
Aérea;Rio Grande do Norte;Itália;Fevereiro;2026;291
Aérea;Pernambuco;Itália;Fevereiro;2026;591
Aérea;Alagoas;Itália;Fevereiro;2026;58
Aérea;Bahia;Itália;Fevereiro;2026;14
Aérea;Bahia;Itália;Fevereiro;2026;1142
Aérea;Minas Gerais;Itália;Fevereiro;2026;441
Aérea;Rio de Janeiro;Itália;Fevereiro;2026;1
Aérea;Rio de Janeiro;Itália;Fevereiro;2026;4544
Aérea;São Paulo;Itália;Fevereiro;2026;129
Aérea;São Paulo;Itália;Fevereiro;2026;12419
Aérea;São Paulo;Itália;Fevereiro;2026;2
Aérea;São Paulo;Itália;Fevereiro;2026;1
Aérea;Paraná;Itália;Fevereiro;2026;5
Aérea;Paraná;Itália;Fevereiro;2026;18
Aérea;Santa Catarina;Itália;Fevereiro;2026;276
Aérea;Rio Grande do Sul;Itália;Fevereiro;2026;50
Aérea;Distrito Federal;Itália;Fevereiro;2026;63
Terrestre;Acre;Itália;Fevereiro;2026;1
Terrestre;Amazonas;Itália;Fevereiro;2026;9
Terrestre;Roraima;Itália;Fevereiro;2026;1
Terrestre;Roraima;Itália;Fevereiro;2026;6
Terrestre;Amapá;Itália;Fevereiro;2026;4
Terrestre;Paraná;Itália;Fevereiro;2026;67
Terrestre;Paraná;Itália;Fevereiro;2026;756
Terrestre;Paraná;Itália;Fevereiro;2026;1
Terrestre;Santa Catarina;Itália;Fevereiro;2026;5
Terrestre;Rio Grande do Sul;Itália;Fevereiro;2026;19
Terrestre;Rio Grande do Sul;Itália;Fevereiro;2026;26
Terrestre;Rio Grande do Sul;Itália;Fevereiro;2026;2
Terrestre;Rio Grande do Sul;Itália;Fevereiro;2026;17
Terrestre;Rio Grande do Sul;Itália;Fevereiro;2026;7
Terrestre;Rio Grande do Sul;Itália;Fevereiro;2026;21
Terrestre;Mato Grosso do Sul;Itália;Fevereiro;2026;4
Terrestre;Mato Grosso do Sul;Itália;Fevereiro;2026;2
Marítima;Pernambuco;Itália;Fevereiro;2026;2
Marítima;Pernambuco;Itália;Fevereiro;2026;2
Marítima;Bahia;Itália;Fevereiro;2026;3
Marítima;Rio de Janeiro;Itália;Fevereiro;2026;113
Marítima;São Paulo;Itália;Fevereiro;2026;40
Marítima;São Paulo;Itália;Fevereiro;2026;1
Marítima;Santa Catarina;Itália;Fevereiro;2026;87
Marítima;Santa Catarina;Itália;Fevereiro;2026;43
Marítima;Santa Catarina;Itália;Fevereiro;2026;1
Marítima;Rio Grande do Sul;Itália;Fevereiro;2026;3
Aérea;São Paulo;Iêmen;Fevereiro;2026;9
Aérea;Amazonas;Jamaica;Fevereiro;2026;2
Aérea;Pará;Jamaica;Fevereiro;2026;1
Aérea;Bahia;Jamaica;Fevereiro;2026;2
Aérea;Rio de Janeiro;Jamaica;Fevereiro;2026;38
Aérea;São Paulo;Jamaica;Fevereiro;2026;42
Aérea;Distrito Federal;Jamaica;Fevereiro;2026;5
Aérea;Amazonas;Japão;Fevereiro;2026;26
Aérea;Pará;Japão;Fevereiro;2026;5
Aérea;Ceará;Japão;Fevereiro;2026;2
Aérea;Rio Grande do Norte;Japão;Fevereiro;2026;2
Aérea;Pernambuco;Japão;Fevereiro;2026;2
Aérea;Alagoas;Japão;Fevereiro;2026;2
Aérea;Bahia;Japão;Fevereiro;2026;11
Aérea;Minas Gerais;Japão;Fevereiro;2026;6
Aérea;Rio de Janeiro;Japão;Fevereiro;2026;798
Aérea;São Paulo;Japão;Fevereiro;2026;15
Aérea;São Paulo;Japão;Fevereiro;2026;9022
Aérea;Paraná;Japão;Fevereiro;2026;5
Aérea;Paraná;Japão;Fevereiro;2026;8
Aérea;Santa Catarina;Japão;Fevereiro;2026;11
Aérea;Rio Grande do Sul;Japão;Fevereiro;2026;4
Aérea;Distrito Federal;Japão;Fevereiro;2026;10
Terrestre;Acre;Japão;Fevereiro;2026;2
Terrestre;Amazonas;Japão;Fevereiro;2026;3
Terrestre;Roraima;Japão;Fevereiro;2026;2
Terrestre;Roraima;Japão;Fevereiro;2026;2
Terrestre;Paraná;Japão;Fevereiro;2026;111
Terrestre;Paraná;Japão;Fevereiro;2026;489
Terrestre;Santa Catarina;Japão;Fevereiro;2026;3
Terrestre;Rio Grande do Sul;Japão;Fevereiro;2026;5
Terrestre;Rio Grande do Sul;Japão;Fevereiro;2026;1
Terrestre;Mato Grosso do Sul;Japão;Fevereiro;2026;2
Terrestre;Mato Grosso do Sul;Japão;Fevereiro;2026;2
Marítima;Rio de Janeiro;Japão;Fevereiro;2026;45
Marítima;São Paulo;Japão;Fevereiro;2026;913
Aérea;Amazonas;Jordânia;Fevereiro;2026;1
Aérea;Rio de Janeiro;Jordânia;Fevereiro;2026;5
Aérea;São Paulo;Jordânia;Fevereiro;2026;16
Aérea;Distrito Federal;Jordânia;Fevereiro;2026;1
Aérea;Rio de Janeiro;Kuwait;Fevereiro;2026;7
Aérea;São Paulo;Kuwait;Fevereiro;2026;22
Terrestre;Paraná;Kuwait;Fevereiro;2026;1
Aérea;Rio de Janeiro;Laos;Fevereiro;2026;1
Aérea;São Paulo;Lesoto;Fevereiro;2026;2
Aérea;Ceará;Letônia;Fevereiro;2026;12
Aérea;Pernambuco;Letônia;Fevereiro;2026;4
Aérea;Bahia;Letônia;Fevereiro;2026;4
Aérea;Rio de Janeiro;Letônia;Fevereiro;2026;71
Aérea;São Paulo;Letônia;Fevereiro;2026;1
Aérea;São Paulo;Letônia;Fevereiro;2026;84
Aérea;Santa Catarina;Letônia;Fevereiro;2026;1
Aérea;Rio Grande do Sul;Letônia;Fevereiro;2026;2
Aérea;Distrito Federal;Letônia;Fevereiro;2026;5
Terrestre;Paraná;Letônia;Fevereiro;2026;2
Terrestre;Paraná;Letônia;Fevereiro;2026;6
Terrestre;Rio Grande do Sul;Letônia;Fevereiro;2026;1
Terrestre;Mato Grosso do Sul;Letônia;Fevereiro;2026;1
Marítima;Rio de Janeiro;Letônia;Fevereiro;2026;2
Aérea;Rio de Janeiro;Libéria;Fevereiro;2026;1
Aérea;São Paulo;Libéria;Fevereiro;2026;2
Aérea;Ceará;Liechtenstein;Fevereiro;2026;3
Aérea;Bahia;Liechtenstein;Fevereiro;2026;4
Aérea;Minas Gerais;Liechtenstein;Fevereiro;2026;1
Aérea;Rio de Janeiro;Liechtenstein;Fevereiro;2026;2
Aérea;São Paulo;Liechtenstein;Fevereiro;2026;7
Aérea;Amazonas;Lituânia;Fevereiro;2026;3
Aérea;Ceará;Lituânia;Fevereiro;2026;4
Aérea;Rio Grande do Norte;Lituânia;Fevereiro;2026;1
Aérea;Pernambuco;Lituânia;Fevereiro;2026;5
Aérea;Bahia;Lituânia;Fevereiro;2026;3
Aérea;Minas Gerais;Lituânia;Fevereiro;2026;2
Aérea;Rio de Janeiro;Lituânia;Fevereiro;2026;127
Aérea;São Paulo;Lituânia;Fevereiro;2026;11
Aérea;São Paulo;Lituânia;Fevereiro;2026;203
Aérea;Santa Catarina;Lituânia;Fevereiro;2026;2
Aérea;Rio Grande do Sul;Lituânia;Fevereiro;2026;3
Aérea;Distrito Federal;Lituânia;Fevereiro;2026;1
Terrestre;Paraná;Lituânia;Fevereiro;2026;2
Terrestre;Paraná;Lituânia;Fevereiro;2026;30
Marítima;São Paulo;Lituânia;Fevereiro;2026;1
Aérea;Ceará;Luxemburgo;Fevereiro;2026;1
Aérea;Rio Grande do Norte;Luxemburgo;Fevereiro;2026;12
Aérea;Pernambuco;Luxemburgo;Fevereiro;2026;3
Aérea;Bahia;Luxemburgo;Fevereiro;2026;23
Aérea;Rio de Janeiro;Luxemburgo;Fevereiro;2026;140
Aérea;São Paulo;Luxemburgo;Fevereiro;2026;5
Aérea;São Paulo;Luxemburgo;Fevereiro;2026;205
Aérea;Santa Catarina;Luxemburgo;Fevereiro;2026;1
Aérea;Distrito Federal;Luxemburgo;Fevereiro;2026;2
Terrestre;Acre;Luxemburgo;Fevereiro;2026;2
Terrestre;Amazonas;Luxemburgo;Fevereiro;2026;1
Terrestre;Paraná;Luxemburgo;Fevereiro;2026;5
Terrestre;Rio Grande do Sul;Luxemburgo;Fevereiro;2026;1
Marítima;Ceará;Luxemburgo;Fevereiro;2026;4
Marítima;Santa Catarina;Luxemburgo;Fevereiro;2026;2
Marítima;Santa Catarina;Luxemburgo;Fevereiro;2026;3
Marítima;Rio Grande do Sul;Luxemburgo;Fevereiro;2026;1
Aérea;Pernambuco;Líbano;Fevereiro;2026;2
Aérea;Rio de Janeiro;Líbano;Fevereiro;2026;36
Aérea;São Paulo;Líbano;Fevereiro;2026;206
Aérea;Paraná;Líbano;Fevereiro;2026;2
Aérea;Rio Grande do Sul;Líbano;Fevereiro;2026;1
Terrestre;Roraima;Líbano;Fevereiro;2026;1
Terrestre;Paraná;Líbano;Fevereiro;2026;3
Marítima;Rio de Janeiro;Líbano;Fevereiro;2026;1
Aérea;São Paulo;Líbia;Fevereiro;2026;3
Aérea;Rio de Janeiro;Macedônia;Fevereiro;2026;16
Aérea;São Paulo;Macedônia;Fevereiro;2026;2
Aérea;São Paulo;Macedônia;Fevereiro;2026;51
Terrestre;Paraná;Macedônia;Fevereiro;2026;1
Marítima;Rio de Janeiro;Macedônia;Fevereiro;2026;1
Aérea;Minas Gerais;Madagascar;Fevereiro;2026;1
Aérea;Rio de Janeiro;Madagascar;Fevereiro;2026;2
Aérea;São Paulo;Madagascar;Fevereiro;2026;3
Marítima;Rio de Janeiro;Madagascar;Fevereiro;2026;2
Aérea;São Paulo;Malauí;Fevereiro;2026;22
Aérea;Rio de Janeiro;Mali;Fevereiro;2026;1
Aérea;São Paulo;Mali;Fevereiro;2026;14
Aérea;Amazonas;Malta;Fevereiro;2026;5
Aérea;Bahia;Malta;Fevereiro;2026;4
Aérea;Rio de Janeiro;Malta;Fevereiro;2026;67
Aérea;São Paulo;Malta;Fevereiro;2026;1
Aérea;São Paulo;Malta;Fevereiro;2026;180
Aérea;Santa Catarina;Malta;Fevereiro;2026;1
Aérea;Santa Catarina;Malta;Fevereiro;2026;1
Terrestre;Paraná;Malta;Fevereiro;2026;2
Terrestre;Paraná;Malta;Fevereiro;2026;25
Aérea;Pará;Malásia;Fevereiro;2026;1
Aérea;Rio Grande do Norte;Malásia;Fevereiro;2026;1
Aérea;Bahia;Malásia;Fevereiro;2026;1
Aérea;Rio de Janeiro;Malásia;Fevereiro;2026;69
Aérea;São Paulo;Malásia;Fevereiro;2026;2
Aérea;São Paulo;Malásia;Fevereiro;2026;66
Aérea;Paraná;Malásia;Fevereiro;2026;1
Aérea;Rio Grande do Sul;Malásia;Fevereiro;2026;1
Aérea;Distrito Federal;Malásia;Fevereiro;2026;4
Terrestre;Paraná;Malásia;Fevereiro;2026;40
Marítima;Rio de Janeiro;Malásia;Fevereiro;2026;8
Marítima;Rio de Janeiro;Malásia;Fevereiro;2026;1
Marítima;São Paulo;Malásia;Fevereiro;2026;50
Aérea;Amazonas;Marrocos;Fevereiro;2026;2
Aérea;Pará;Marrocos;Fevereiro;2026;4
Aérea;Ceará;Marrocos;Fevereiro;2026;5
Aérea;Rio Grande do Norte;Marrocos;Fevereiro;2026;1
Aérea;Pernambuco;Marrocos;Fevereiro;2026;3
Aérea;Bahia;Marrocos;Fevereiro;2026;8
Aérea;Minas Gerais;Marrocos;Fevereiro;2026;1
Aérea;Rio de Janeiro;Marrocos;Fevereiro;2026;80
Aérea;São Paulo;Marrocos;Fevereiro;2026;11
Aérea;São Paulo;Marrocos;Fevereiro;2026;516
Aérea;Paraná;Marrocos;Fevereiro;2026;5
Aérea;Santa Catarina;Marrocos;Fevereiro;2026;1
Aérea;Rio Grande do Sul;Marrocos;Fevereiro;2026;1
Terrestre;Amapá;Marrocos;Fevereiro;2026;2
Terrestre;Paraná;Marrocos;Fevereiro;2026;2
Terrestre;Paraná;Marrocos;Fevereiro;2026;1
Terrestre;Rio Grande do Sul;Marrocos;Fevereiro;2026;2
Fluvial;Amapá;Marrocos;Fevereiro;2026;3
Aérea;São Paulo;Mauritânia;Fevereiro;2026;13
Aérea;Rio de Janeiro;Maurício;Fevereiro;2026;5
Aérea;São Paulo;Maurício;Fevereiro;2026;8
Terrestre;Paraná;Maurício;Fevereiro;2026;1
Marítima;Rio de Janeiro;Maurício;Fevereiro;2026;1
Aérea;São Paulo;Mianma;Fevereiro;2026;9
Marítima;Santa Catarina;Mianma;Fevereiro;2026;2
Aérea;Ceará;Moldávia;Fevereiro;2026;2
Aérea;Rio Grande do Norte;Moldávia;Fevereiro;2026;1
Aérea;Alagoas;Moldávia;Fevereiro;2026;1
Aérea;Rio de Janeiro;Moldávia;Fevereiro;2026;14
Aérea;São Paulo;Moldávia;Fevereiro;2026;1
Aérea;São Paulo;Moldávia;Fevereiro;2026;15
Terrestre;Amapá;Moldávia;Fevereiro;2026;1
Terrestre;Paraná;Moldávia;Fevereiro;2026;2
Terrestre;Paraná;Moldávia;Fevereiro;2026;1
Aérea;Pernambuco;Mongólia;Fevereiro;2026;1
Aérea;Rio de Janeiro;Mongólia;Fevereiro;2026;5
Aérea;São Paulo;Mongólia;Fevereiro;2026;11
Terrestre;Paraná;Mongólia;Fevereiro;2026;12
Terrestre;Paraná;Mongólia;Fevereiro;2026;2
Aérea;Rio de Janeiro;Montenegro;Fevereiro;2026;10
Aérea;São Paulo;Montenegro;Fevereiro;2026;58
Terrestre;Paraná;Montenegro;Fevereiro;2026;3
Aérea;Rio de Janeiro;Moçambique;Fevereiro;2026;11
Aérea;São Paulo;Moçambique;Fevereiro;2026;389
Terrestre;Paraná;Moçambique;Fevereiro;2026;1
Aérea;Amazonas;México;Fevereiro;2026;49
Aérea;Pará;México;Fevereiro;2026;6
Aérea;Ceará;México;Fevereiro;2026;2
Aérea;Rio Grande do Norte;México;Fevereiro;2026;1
Aérea;Pernambuco;México;Fevereiro;2026;2
Aérea;Alagoas;México;Fevereiro;2026;2
Aérea;Bahia;México;Fevereiro;2026;2
Aérea;Bahia;México;Fevereiro;2026;82
Aérea;Minas Gerais;México;Fevereiro;2026;24
Aérea;Rio de Janeiro;México;Fevereiro;2026;1
Aérea;Rio de Janeiro;México;Fevereiro;2026;2818
Aérea;São Paulo;México;Fevereiro;2026;5
Aérea;São Paulo;México;Fevereiro;2026;9091
Aérea;São Paulo;México;Fevereiro;2026;1
Aérea;Paraná;México;Fevereiro;2026;20
Aérea;Santa Catarina;México;Fevereiro;2026;76
Aérea;Rio Grande do Sul;México;Fevereiro;2026;85
Aérea;Distrito Federal;México;Fevereiro;2026;158
Terrestre;Rondônia;México;Fevereiro;2026;1
Terrestre;Acre;México;Fevereiro;2026;3
Terrestre;Amazonas;México;Fevereiro;2026;5
Terrestre;Roraima;México;Fevereiro;2026;1
Terrestre;Paraná;México;Fevereiro;2026;25
Terrestre;Paraná;México;Fevereiro;2026;361
Terrestre;Santa Catarina;México;Fevereiro;2026;1
Terrestre;Rio Grande do Sul;México;Fevereiro;2026;8
Terrestre;Rio Grande do Sul;México;Fevereiro;2026;4
Terrestre;Rio Grande do Sul;México;Fevereiro;2026;11
Terrestre;Rio Grande do Sul;México;Fevereiro;2026;3
Terrestre;Rio Grande do Sul;México;Fevereiro;2026;4
Terrestre;Mato Grosso do Sul;México;Fevereiro;2026;22
Terrestre;Mato Grosso do Sul;México;Fevereiro;2026;29
Marítima;Bahia;México;Fevereiro;2026;1
Marítima;Rio de Janeiro;México;Fevereiro;2026;33
Marítima;São Paulo;México;Fevereiro;2026;69
Marítima;Santa Catarina;México;Fevereiro;2026;36
Marítima;Santa Catarina;México;Fevereiro;2026;9
Marítima;Rio Grande do Sul;México;Fevereiro;2026;3
Aérea;Ceará;Mônaco;Fevereiro;2026;3
Aérea;Rio de Janeiro;Mônaco;Fevereiro;2026;3
Aérea;São Paulo;Mônaco;Fevereiro;2026;1
Aérea;Rio de Janeiro;Namíbia;Fevereiro;2026;6
Aérea;São Paulo;Namíbia;Fevereiro;2026;22
Marítima;Rio de Janeiro;Namíbia;Fevereiro;2026;1
Aérea;Bahia;Nepal;Fevereiro;2026;1
Aérea;Rio de Janeiro;Nepal;Fevereiro;2026;3
Aérea;São Paulo;Nepal;Fevereiro;2026;5
Aérea;Bahia;Nicarágua;Fevereiro;2026;2
Aérea;Minas Gerais;Nicarágua;Fevereiro;2026;3
Aérea;Rio de Janeiro;Nicarágua;Fevereiro;2026;54
Aérea;São Paulo;Nicarágua;Fevereiro;2026;1
Aérea;São Paulo;Nicarágua;Fevereiro;2026;104
Aérea;Santa Catarina;Nicarágua;Fevereiro;2026;2
Aérea;Rio Grande do Sul;Nicarágua;Fevereiro;2026;1
Aérea;Distrito Federal;Nicarágua;Fevereiro;2026;2
Terrestre;Amapá;Nicarágua;Fevereiro;2026;1
Terrestre;Paraná;Nicarágua;Fevereiro;2026;2
Terrestre;Paraná;Nicarágua;Fevereiro;2026;4
Terrestre;Rio Grande do Sul;Nicarágua;Fevereiro;2026;3
Marítima;Rio de Janeiro;Nicarágua;Fevereiro;2026;4
Aérea;Ceará;Nigéria;Fevereiro;2026;1
Aérea;Bahia;Nigéria;Fevereiro;2026;4
Aérea;Rio de Janeiro;Nigéria;Fevereiro;2026;27
Aérea;São Paulo;Nigéria;Fevereiro;2026;160
Marítima;Alagoas;Nigéria;Fevereiro;2026;1
Marítima;Santa Catarina;Nigéria;Fevereiro;2026;1
Aérea;Amazonas;Noruega;Fevereiro;2026;5
Aérea;Pará;Noruega;Fevereiro;2026;7
Aérea;Ceará;Noruega;Fevereiro;2026;216
Aérea;Rio Grande do Norte;Noruega;Fevereiro;2026;158
Aérea;Pernambuco;Noruega;Fevereiro;2026;38
Aérea;Alagoas;Noruega;Fevereiro;2026;1
Aérea;Bahia;Noruega;Fevereiro;2026;23
Aérea;Minas Gerais;Noruega;Fevereiro;2026;15
Aérea;Rio de Janeiro;Noruega;Fevereiro;2026;756
Aérea;São Paulo;Noruega;Fevereiro;2026;22
Aérea;São Paulo;Noruega;Fevereiro;2026;653
Aérea;Paraná;Noruega;Fevereiro;2026;2
Aérea;Santa Catarina;Noruega;Fevereiro;2026;28
Aérea;Rio Grande do Sul;Noruega;Fevereiro;2026;4
Aérea;Distrito Federal;Noruega;Fevereiro;2026;11
Terrestre;Amazonas;Noruega;Fevereiro;2026;2
Terrestre;Paraná;Noruega;Fevereiro;2026;15
Terrestre;Paraná;Noruega;Fevereiro;2026;65
Terrestre;Rio Grande do Sul;Noruega;Fevereiro;2026;1
Marítima;Pernambuco;Noruega;Fevereiro;2026;5
Marítima;Pernambuco;Noruega;Fevereiro;2026;1
Marítima;Bahia;Noruega;Fevereiro;2026;15
Marítima;Rio de Janeiro;Noruega;Fevereiro;2026;1
Marítima;Rio de Janeiro;Noruega;Fevereiro;2026;1
Marítima;Rio Grande do Sul;Noruega;Fevereiro;2026;2
Aérea;Amazonas;Nova Zelândia;Fevereiro;2026;3
Aérea;Pernambuco;Nova Zelândia;Fevereiro;2026;4
Aérea;Bahia;Nova Zelândia;Fevereiro;2026;5
Aérea;Minas Gerais;Nova Zelândia;Fevereiro;2026;2
Aérea;Rio de Janeiro;Nova Zelândia;Fevereiro;2026;213
Aérea;São Paulo;Nova Zelândia;Fevereiro;2026;1
Aérea;São Paulo;Nova Zelândia;Fevereiro;2026;1162
Aérea;São Paulo;Nova Zelândia;Fevereiro;2026;1
Aérea;Paraná;Nova Zelândia;Fevereiro;2026;1
Aérea;Paraná;Nova Zelândia;Fevereiro;2026;3
Aérea;Santa Catarina;Nova Zelândia;Fevereiro;2026;29
Aérea;Rio Grande do Sul;Nova Zelândia;Fevereiro;2026;12
Aérea;Distrito Federal;Nova Zelândia;Fevereiro;2026;4
Terrestre;Roraima;Nova Zelândia;Fevereiro;2026;1
Terrestre;Paraná;Nova Zelândia;Fevereiro;2026;8
Terrestre;Paraná;Nova Zelândia;Fevereiro;2026;58
Terrestre;Santa Catarina;Nova Zelândia;Fevereiro;2026;1
Terrestre;Rio Grande do Sul;Nova Zelândia;Fevereiro;2026;1
Terrestre;Rio Grande do Sul;Nova Zelândia;Fevereiro;2026;1
Terrestre;Mato Grosso do Sul;Nova Zelândia;Fevereiro;2026;1
Marítima;Pernambuco;Nova Zelândia;Fevereiro;2026;2
Marítima;Bahia;Nova Zelândia;Fevereiro;2026;2
Marítima;Rio de Janeiro;Nova Zelândia;Fevereiro;2026;19
Marítima;São Paulo;Nova Zelândia;Fevereiro;2026;2
Marítima;Rio Grande do Sul;Nova Zelândia;Fevereiro;2026;6
Aérea;São Paulo;Omã;Fevereiro;2026;3
Aérea;Bahia;Palestina;Fevereiro;2026;1
Aérea;Rio de Janeiro;Palestina;Fevereiro;2026;1
Aérea;São Paulo;Palestina;Fevereiro;2026;26
Aérea;Paraná;Palestina;Fevereiro;2026;1
Terrestre;Paraná;Palestina;Fevereiro;2026;1
Aérea;Amazonas;Panamá;Fevereiro;2026;16
Aérea;Bahia;Panamá;Fevereiro;2026;38
Aérea;Minas Gerais;Panamá;Fevereiro;2026;33
Aérea;Rio de Janeiro;Panamá;Fevereiro;2026;480
Aérea;São Paulo;Panamá;Fevereiro;2026;722
Aérea;Paraná;Panamá;Fevereiro;2026;1
Aérea;Santa Catarina;Panamá;Fevereiro;2026;30
Aérea;Rio Grande do Sul;Panamá;Fevereiro;2026;17
Aérea;Distrito Federal;Panamá;Fevereiro;2026;27
Terrestre;Paraná;Panamá;Fevereiro;2026;8
Terrestre;Paraná;Panamá;Fevereiro;2026;14
Terrestre;Rio Grande do Sul;Panamá;Fevereiro;2026;1
Terrestre;Rio Grande do Sul;Panamá;Fevereiro;2026;2
Marítima;Rio de Janeiro;Panamá;Fevereiro;2026;2
Marítima;São Paulo;Panamá;Fevereiro;2026;7
Marítima;Santa Catarina;Panamá;Fevereiro;2026;3
Aérea;Rio de Janeiro;Papua Nova Guiné;Fevereiro;2026;4
Aérea;São Paulo;Papua Nova Guiné;Fevereiro;2026;1
Aérea;Rio de Janeiro;Paquistão;Fevereiro;2026;21
Aérea;São Paulo;Paquistão;Fevereiro;2026;80
Aérea;Paraná;Paquistão;Fevereiro;2026;1
Aérea;Rio Grande do Sul;Paquistão;Fevereiro;2026;3
Aérea;Distrito Federal;Paquistão;Fevereiro;2026;8
Terrestre;Paraná;Paquistão;Fevereiro;2026;2
Terrestre;Rio Grande do Sul;Paquistão;Fevereiro;2026;1
Aérea;Roraima;Paraguai;Fevereiro;2026;4
Aérea;Ceará;Paraguai;Fevereiro;2026;8
Aérea;Rio Grande do Norte;Paraguai;Fevereiro;2026;3
Aérea;Pernambuco;Paraguai;Fevereiro;2026;23
Aérea;Alagoas;Paraguai;Fevereiro;2026;9
Aérea;Bahia;Paraguai;Fevereiro;2026;8
Aérea;Bahia;Paraguai;Fevereiro;2026;29
Aérea;Rio de Janeiro;Paraguai;Fevereiro;2026;10
Aérea;Rio de Janeiro;Paraguai;Fevereiro;2026;2829
Aérea;São Paulo;Paraguai;Fevereiro;2026;14
Aérea;São Paulo;Paraguai;Fevereiro;2026;4710
Aérea;Paraná;Paraguai;Fevereiro;2026;88
Aérea;Paraná;Paraguai;Fevereiro;2026;206
Aérea;Santa Catarina;Paraguai;Fevereiro;2026;406
Aérea;Santa Catarina;Paraguai;Fevereiro;2026;19
Aérea;Rio Grande do Sul;Paraguai;Fevereiro;2026;17
Aérea;Mato Grosso do Sul;Paraguai;Fevereiro;2026;10
Aérea;Mato Grosso;Paraguai;Fevereiro;2026;2
Aérea;Distrito Federal;Paraguai;Fevereiro;2026;8
Terrestre;Roraima;Paraguai;Fevereiro;2026;1
Terrestre;Paraná;Paraguai;Fevereiro;2026;4
Terrestre;Paraná;Paraguai;Fevereiro;2026;43693
Terrestre;Paraná;Paraguai;Fevereiro;2026;297
Terrestre;Paraná;Paraguai;Fevereiro;2026;3854
Terrestre;Paraná;Paraguai;Fevereiro;2026;923
Terrestre;Paraná;Paraguai;Fevereiro;2026;149
Terrestre;Santa Catarina;Paraguai;Fevereiro;2026;1645
Terrestre;Santa Catarina;Paraguai;Fevereiro;2026;212
Terrestre;Rio Grande do Sul;Paraguai;Fevereiro;2026;25
Terrestre;Rio Grande do Sul;Paraguai;Fevereiro;2026;3
Terrestre;Rio Grande do Sul;Paraguai;Fevereiro;2026;26
Terrestre;Rio Grande do Sul;Paraguai;Fevereiro;2026;6
Terrestre;Rio Grande do Sul;Paraguai;Fevereiro;2026;16
Terrestre;Rio Grande do Sul;Paraguai;Fevereiro;2026;148
Terrestre;Rio Grande do Sul;Paraguai;Fevereiro;2026;384
Terrestre;Rio Grande do Sul;Paraguai;Fevereiro;2026;316
Terrestre;Mato Grosso do Sul;Paraguai;Fevereiro;2026;41
Terrestre;Mato Grosso do Sul;Paraguai;Fevereiro;2026;1719
Marítima;Rio de Janeiro;Paraguai;Fevereiro;2026;37
Marítima;São Paulo;Paraguai;Fevereiro;2026;22
Marítima;Santa Catarina;Paraguai;Fevereiro;2026;33
Marítima;Santa Catarina;Paraguai;Fevereiro;2026;15
Fluvial;Santa Catarina;Paraguai;Fevereiro;2026;1
Fluvial;Rio Grande do Sul;Paraguai;Fevereiro;2026;130
Fluvial;Rio Grande do Sul;Paraguai;Fevereiro;2026;109
Terrestre;Paraná;Países não especificados;Fevereiro;2026;1
Terrestre;Santa Catarina;Países não especificados;Fevereiro;2026;1
Aérea;Amazonas;Peru;Fevereiro;2026;23
Aérea;Pará;Peru;Fevereiro;2026;11
Aérea;Ceará;Peru;Fevereiro;2026;4
Aérea;Rio Grande do Norte;Peru;Fevereiro;2026;1
Aérea;Pernambuco;Peru;Fevereiro;2026;8
Aérea;Alagoas;Peru;Fevereiro;2026;4
Aérea;Bahia;Peru;Fevereiro;2026;1
Aérea;Bahia;Peru;Fevereiro;2026;17
Aérea;Minas Gerais;Peru;Fevereiro;2026;6
Aérea;Rio de Janeiro;Peru;Fevereiro;2026;4
Aérea;Rio de Janeiro;Peru;Fevereiro;2026;5358
Aérea;São Paulo;Peru;Fevereiro;2026;8
Aérea;São Paulo;Peru;Fevereiro;2026;9545
Aérea;São Paulo;Peru;Fevereiro;2026;1
Aérea;Paraná;Peru;Fevereiro;2026;70
Aérea;Paraná;Peru;Fevereiro;2026;382
Aérea;Santa Catarina;Peru;Fevereiro;2026;837
Aérea;Rio Grande do Sul;Peru;Fevereiro;2026;262
Aérea;Distrito Federal;Peru;Fevereiro;2026;969
Terrestre;Rondônia;Peru;Fevereiro;2026;2
Terrestre;Acre;Peru;Fevereiro;2026;1517
Terrestre;Acre;Peru;Fevereiro;2026;1
Terrestre;Acre;Peru;Fevereiro;2026;75
Terrestre;Amazonas;Peru;Fevereiro;2026;164
Terrestre;Roraima;Peru;Fevereiro;2026;3
Terrestre;Roraima;Peru;Fevereiro;2026;15
Terrestre;Amapá;Peru;Fevereiro;2026;27
Terrestre;Paraná;Peru;Fevereiro;2026;177
Terrestre;Paraná;Peru;Fevereiro;2026;1061
Terrestre;Paraná;Peru;Fevereiro;2026;1
Terrestre;Santa Catarina;Peru;Fevereiro;2026;4
Terrestre;Santa Catarina;Peru;Fevereiro;2026;5
Terrestre;Rio Grande do Sul;Peru;Fevereiro;2026;4
Terrestre;Rio Grande do Sul;Peru;Fevereiro;2026;26
Terrestre;Rio Grande do Sul;Peru;Fevereiro;2026;9
Terrestre;Rio Grande do Sul;Peru;Fevereiro;2026;4
Terrestre;Rio Grande do Sul;Peru;Fevereiro;2026;49
Terrestre;Rio Grande do Sul;Peru;Fevereiro;2026;10
Terrestre;Rio Grande do Sul;Peru;Fevereiro;2026;168
Terrestre;Mato Grosso do Sul;Peru;Fevereiro;2026;159
Terrestre;Mato Grosso do Sul;Peru;Fevereiro;2026;174
Terrestre;Mato Grosso;Peru;Fevereiro;2026;1
Marítima;Maranhão;Peru;Fevereiro;2026;7
Marítima;Rio de Janeiro;Peru;Fevereiro;2026;49
Marítima;São Paulo;Peru;Fevereiro;2026;33
Marítima;Santa Catarina;Peru;Fevereiro;2026;298
Marítima;Santa Catarina;Peru;Fevereiro;2026;319
Fluvial;Amapá;Peru;Fevereiro;2026;4
Fluvial;Rio Grande do Sul;Peru;Fevereiro;2026;3
Aérea;Amazonas;Polônia;Fevereiro;2026;30
Aérea;Pará;Polônia;Fevereiro;2026;5
Aérea;Ceará;Polônia;Fevereiro;2026;117
Aérea;Rio Grande do Norte;Polônia;Fevereiro;2026;5
Aérea;Paraíba;Polônia;Fevereiro;2026;1
Aérea;Pernambuco;Polônia;Fevereiro;2026;48
Aérea;Alagoas;Polônia;Fevereiro;2026;5
Aérea;Bahia;Polônia;Fevereiro;2026;117
Aérea;Minas Gerais;Polônia;Fevereiro;2026;15
Aérea;Rio de Janeiro;Polônia;Fevereiro;2026;1682
Aérea;São Paulo;Polônia;Fevereiro;2026;71
Aérea;São Paulo;Polônia;Fevereiro;2026;2226
Aérea;Paraná;Polônia;Fevereiro;2026;3
Aérea;Paraná;Polônia;Fevereiro;2026;9
Aérea;Santa Catarina;Polônia;Fevereiro;2026;34
Aérea;Rio Grande do Sul;Polônia;Fevereiro;2026;5
Aérea;Distrito Federal;Polônia;Fevereiro;2026;17
Terrestre;Amazonas;Polônia;Fevereiro;2026;3
Terrestre;Paraná;Polônia;Fevereiro;2026;70
Terrestre;Paraná;Polônia;Fevereiro;2026;759
Terrestre;Santa Catarina;Polônia;Fevereiro;2026;1
Terrestre;Rio Grande do Sul;Polônia;Fevereiro;2026;5
Terrestre;Rio Grande do Sul;Polônia;Fevereiro;2026;1
Terrestre;Rio Grande do Sul;Polônia;Fevereiro;2026;1
Terrestre;Rio Grande do Sul;Polônia;Fevereiro;2026;2
Terrestre;Mato Grosso do Sul;Polônia;Fevereiro;2026;2
Marítima;Pernambuco;Polônia;Fevereiro;2026;1
Marítima;Rio de Janeiro;Polônia;Fevereiro;2026;3
Marítima;Rio de Janeiro;Polônia;Fevereiro;2026;24
Marítima;São Paulo;Polônia;Fevereiro;2026;11
Marítima;Santa Catarina;Polônia;Fevereiro;2026;109
Marítima;Santa Catarina;Polônia;Fevereiro;2026;3
Marítima;Rio Grande do Sul;Polônia;Fevereiro;2026;3
Fluvial;Amapá;Polônia;Fevereiro;2026;1
Fluvial;Santa Catarina;Polônia;Fevereiro;2026;1
Aérea;São Paulo;Porto Rico;Fevereiro;2026;1
Aérea;Amazonas;Portugal;Fevereiro;2026;73
Aérea;Roraima;Portugal;Fevereiro;2026;1
Aérea;Pará;Portugal;Fevereiro;2026;451
Aérea;Ceará;Portugal;Fevereiro;2026;3300
Aérea;Rio Grande do Norte;Portugal;Fevereiro;2026;588
Aérea;Paraíba;Portugal;Fevereiro;2026;1
Aérea;Pernambuco;Portugal;Fevereiro;2026;2904
Aérea;Alagoas;Portugal;Fevereiro;2026;160
Aérea;Bahia;Portugal;Fevereiro;2026;2
Aérea;Bahia;Portugal;Fevereiro;2026;2353
Aérea;Minas Gerais;Portugal;Fevereiro;2026;1857
Aérea;Rio de Janeiro;Portugal;Fevereiro;2026;7496
Aérea;São Paulo;Portugal;Fevereiro;2026;6077
Aérea;São Paulo;Portugal;Fevereiro;2026;11810
Aérea;São Paulo;Portugal;Fevereiro;2026;11
Aérea;Paraná;Portugal;Fevereiro;2026;1
Aérea;Paraná;Portugal;Fevereiro;2026;2
Aérea;Santa Catarina;Portugal;Fevereiro;2026;358
Aérea;Rio Grande do Sul;Portugal;Fevereiro;2026;126
Aérea;Distrito Federal;Portugal;Fevereiro;2026;1230
Terrestre;Amazonas;Portugal;Fevereiro;2026;6
Terrestre;Roraima;Portugal;Fevereiro;2026;1
Terrestre;Roraima;Portugal;Fevereiro;2026;1
Terrestre;Amapá;Portugal;Fevereiro;2026;9
Terrestre;Paraná;Portugal;Fevereiro;2026;22
Terrestre;Paraná;Portugal;Fevereiro;2026;138
Terrestre;Santa Catarina;Portugal;Fevereiro;2026;1
Terrestre;Santa Catarina;Portugal;Fevereiro;2026;2
Terrestre;Rio Grande do Sul;Portugal;Fevereiro;2026;1
Terrestre;Rio Grande do Sul;Portugal;Fevereiro;2026;5
Terrestre;Rio Grande do Sul;Portugal;Fevereiro;2026;4
Terrestre;Rio Grande do Sul;Portugal;Fevereiro;2026;3
Terrestre;Mato Grosso do Sul;Portugal;Fevereiro;2026;3
Terrestre;Mato Grosso do Sul;Portugal;Fevereiro;2026;1
Marítima;Pernambuco;Portugal;Fevereiro;2026;4
Marítima;Bahia;Portugal;Fevereiro;2026;12
Marítima;Rio de Janeiro;Portugal;Fevereiro;2026;17
Marítima;São Paulo;Portugal;Fevereiro;2026;46
Marítima;Santa Catarina;Portugal;Fevereiro;2026;43
Marítima;Santa Catarina;Portugal;Fevereiro;2026;18
Fluvial;Amapá;Portugal;Fevereiro;2026;3
Aérea;Bahia;Quirguistão;Fevereiro;2026;1
Aérea;São Paulo;Quirguistão;Fevereiro;2026;9
Aérea;Bahia;Quênia;Fevereiro;2026;1
Aérea;Rio de Janeiro;Quênia;Fevereiro;2026;14
Aérea;São Paulo;Quênia;Fevereiro;2026;35
Aérea;Distrito Federal;Quênia;Fevereiro;2026;1
Terrestre;Paraná;Quênia;Fevereiro;2026;1
Marítima;Rio de Janeiro;Quênia;Fevereiro;2026;10
Aérea;Amazonas;Reino Unido;Fevereiro;2026;38
Aérea;Pará;Reino Unido;Fevereiro;2026;31
Aérea;Ceará;Reino Unido;Fevereiro;2026;169
Aérea;Rio Grande do Norte;Reino Unido;Fevereiro;2026;63
Aérea;Pernambuco;Reino Unido;Fevereiro;2026;202
Aérea;Bahia;Reino Unido;Fevereiro;2026;443
Aérea;Minas Gerais;Reino Unido;Fevereiro;2026;507
Aérea;Rio de Janeiro;Reino Unido;Fevereiro;2026;8620
Aérea;São Paulo;Reino Unido;Fevereiro;2026;406
Aérea;São Paulo;Reino Unido;Fevereiro;2026;14688
Aérea;São Paulo;Reino Unido;Fevereiro;2026;2
Aérea;São Paulo;Reino Unido;Fevereiro;2026;3
Aérea;Paraná;Reino Unido;Fevereiro;2026;13
Aérea;Paraná;Reino Unido;Fevereiro;2026;9
Aérea;Santa Catarina;Reino Unido;Fevereiro;2026;166
Aérea;Santa Catarina;Reino Unido;Fevereiro;2026;3
Aérea;Rio Grande do Sul;Reino Unido;Fevereiro;2026;26
Aérea;Distrito Federal;Reino Unido;Fevereiro;2026;116
Terrestre;Acre;Reino Unido;Fevereiro;2026;4
Terrestre;Amazonas;Reino Unido;Fevereiro;2026;13
Terrestre;Roraima;Reino Unido;Fevereiro;2026;6
Terrestre;Roraima;Reino Unido;Fevereiro;2026;4
Terrestre;Amapá;Reino Unido;Fevereiro;2026;1
Terrestre;Paraná;Reino Unido;Fevereiro;2026;107
Terrestre;Paraná;Reino Unido;Fevereiro;2026;2011
Terrestre;Paraná;Reino Unido;Fevereiro;2026;1
Terrestre;Santa Catarina;Reino Unido;Fevereiro;2026;6
Terrestre;Rio Grande do Sul;Reino Unido;Fevereiro;2026;1
Terrestre;Rio Grande do Sul;Reino Unido;Fevereiro;2026;22
Terrestre;Rio Grande do Sul;Reino Unido;Fevereiro;2026;2
Terrestre;Rio Grande do Sul;Reino Unido;Fevereiro;2026;2
Terrestre;Rio Grande do Sul;Reino Unido;Fevereiro;2026;2
Terrestre;Mato Grosso do Sul;Reino Unido;Fevereiro;2026;9
Terrestre;Mato Grosso do Sul;Reino Unido;Fevereiro;2026;2
Marítima;Ceará;Reino Unido;Fevereiro;2026;3
Marítima;Pernambuco;Reino Unido;Fevereiro;2026;3
Marítima;Pernambuco;Reino Unido;Fevereiro;2026;53
Marítima;Bahia;Reino Unido;Fevereiro;2026;1046
Marítima;Espírito Santo;Reino Unido;Fevereiro;2026;1
Marítima;Rio de Janeiro;Reino Unido;Fevereiro;2026;214
Marítima;São Paulo;Reino Unido;Fevereiro;2026;27
Marítima;Santa Catarina;Reino Unido;Fevereiro;2026;151
Marítima;Santa Catarina;Reino Unido;Fevereiro;2026;5
Marítima;Rio Grande do Sul;Reino Unido;Fevereiro;2026;216
Aérea;São Paulo;República Centro Africana;Fevereiro;2026;1
Aérea;Rio de Janeiro;República Democrática do Congo;Fevereiro;2026;5
Aérea;São Paulo;República Democrática do Congo;Fevereiro;2026;42
Aérea;Amazonas;República Dominicana;Fevereiro;2026;7
Aérea;Pará;República Dominicana;Fevereiro;2026;8
Aérea;Ceará;República Dominicana;Fevereiro;2026;1
Aérea;Pernambuco;República Dominicana;Fevereiro;2026;1
Aérea;Bahia;República Dominicana;Fevereiro;2026;4
Aérea;Minas Gerais;República Dominicana;Fevereiro;2026;4
Aérea;Rio de Janeiro;República Dominicana;Fevereiro;2026;211
Aérea;São Paulo;República Dominicana;Fevereiro;2026;3
Aérea;São Paulo;República Dominicana;Fevereiro;2026;736
Aérea;Santa Catarina;República Dominicana;Fevereiro;2026;13
Aérea;Rio Grande do Sul;República Dominicana;Fevereiro;2026;24
Aérea;Distrito Federal;República Dominicana;Fevereiro;2026;60
Terrestre;Acre;República Dominicana;Fevereiro;2026;1
Terrestre;Amazonas;República Dominicana;Fevereiro;2026;2
Terrestre;Roraima;República Dominicana;Fevereiro;2026;1
Terrestre;Roraima;República Dominicana;Fevereiro;2026;1
Terrestre;Amapá;República Dominicana;Fevereiro;2026;22
Terrestre;Paraná;República Dominicana;Fevereiro;2026;6
Terrestre;Paraná;República Dominicana;Fevereiro;2026;11
Terrestre;Rio Grande do Sul;República Dominicana;Fevereiro;2026;4
Terrestre;Rio Grande do Sul;República Dominicana;Fevereiro;2026;2
Terrestre;Rio Grande do Sul;República Dominicana;Fevereiro;2026;3
Terrestre;Rio Grande do Sul;República Dominicana;Fevereiro;2026;1
Terrestre;Rio Grande do Sul;República Dominicana;Fevereiro;2026;1
Terrestre;Mato Grosso do Sul;República Dominicana;Fevereiro;2026;3
Marítima;Rio de Janeiro;República Dominicana;Fevereiro;2026;3
Marítima;Santa Catarina;República Dominicana;Fevereiro;2026;1
Marítima;Santa Catarina;República Dominicana;Fevereiro;2026;47
Marítima;Rio Grande do Sul;República Dominicana;Fevereiro;2026;1
Aérea;Amazonas;República Tcheca;Fevereiro;2026;2
Aérea;Pará;República Tcheca;Fevereiro;2026;1
Aérea;Ceará;República Tcheca;Fevereiro;2026;10
Aérea;Rio Grande do Norte;República Tcheca;Fevereiro;2026;28
Aérea;Pernambuco;República Tcheca;Fevereiro;2026;12
Aérea;Bahia;República Tcheca;Fevereiro;2026;46
Aérea;Minas Gerais;República Tcheca;Fevereiro;2026;10
Aérea;Rio de Janeiro;República Tcheca;Fevereiro;2026;673
Aérea;São Paulo;República Tcheca;Fevereiro;2026;6
Aérea;São Paulo;República Tcheca;Fevereiro;2026;275
Aérea;Paraná;República Tcheca;Fevereiro;2026;2
Aérea;Paraná;República Tcheca;Fevereiro;2026;1
Aérea;Santa Catarina;República Tcheca;Fevereiro;2026;11
Aérea;Rio Grande do Sul;República Tcheca;Fevereiro;2026;4
Aérea;Distrito Federal;República Tcheca;Fevereiro;2026;3
Terrestre;Acre;República Tcheca;Fevereiro;2026;2
Terrestre;Amazonas;República Tcheca;Fevereiro;2026;2
Terrestre;Paraná;República Tcheca;Fevereiro;2026;14
Terrestre;Paraná;República Tcheca;Fevereiro;2026;181
Terrestre;Rio Grande do Sul;República Tcheca;Fevereiro;2026;1
Terrestre;Rio Grande do Sul;República Tcheca;Fevereiro;2026;4
Marítima;Rio de Janeiro;República Tcheca;Fevereiro;2026;20
Marítima;São Paulo;República Tcheca;Fevereiro;2026;2
Marítima;Santa Catarina;República Tcheca;Fevereiro;2026;1
Marítima;Santa Catarina;República Tcheca;Fevereiro;2026;1
Fluvial;Amapá;República Tcheca;Fevereiro;2026;2
Aérea;Amazonas;República da Coreia;Fevereiro;2026;12
Aérea;Ceará;República da Coreia;Fevereiro;2026;2
Aérea;Rio Grande do Norte;República da Coreia;Fevereiro;2026;3
Aérea;Pernambuco;República da Coreia;Fevereiro;2026;3
Aérea;Bahia;República da Coreia;Fevereiro;2026;1
Aérea;Bahia;República da Coreia;Fevereiro;2026;10
Aérea;Minas Gerais;República da Coreia;Fevereiro;2026;2
Aérea;Rio de Janeiro;República da Coreia;Fevereiro;2026;391
Aérea;São Paulo;República da Coreia;Fevereiro;2026;5
Aérea;São Paulo;República da Coreia;Fevereiro;2026;1694
Aérea;Paraná;República da Coreia;Fevereiro;2026;14
Aérea;Paraná;República da Coreia;Fevereiro;2026;8
Aérea;Santa Catarina;República da Coreia;Fevereiro;2026;14
Aérea;Rio Grande do Sul;República da Coreia;Fevereiro;2026;6
Aérea;Distrito Federal;República da Coreia;Fevereiro;2026;3
Terrestre;Roraima;República da Coreia;Fevereiro;2026;1
Terrestre;Paraná;República da Coreia;Fevereiro;2026;73
Terrestre;Paraná;República da Coreia;Fevereiro;2026;1536
Terrestre;Paraná;República da Coreia;Fevereiro;2026;4
Terrestre;Santa Catarina;República da Coreia;Fevereiro;2026;1
Terrestre;Rio Grande do Sul;República da Coreia;Fevereiro;2026;1
Terrestre;Rio Grande do Sul;República da Coreia;Fevereiro;2026;1
Terrestre;Rio Grande do Sul;República da Coreia;Fevereiro;2026;2
Terrestre;Mato Grosso do Sul;República da Coreia;Fevereiro;2026;1
Marítima;Rio de Janeiro;República da Coreia;Fevereiro;2026;25
Marítima;São Paulo;República da Coreia;Fevereiro;2026;50
Marítima;Santa Catarina;República da Coreia;Fevereiro;2026;7
Marítima;Santa Catarina;República da Coreia;Fevereiro;2026;1
Aérea;Pernambuco;República do Kosovo;Fevereiro;2026;2
Aérea;Rio de Janeiro;República do Kosovo;Fevereiro;2026;7
Aérea;São Paulo;República do Kosovo;Fevereiro;2026;10
Aérea;Distrito Federal;República do Kosovo;Fevereiro;2026;1
Aérea;Amazonas;Romênia;Fevereiro;2026;1
Aérea;Pará;Romênia;Fevereiro;2026;2
Aérea;Ceará;Romênia;Fevereiro;2026;36
Aérea;Rio Grande do Norte;Romênia;Fevereiro;2026;4
Aérea;Pernambuco;Romênia;Fevereiro;2026;8
Aérea;Bahia;Romênia;Fevereiro;2026;24
Aérea;Minas Gerais;Romênia;Fevereiro;2026;6
Aérea;Rio de Janeiro;Romênia;Fevereiro;2026;461
Aérea;São Paulo;Romênia;Fevereiro;2026;37
Aérea;São Paulo;Romênia;Fevereiro;2026;934
Aérea;Paraná;Romênia;Fevereiro;2026;2
Aérea;Paraná;Romênia;Fevereiro;2026;2
Aérea;Santa Catarina;Romênia;Fevereiro;2026;8
Aérea;Rio Grande do Sul;Romênia;Fevereiro;2026;2
Aérea;Distrito Federal;Romênia;Fevereiro;2026;2
Terrestre;Paraná;Romênia;Fevereiro;2026;11
Terrestre;Paraná;Romênia;Fevereiro;2026;105
Terrestre;Rio Grande do Sul;Romênia;Fevereiro;2026;2
Marítima;Rio de Janeiro;Romênia;Fevereiro;2026;30
Marítima;São Paulo;Romênia;Fevereiro;2026;7
Marítima;Santa Catarina;Romênia;Fevereiro;2026;17
Marítima;Santa Catarina;Romênia;Fevereiro;2026;9
Marítima;Santa Catarina;Romênia;Fevereiro;2026;2
Fluvial;Santa Catarina;Romênia;Fevereiro;2026;2
Fluvial;Rio Grande do Sul;Romênia;Fevereiro;2026;1
Aérea;Rio de Janeiro;Ruanda;Fevereiro;2026;3
Aérea;São Paulo;Ruanda;Fevereiro;2026;5
Aérea;Amazonas;Rússia;Fevereiro;2026;5
Aérea;Ceará;Rússia;Fevereiro;2026;3
Aérea;Rio Grande do Norte;Rússia;Fevereiro;2026;7
Aérea;Paraíba;Rússia;Fevereiro;2026;2
Aérea;Pernambuco;Rússia;Fevereiro;2026;7
Aérea;Bahia;Rússia;Fevereiro;2026;3
Aérea;Bahia;Rússia;Fevereiro;2026;7
Aérea;Minas Gerais;Rússia;Fevereiro;2026;4
Aérea;Rio de Janeiro;Rússia;Fevereiro;2026;756
Aérea;São Paulo;Rússia;Fevereiro;2026;15
Aérea;São Paulo;Rússia;Fevereiro;2026;2914
Aérea;São Paulo;Rússia;Fevereiro;2026;2
Aérea;Paraná;Rússia;Fevereiro;2026;6
Aérea;Paraná;Rússia;Fevereiro;2026;6
Aérea;Santa Catarina;Rússia;Fevereiro;2026;68
Aérea;Rio Grande do Sul;Rússia;Fevereiro;2026;4
Aérea;Distrito Federal;Rússia;Fevereiro;2026;143
Terrestre;Amazonas;Rússia;Fevereiro;2026;5
Terrestre;Roraima;Rússia;Fevereiro;2026;3
Terrestre;Roraima;Rússia;Fevereiro;2026;1
Terrestre;Amapá;Rússia;Fevereiro;2026;1
Terrestre;Paraná;Rússia;Fevereiro;2026;62
Terrestre;Paraná;Rússia;Fevereiro;2026;488
Terrestre;Rio Grande do Sul;Rússia;Fevereiro;2026;14
Terrestre;Rio Grande do Sul;Rússia;Fevereiro;2026;4
Terrestre;Rio Grande do Sul;Rússia;Fevereiro;2026;1
Terrestre;Rio Grande do Sul;Rússia;Fevereiro;2026;5
Marítima;Rio de Janeiro;Rússia;Fevereiro;2026;37
Marítima;São Paulo;Rússia;Fevereiro;2026;17
Marítima;Santa Catarina;Rússia;Fevereiro;2026;2
Marítima;Santa Catarina;Rússia;Fevereiro;2026;2
Marítima;Santa Catarina;Rússia;Fevereiro;2026;1
Marítima;Rio Grande do Sul;Rússia;Fevereiro;2026;1
Fluvial;Amapá;Rússia;Fevereiro;2026;1
Fluvial;Santa Catarina;Rússia;Fevereiro;2026;2
Fluvial;Rio Grande do Sul;Rússia;Fevereiro;2026;31
Marítima;Rio de Janeiro;Samoa;Fevereiro;2026;1
Aérea;Rio Grande do Norte;San Marino;Fevereiro;2026;1
Aérea;São Paulo;San Marino;Fevereiro;2026;4
Aérea;Rio de Janeiro;Santa Lúcia;Fevereiro;2026;2
Aérea;São Paulo;Santa Lúcia;Fevereiro;2026;6
Terrestre;Amapá;Santa Lúcia;Fevereiro;2026;3
Aérea;Pernambuco;Senegal;Fevereiro;2026;1
Aérea;Rio de Janeiro;Senegal;Fevereiro;2026;3
Aérea;São Paulo;Senegal;Fevereiro;2026;11
Aérea;São Paulo;Serra Leoa;Fevereiro;2026;3
Aérea;Rio de Janeiro;Sri Lanka;Fevereiro;2026;2
Aérea;São Paulo;Sri Lanka;Fevereiro;2026;1
Aérea;São Paulo;Sri Lanka;Fevereiro;2026;7
Terrestre;Paraná;Sri Lanka;Fevereiro;2026;2
Aérea;São Paulo;Suazilândia;Fevereiro;2026;2
Aérea;São Paulo;Sudão;Fevereiro;2026;14
Aérea;Pará;Suriname;Fevereiro;2026;948
Aérea;Ceará;Suriname;Fevereiro;2026;1
Aérea;Bahia;Suriname;Fevereiro;2026;1
Aérea;Rio de Janeiro;Suriname;Fevereiro;2026;4
Aérea;São Paulo;Suriname;Fevereiro;2026;24
Terrestre;Roraima;Suriname;Fevereiro;2026;4
Terrestre;Amapá;Suriname;Fevereiro;2026;20
Marítima;São Paulo;Suriname;Fevereiro;2026;13
Fluvial;Amapá;Suriname;Fevereiro;2026;1
Aérea;Amazonas;Suécia;Fevereiro;2026;5
Aérea;Pará;Suécia;Fevereiro;2026;2
Aérea;Ceará;Suécia;Fevereiro;2026;60
Aérea;Rio Grande do Norte;Suécia;Fevereiro;2026;82
Aérea;Pernambuco;Suécia;Fevereiro;2026;44
Aérea;Bahia;Suécia;Fevereiro;2026;2
Aérea;Bahia;Suécia;Fevereiro;2026;40
Aérea;Minas Gerais;Suécia;Fevereiro;2026;7
Aérea;Rio de Janeiro;Suécia;Fevereiro;2026;1165
Aérea;São Paulo;Suécia;Fevereiro;2026;30
Aérea;São Paulo;Suécia;Fevereiro;2026;2168
Aérea;Paraná;Suécia;Fevereiro;2026;5
Aérea;Paraná;Suécia;Fevereiro;2026;4
Aérea;Santa Catarina;Suécia;Fevereiro;2026;34
Aérea;Rio Grande do Sul;Suécia;Fevereiro;2026;11
Aérea;Distrito Federal;Suécia;Fevereiro;2026;14
Terrestre;Amazonas;Suécia;Fevereiro;2026;2
Terrestre;Paraná;Suécia;Fevereiro;2026;4
Terrestre;Paraná;Suécia;Fevereiro;2026;89
Terrestre;Rio Grande do Sul;Suécia;Fevereiro;2026;10
Terrestre;Mato Grosso do Sul;Suécia;Fevereiro;2026;1
Marítima;Pernambuco;Suécia;Fevereiro;2026;2
Marítima;Bahia;Suécia;Fevereiro;2026;2
Marítima;Rio de Janeiro;Suécia;Fevereiro;2026;6
Marítima;São Paulo;Suécia;Fevereiro;2026;1
Marítima;Santa Catarina;Suécia;Fevereiro;2026;2
Marítima;Santa Catarina;Suécia;Fevereiro;2026;1
Marítima;Rio Grande do Sul;Suécia;Fevereiro;2026;5
Aérea;Amazonas;Suíça;Fevereiro;2026;24
Aérea;Pará;Suíça;Fevereiro;2026;23
Aérea;Ceará;Suíça;Fevereiro;2026;209
Aérea;Rio Grande do Norte;Suíça;Fevereiro;2026;67
Aérea;Pernambuco;Suíça;Fevereiro;2026;212
Aérea;Alagoas;Suíça;Fevereiro;2026;7
Aérea;Bahia;Suíça;Fevereiro;2026;1
Aérea;Bahia;Suíça;Fevereiro;2026;599
Aérea;Minas Gerais;Suíça;Fevereiro;2026;90
Aérea;Rio de Janeiro;Suíça;Fevereiro;2026;1851
Aérea;São Paulo;Suíça;Fevereiro;2026;23
Aérea;São Paulo;Suíça;Fevereiro;2026;3614
Aérea;Paraná;Suíça;Fevereiro;2026;5
Aérea;Paraná;Suíça;Fevereiro;2026;3
Aérea;Santa Catarina;Suíça;Fevereiro;2026;90
Aérea;Rio Grande do Sul;Suíça;Fevereiro;2026;17
Aérea;Distrito Federal;Suíça;Fevereiro;2026;108
Terrestre;Amazonas;Suíça;Fevereiro;2026;8
Terrestre;Roraima;Suíça;Fevereiro;2026;1
Terrestre;Roraima;Suíça;Fevereiro;2026;1
Terrestre;Paraná;Suíça;Fevereiro;2026;39
Terrestre;Paraná;Suíça;Fevereiro;2026;375
Terrestre;Santa Catarina;Suíça;Fevereiro;2026;4
Terrestre;Rio Grande do Sul;Suíça;Fevereiro;2026;11
Terrestre;Rio Grande do Sul;Suíça;Fevereiro;2026;2
Terrestre;Rio Grande do Sul;Suíça;Fevereiro;2026;2
Terrestre;Rio Grande do Sul;Suíça;Fevereiro;2026;2
Terrestre;Mato Grosso do Sul;Suíça;Fevereiro;2026;8
Terrestre;Mato Grosso do Sul;Suíça;Fevereiro;2026;2
Marítima;Ceará;Suíça;Fevereiro;2026;26
Marítima;Pernambuco;Suíça;Fevereiro;2026;1
Marítima;Pernambuco;Suíça;Fevereiro;2026;3
Marítima;Bahia;Suíça;Fevereiro;2026;2
Marítima;Rio de Janeiro;Suíça;Fevereiro;2026;16
Marítima;São Paulo;Suíça;Fevereiro;2026;17
Marítima;Santa Catarina;Suíça;Fevereiro;2026;28
Marítima;Santa Catarina;Suíça;Fevereiro;2026;6
Marítima;Santa Catarina;Suíça;Fevereiro;2026;16
Marítima;Rio Grande do Sul;Suíça;Fevereiro;2026;24
Fluvial;Rio Grande do Sul;Suíça;Fevereiro;2026;3
Aérea;Amazonas;São Cristóvão e Nevis;Fevereiro;2026;1
Aérea;Ceará;São Cristóvão e Nevis;Fevereiro;2026;2
Aérea;Rio de Janeiro;São Cristóvão e Nevis;Fevereiro;2026;16
Aérea;São Paulo;São Cristóvão e Nevis;Fevereiro;2026;19
Aérea;Distrito Federal;São Cristóvão e Nevis;Fevereiro;2026;1
Aérea;Rio de Janeiro;São Tome e Príncipe;Fevereiro;2026;1
Aérea;São Paulo;São Tome e Príncipe;Fevereiro;2026;1
Aérea;Distrito Federal;São Tome e Príncipe;Fevereiro;2026;1
Aérea;Rio de Janeiro;São Vicente e Granadinas;Fevereiro;2026;2
Aérea;Amazonas;Sérvia;Fevereiro;2026;3
Aérea;Ceará;Sérvia;Fevereiro;2026;2
Aérea;Bahia;Sérvia;Fevereiro;2026;9
Aérea;Rio de Janeiro;Sérvia;Fevereiro;2026;188
Aérea;São Paulo;Sérvia;Fevereiro;2026;13
Aérea;São Paulo;Sérvia;Fevereiro;2026;192
Aérea;Santa Catarina;Sérvia;Fevereiro;2026;1
Aérea;Distrito Federal;Sérvia;Fevereiro;2026;1
Terrestre;Paraná;Sérvia;Fevereiro;2026;3
Terrestre;Paraná;Sérvia;Fevereiro;2026;26
Marítima;Rio de Janeiro;Sérvia;Fevereiro;2026;3
Marítima;São Paulo;Sérvia;Fevereiro;2026;1
Aérea;Rio de Janeiro;Síria;Fevereiro;2026;2
Aérea;São Paulo;Síria;Fevereiro;2026;58
Terrestre;Roraima;Síria;Fevereiro;2026;1
Terrestre;Rio Grande do Sul;Síria;Fevereiro;2026;2
Aérea;Rio de Janeiro;Tailândia;Fevereiro;2026;92
Aérea;São Paulo;Tailândia;Fevereiro;2026;320
Terrestre;Paraná;Tailândia;Fevereiro;2026;30
Terrestre;Santa Catarina;Tailândia;Fevereiro;2026;2
Marítima;São Paulo;Tailândia;Fevereiro;2026;24
Marítima;Rio Grande do Sul;Tailândia;Fevereiro;2026;1
Aérea;Amazonas;Taiwan;Fevereiro;2026;1
Aérea;Pará;Taiwan;Fevereiro;2026;1
Aérea;Bahia;Taiwan;Fevereiro;2026;2
Aérea;Minas Gerais;Taiwan;Fevereiro;2026;1
Aérea;Rio de Janeiro;Taiwan;Fevereiro;2026;162
Aérea;São Paulo;Taiwan;Fevereiro;2026;3
Aérea;São Paulo;Taiwan;Fevereiro;2026;286
Aérea;Paraná;Taiwan;Fevereiro;2026;3
Aérea;Santa Catarina;Taiwan;Fevereiro;2026;3
Aérea;Rio Grande do Sul;Taiwan;Fevereiro;2026;2
Aérea;Distrito Federal;Taiwan;Fevereiro;2026;3
Terrestre;Amapá;Taiwan;Fevereiro;2026;1
Terrestre;Paraná;Taiwan;Fevereiro;2026;29
Terrestre;Paraná;Taiwan;Fevereiro;2026;242
Terrestre;Mato Grosso do Sul;Taiwan;Fevereiro;2026;2
Marítima;Rio de Janeiro;Taiwan;Fevereiro;2026;2
Marítima;São Paulo;Taiwan;Fevereiro;2026;122
Aérea;São Paulo;Tanzânia;Fevereiro;2026;28
Aérea;Rio de Janeiro;Togo;Fevereiro;2026;2
Aérea;São Paulo;Togo;Fevereiro;2026;44
Aérea;Ceará;Trinidad e Tobago;Fevereiro;2026;1
Aérea;Pernambuco;Trinidad e Tobago;Fevereiro;2026;1
Aérea;Bahia;Trinidad e Tobago;Fevereiro;2026;2
Aérea;Rio de Janeiro;Trinidad e Tobago;Fevereiro;2026;24
Aérea;São Paulo;Trinidad e Tobago;Fevereiro;2026;27
Terrestre;Roraima;Trinidad e Tobago;Fevereiro;2026;5
Terrestre;Paraná;Trinidad e Tobago;Fevereiro;2026;2
Marítima;Rio de Janeiro;Trinidad e Tobago;Fevereiro;2026;1
Aérea;Amazonas;Tunísia;Fevereiro;2026;1
Aérea;Ceará;Tunísia;Fevereiro;2026;3
Aérea;Rio Grande do Norte;Tunísia;Fevereiro;2026;1
Aérea;Pernambuco;Tunísia;Fevereiro;2026;1
Aérea;Bahia;Tunísia;Fevereiro;2026;3
Aérea;Minas Gerais;Tunísia;Fevereiro;2026;1
Aérea;Rio de Janeiro;Tunísia;Fevereiro;2026;96
Aérea;São Paulo;Tunísia;Fevereiro;2026;3
Aérea;São Paulo;Tunísia;Fevereiro;2026;172
Aérea;Paraná;Tunísia;Fevereiro;2026;1
Aérea;Distrito Federal;Tunísia;Fevereiro;2026;1
Terrestre;Rio Grande do Sul;Tunísia;Fevereiro;2026;2
Marítima;Rio de Janeiro;Tunísia;Fevereiro;2026;2
Aérea;São Paulo;Turcomenistão;Fevereiro;2026;2
Aérea;Amazonas;Turquia;Fevereiro;2026;2
Aérea;Pará;Turquia;Fevereiro;2026;1
Aérea;Ceará;Turquia;Fevereiro;2026;4
Aérea;Rio Grande do Norte;Turquia;Fevereiro;2026;1
Aérea;Pernambuco;Turquia;Fevereiro;2026;7
Aérea;Bahia;Turquia;Fevereiro;2026;10
Aérea;Rio de Janeiro;Turquia;Fevereiro;2026;266
Aérea;São Paulo;Turquia;Fevereiro;2026;13
Aérea;São Paulo;Turquia;Fevereiro;2026;2195
Aérea;Paraná;Turquia;Fevereiro;2026;1
Aérea;Santa Catarina;Turquia;Fevereiro;2026;9
Aérea;Rio Grande do Sul;Turquia;Fevereiro;2026;1
Aérea;Distrito Federal;Turquia;Fevereiro;2026;8
Terrestre;Acre;Turquia;Fevereiro;2026;1
Terrestre;Roraima;Turquia;Fevereiro;2026;1
Terrestre;Roraima;Turquia;Fevereiro;2026;1
Terrestre;Paraná;Turquia;Fevereiro;2026;12
Terrestre;Paraná;Turquia;Fevereiro;2026;190
Terrestre;Rio Grande do Sul;Turquia;Fevereiro;2026;2
Terrestre;Rio Grande do Sul;Turquia;Fevereiro;2026;1
Terrestre;Mato Grosso do Sul;Turquia;Fevereiro;2026;1
Marítima;Ceará;Turquia;Fevereiro;2026;1
Marítima;Rio de Janeiro;Turquia;Fevereiro;2026;3
Marítima;São Paulo;Turquia;Fevereiro;2026;3
Marítima;Santa Catarina;Turquia;Fevereiro;2026;1
Aérea;Amazonas;Ucrânia;Fevereiro;2026;2
Aérea;Pará;Ucrânia;Fevereiro;2026;1
Aérea;Ceará;Ucrânia;Fevereiro;2026;15
Aérea;Rio Grande do Norte;Ucrânia;Fevereiro;2026;2
Aérea;Pernambuco;Ucrânia;Fevereiro;2026;13
Aérea;Bahia;Ucrânia;Fevereiro;2026;8
Aérea;Minas Gerais;Ucrânia;Fevereiro;2026;3
Aérea;Rio de Janeiro;Ucrânia;Fevereiro;2026;1
Aérea;Rio de Janeiro;Ucrânia;Fevereiro;2026;304
Aérea;São Paulo;Ucrânia;Fevereiro;2026;36
Aérea;São Paulo;Ucrânia;Fevereiro;2026;275
Aérea;Paraná;Ucrânia;Fevereiro;2026;1
Aérea;Santa Catarina;Ucrânia;Fevereiro;2026;23
Aérea;Rio Grande do Sul;Ucrânia;Fevereiro;2026;1
Aérea;Distrito Federal;Ucrânia;Fevereiro;2026;9
Terrestre;Acre;Ucrânia;Fevereiro;2026;1
Terrestre;Amapá;Ucrânia;Fevereiro;2026;1
Terrestre;Paraná;Ucrânia;Fevereiro;2026;15
Terrestre;Paraná;Ucrânia;Fevereiro;2026;72
Terrestre;Rio Grande do Sul;Ucrânia;Fevereiro;2026;2
Terrestre;Rio Grande do Sul;Ucrânia;Fevereiro;2026;1
Terrestre;Rio Grande do Sul;Ucrânia;Fevereiro;2026;3
Terrestre;Rio Grande do Sul;Ucrânia;Fevereiro;2026;1
Terrestre;Rio Grande do Sul;Ucrânia;Fevereiro;2026;1
Marítima;Ceará;Ucrânia;Fevereiro;2026;2
Marítima;Rio de Janeiro;Ucrânia;Fevereiro;2026;3
Marítima;Rio de Janeiro;Ucrânia;Fevereiro;2026;4
Marítima;São Paulo;Ucrânia;Fevereiro;2026;4
Marítima;Santa Catarina;Ucrânia;Fevereiro;2026;24
Marítima;Santa Catarina;Ucrânia;Fevereiro;2026;5
Marítima;Santa Catarina;Ucrânia;Fevereiro;2026;1
Fluvial;Rio Grande do Sul;Ucrânia;Fevereiro;2026;1
Aérea;São Paulo;Uganda;Fevereiro;2026;13
Terrestre;Rio Grande do Sul;Uganda;Fevereiro;2026;1
Aérea;Roraima;Uruguai;Fevereiro;2026;1
Aérea;Pará;Uruguai;Fevereiro;2026;2
Aérea;Ceará;Uruguai;Fevereiro;2026;503
Aérea;Rio Grande do Norte;Uruguai;Fevereiro;2026;13
Aérea;Pernambuco;Uruguai;Fevereiro;2026;746
Aérea;Alagoas;Uruguai;Fevereiro;2026;8
Aérea;Bahia;Uruguai;Fevereiro;2026;6
Aérea;Bahia;Uruguai;Fevereiro;2026;1091
Aérea;Minas Gerais;Uruguai;Fevereiro;2026;1
Aérea;Rio de Janeiro;Uruguai;Fevereiro;2026;8
Aérea;Rio de Janeiro;Uruguai;Fevereiro;2026;8354
Aérea;São Paulo;Uruguai;Fevereiro;2026;3
Aérea;São Paulo;Uruguai;Fevereiro;2026;6733
Aérea;São Paulo;Uruguai;Fevereiro;2026;3
Aérea;Paraná;Uruguai;Fevereiro;2026;96
Aérea;Santa Catarina;Uruguai;Fevereiro;2026;1727
Aérea;Rio Grande do Sul;Uruguai;Fevereiro;2026;52
Aérea;Rio Grande do Sul;Uruguai;Fevereiro;2026;5
Aérea;Mato Grosso do Sul;Uruguai;Fevereiro;2026;1
Aérea;Distrito Federal;Uruguai;Fevereiro;2026;15
Terrestre;Roraima;Uruguai;Fevereiro;2026;1
Terrestre;Paraná;Uruguai;Fevereiro;2026;84
Terrestre;Paraná;Uruguai;Fevereiro;2026;492
Terrestre;Paraná;Uruguai;Fevereiro;2026;2
Terrestre;Santa Catarina;Uruguai;Fevereiro;2026;15
Terrestre;Santa Catarina;Uruguai;Fevereiro;2026;3
Terrestre;Rio Grande do Sul;Uruguai;Fevereiro;2026;941
Terrestre;Rio Grande do Sul;Uruguai;Fevereiro;2026;26
Terrestre;Rio Grande do Sul;Uruguai;Fevereiro;2026;9309
Terrestre;Rio Grande do Sul;Uruguai;Fevereiro;2026;13428
Terrestre;Rio Grande do Sul;Uruguai;Fevereiro;2026;1846
Terrestre;Rio Grande do Sul;Uruguai;Fevereiro;2026;9307
Terrestre;Rio Grande do Sul;Uruguai;Fevereiro;2026;46
Terrestre;Rio Grande do Sul;Uruguai;Fevereiro;2026;399
Terrestre;Mato Grosso do Sul;Uruguai;Fevereiro;2026;1
Terrestre;Mato Grosso do Sul;Uruguai;Fevereiro;2026;3
Marítima;Rio de Janeiro;Uruguai;Fevereiro;2026;863
Marítima;São Paulo;Uruguai;Fevereiro;2026;8
Marítima;Santa Catarina;Uruguai;Fevereiro;2026;1018
Marítima;Santa Catarina;Uruguai;Fevereiro;2026;345
Fluvial;Santa Catarina;Uruguai;Fevereiro;2026;20
Fluvial;Rio Grande do Sul;Uruguai;Fevereiro;2026;18
Fluvial;Rio Grande do Sul;Uruguai;Fevereiro;2026;1
Aérea;Rio de Janeiro;Uzbequistão;Fevereiro;2026;9
Aérea;São Paulo;Uzbequistão;Fevereiro;2026;50
Terrestre;Rio Grande do Sul;Uzbequistão;Fevereiro;2026;1
Aérea;Paraná;Vanuatu;Fevereiro;2026;2
Terrestre;Roraima;Vaticano;Fevereiro;2026;8
Aérea;Amazonas;Venezuela;Fevereiro;2026;44
Aérea;Roraima;Venezuela;Fevereiro;2026;110
Aérea;Pará;Venezuela;Fevereiro;2026;6
Aérea;Ceará;Venezuela;Fevereiro;2026;13
Aérea;Rio Grande do Norte;Venezuela;Fevereiro;2026;9
Aérea;Pernambuco;Venezuela;Fevereiro;2026;24
Aérea;Alagoas;Venezuela;Fevereiro;2026;16
Aérea;Bahia;Venezuela;Fevereiro;2026;1
Aérea;Bahia;Venezuela;Fevereiro;2026;43
Aérea;Minas Gerais;Venezuela;Fevereiro;2026;25
Aérea;Rio de Janeiro;Venezuela;Fevereiro;2026;2138
Aérea;São Paulo;Venezuela;Fevereiro;2026;11
Aérea;São Paulo;Venezuela;Fevereiro;2026;1603
Aérea;São Paulo;Venezuela;Fevereiro;2026;6
Aérea;Paraná;Venezuela;Fevereiro;2026;25
Aérea;Paraná;Venezuela;Fevereiro;2026;58
Aérea;Santa Catarina;Venezuela;Fevereiro;2026;1391
Aérea;Rio Grande do Sul;Venezuela;Fevereiro;2026;48
Aérea;Distrito Federal;Venezuela;Fevereiro;2026;104
Terrestre;Rondônia;Venezuela;Fevereiro;2026;3
Terrestre;Acre;Venezuela;Fevereiro;2026;19
Terrestre;Acre;Venezuela;Fevereiro;2026;1
Terrestre;Amazonas;Venezuela;Fevereiro;2026;21
Terrestre;Roraima;Venezuela;Fevereiro;2026;37
Terrestre;Roraima;Venezuela;Fevereiro;2026;6581
Terrestre;Amapá;Venezuela;Fevereiro;2026;3
Terrestre;Paraná;Venezuela;Fevereiro;2026;33
Terrestre;Paraná;Venezuela;Fevereiro;2026;156
Terrestre;Paraná;Venezuela;Fevereiro;2026;2
Terrestre;Paraná;Venezuela;Fevereiro;2026;1
Terrestre;Santa Catarina;Venezuela;Fevereiro;2026;8
Terrestre;Santa Catarina;Venezuela;Fevereiro;2026;2
Terrestre;Rio Grande do Sul;Venezuela;Fevereiro;2026;1
Terrestre;Rio Grande do Sul;Venezuela;Fevereiro;2026;53
Terrestre;Rio Grande do Sul;Venezuela;Fevereiro;2026;51
Terrestre;Rio Grande do Sul;Venezuela;Fevereiro;2026;80
Terrestre;Rio Grande do Sul;Venezuela;Fevereiro;2026;5
Terrestre;Rio Grande do Sul;Venezuela;Fevereiro;2026;152
Terrestre;Mato Grosso do Sul;Venezuela;Fevereiro;2026;97
Terrestre;Mato Grosso do Sul;Venezuela;Fevereiro;2026;1
Marítima;Rio de Janeiro;Venezuela;Fevereiro;2026;20
Marítima;São Paulo;Venezuela;Fevereiro;2026;18
Marítima;Santa Catarina;Venezuela;Fevereiro;2026;46
Marítima;Santa Catarina;Venezuela;Fevereiro;2026;20
Fluvial;Amapá;Venezuela;Fevereiro;2026;1
Fluvial;Santa Catarina;Venezuela;Fevereiro;2026;2
Fluvial;Rio Grande do Sul;Venezuela;Fevereiro;2026;6
Aérea;Minas Gerais;Vietnã;Fevereiro;2026;2
Aérea;Rio de Janeiro;Vietnã;Fevereiro;2026;14
Aérea;São Paulo;Vietnã;Fevereiro;2026;27
Marítima;Santa Catarina;Vietnã;Fevereiro;2026;1
Aérea;Rio de Janeiro;Zimbábue;Fevereiro;2026;3
Aérea;São Paulo;Zimbábue;Fevereiro;2026;30
Marítima;Rio de Janeiro;Zimbábue;Fevereiro;2026;18
Aérea;Rio de Janeiro;Zâmbia;Fevereiro;2026;2
Aérea;São Paulo;Zâmbia;Fevereiro;2026;10
Marítima;Rio de Janeiro;Zâmbia;Fevereiro;2026;1
Aérea;Amazonas;África do Sul;Fevereiro;2026;1
Aérea;Pará;África do Sul;Fevereiro;2026;1
Aérea;Bahia;África do Sul;Fevereiro;2026;2
Aérea;Minas Gerais;África do Sul;Fevereiro;2026;3
Aérea;Rio de Janeiro;África do Sul;Fevereiro;2026;122
Aérea;São Paulo;África do Sul;Fevereiro;2026;1315
Aérea;Santa Catarina;África do Sul;Fevereiro;2026;1
Aérea;Rio Grande do Sul;África do Sul;Fevereiro;2026;4
Aérea;Distrito Federal;África do Sul;Fevereiro;2026;2
Terrestre;Paraná;África do Sul;Fevereiro;2026;1
Terrestre;Paraná;África do Sul;Fevereiro;2026;24
Terrestre;Rio Grande do Sul;África do Sul;Fevereiro;2026;3
Terrestre;Rio Grande do Sul;África do Sul;Fevereiro;2026;1
Marítima;Maranhão;África do Sul;Fevereiro;2026;1
Marítima;Paraíba;África do Sul;Fevereiro;2026;6
Marítima;Pernambuco;África do Sul;Fevereiro;2026;5
Marítima;Pernambuco;África do Sul;Fevereiro;2026;2
Marítima;Rio de Janeiro;África do Sul;Fevereiro;2026;15
Marítima;São Paulo;África do Sul;Fevereiro;2026;3
Marítima;Santa Catarina;África do Sul;Fevereiro;2026;2
Aérea;Amazonas;Áustria;Fevereiro;2026;9
Aérea;Pará;Áustria;Fevereiro;2026;6
Aérea;Ceará;Áustria;Fevereiro;2026;48
Aérea;Rio Grande do Norte;Áustria;Fevereiro;2026;9
Aérea;Pernambuco;Áustria;Fevereiro;2026;176
Aérea;Alagoas;Áustria;Fevereiro;2026;1
Aérea;Bahia;Áustria;Fevereiro;2026;1
Aérea;Bahia;Áustria;Fevereiro;2026;52
Aérea;Minas Gerais;Áustria;Fevereiro;2026;3
Aérea;Rio de Janeiro;Áustria;Fevereiro;2026;688
Aérea;São Paulo;Áustria;Fevereiro;2026;16
Aérea;São Paulo;Áustria;Fevereiro;2026;1848
Aérea;São Paulo;Áustria;Fevereiro;2026;1
Aérea;Paraná;Áustria;Fevereiro;2026;7
Aérea;Santa Catarina;Áustria;Fevereiro;2026;17
Aérea;Rio Grande do Sul;Áustria;Fevereiro;2026;2
Aérea;Distrito Federal;Áustria;Fevereiro;2026;17
Terrestre;Acre;Áustria;Fevereiro;2026;2
Terrestre;Amazonas;Áustria;Fevereiro;2026;3
Terrestre;Amapá;Áustria;Fevereiro;2026;1
Terrestre;Paraná;Áustria;Fevereiro;2026;23
Terrestre;Paraná;Áustria;Fevereiro;2026;144
Terrestre;Rio Grande do Sul;Áustria;Fevereiro;2026;4
Terrestre;Rio Grande do Sul;Áustria;Fevereiro;2026;1
Terrestre;Mato Grosso do Sul;Áustria;Fevereiro;2026;2
Marítima;Ceará;Áustria;Fevereiro;2026;32
Marítima;Ceará;Áustria;Fevereiro;2026;1
Marítima;Pernambuco;Áustria;Fevereiro;2026;2
Marítima;Bahia;Áustria;Fevereiro;2026;1
Marítima;Rio de Janeiro;Áustria;Fevereiro;2026;11
Marítima;Santa Catarina;Áustria;Fevereiro;2026;32
Marítima;Santa Catarina;Áustria;Fevereiro;2026;1
Marítima;Santa Catarina;Áustria;Fevereiro;2026;13
Marítima;Rio Grande do Sul;Áustria;Fevereiro;2026;13
Aérea;Amazonas;Índia;Fevereiro;2026;3
Aérea;Pará;Índia;Fevereiro;2026;2
Aérea;Ceará;Índia;Fevereiro;2026;5
Aérea;Rio Grande do Norte;Índia;Fevereiro;2026;2
Aérea;Bahia;Índia;Fevereiro;2026;7
Aérea;Minas Gerais;Índia;Fevereiro;2026;2
Aérea;Rio de Janeiro;Índia;Fevereiro;2026;341
Aérea;São Paulo;Índia;Fevereiro;2026;4
Aérea;São Paulo;Índia;Fevereiro;2026;911
Aérea;Paraná;Índia;Fevereiro;2026;1
Aérea;Santa Catarina;Índia;Fevereiro;2026;5
Aérea;Rio Grande do Sul;Índia;Fevereiro;2026;2
Aérea;Distrito Federal;Índia;Fevereiro;2026;7
Terrestre;Roraima;Índia;Fevereiro;2026;1
Terrestre;Paraná;Índia;Fevereiro;2026;3
Terrestre;Paraná;Índia;Fevereiro;2026;36
Marítima;Rio de Janeiro;Índia;Fevereiro;2026;3
Marítima;São Paulo;Índia;Fevereiro;2026;2
Marítima;Santa Catarina;Índia;Fevereiro;2026;8
Marítima;Santa Catarina;Índia;Fevereiro;2026;8
Aérea;Rio de Janeiro;Afeganistão;Março;2026;1
Aérea;São Paulo;Afeganistão;Março;2026;4
Terrestre;Amapá;Afeganistão;Março;2026;1
Terrestre;Santa Catarina;Afeganistão;Março;2026;1
Terrestre;Santa Catarina;Afeganistão;Março;2026;1
Terrestre;Rio Grande do Sul;Afeganistão;Março;2026;1
Aérea;Ceará;Albânia;Março;2026;1
Aérea;Pernambuco;Albânia;Março;2026;1
Aérea;Rio de Janeiro;Albânia;Março;2026;64
Aérea;São Paulo;Albânia;Março;2026;25
Marítima;São Paulo;Albânia;Março;2026;1
Aérea;Amazonas;Alemanha;Março;2026;68
Aérea;Pará;Alemanha;Março;2026;64
Aérea;Ceará;Alemanha;Março;2026;381
Aérea;Rio Grande do Norte;Alemanha;Março;2026;93
Aérea;Paraíba;Alemanha;Março;2026;1
Aérea;Pernambuco;Alemanha;Março;2026;755
Aérea;Alagoas;Alemanha;Março;2026;20
Aérea;Bahia;Alemanha;Março;2026;2
Aérea;Bahia;Alemanha;Março;2026;856
Aérea;Minas Gerais;Alemanha;Março;2026;690
Aérea;Rio de Janeiro;Alemanha;Março;2026;7304
Aérea;São Paulo;Alemanha;Março;2026;136
Aérea;São Paulo;Alemanha;Março;2026;17755
Aérea;Paraná;Alemanha;Março;2026;14
Aérea;Paraná;Alemanha;Março;2026;21
Aérea;Santa Catarina;Alemanha;Março;2026;534
Aérea;Rio Grande do Sul;Alemanha;Março;2026;388
Aérea;Distrito Federal;Alemanha;Março;2026;315
Terrestre;Rondônia;Alemanha;Março;2026;9
Terrestre;Acre;Alemanha;Março;2026;3
Terrestre;Acre;Alemanha;Março;2026;18
Terrestre;Amazonas;Alemanha;Março;2026;29
Terrestre;Roraima;Alemanha;Março;2026;2
Terrestre;Amapá;Alemanha;Março;2026;6
Terrestre;Paraná;Alemanha;Março;2026;364
Terrestre;Paraná;Alemanha;Março;2026;1609
Terrestre;Paraná;Alemanha;Março;2026;2
Terrestre;Santa Catarina;Alemanha;Março;2026;6
Terrestre;Rio Grande do Sul;Alemanha;Março;2026;5
Terrestre;Rio Grande do Sul;Alemanha;Março;2026;61
Terrestre;Rio Grande do Sul;Alemanha;Março;2026;15
Terrestre;Rio Grande do Sul;Alemanha;Março;2026;1
Terrestre;Rio Grande do Sul;Alemanha;Março;2026;5
Terrestre;Rio Grande do Sul;Alemanha;Março;2026;6
Terrestre;Rio Grande do Sul;Alemanha;Março;2026;5
Terrestre;Mato Grosso do Sul;Alemanha;Março;2026;17
Terrestre;Mato Grosso do Sul;Alemanha;Março;2026;6
Terrestre;Mato Grosso;Alemanha;Março;2026;3
Marítima;Pernambuco;Alemanha;Março;2026;9
Marítima;Pernambuco;Alemanha;Março;2026;4
Marítima;Bahia;Alemanha;Março;2026;1
Marítima;Rio de Janeiro;Alemanha;Março;2026;649
Marítima;São Paulo;Alemanha;Março;2026;34
Marítima;São Paulo;Alemanha;Março;2026;15
Marítima;Santa Catarina;Alemanha;Março;2026;118
Marítima;Santa Catarina;Alemanha;Março;2026;28
Marítima;Santa Catarina;Alemanha;Março;2026;3
Fluvial;Amapá;Alemanha;Março;2026;1
Fluvial;Rio Grande do Sul;Alemanha;Março;2026;1
Aérea;Pará;Andorra;Março;2026;2
Aérea;Rio Grande do Norte;Andorra;Março;2026;1
Aérea;Bahia;Andorra;Março;2026;1
Aérea;Rio de Janeiro;Andorra;Março;2026;11
Aérea;São Paulo;Andorra;Março;2026;6
Aérea;Santa Catarina;Andorra;Março;2026;1
Aérea;Distrito Federal;Andorra;Março;2026;1
Aérea;Pará;Angola;Março;2026;1
Aérea;Ceará;Angola;Março;2026;1
Aérea;Pernambuco;Angola;Março;2026;2
Aérea;Alagoas;Angola;Março;2026;1
Aérea;Minas Gerais;Angola;Março;2026;2
Aérea;Rio de Janeiro;Angola;Março;2026;12
Aérea;São Paulo;Angola;Março;2026;4
Aérea;São Paulo;Angola;Março;2026;690
Aérea;Santa Catarina;Angola;Março;2026;1
Aérea;Distrito Federal;Angola;Março;2026;4
Marítima;Rio de Janeiro;Angola;Março;2026;2
Aérea;Bahia;Antilhas Holandesas;Março;2026;2
Aérea;Rio de Janeiro;Antilhas Holandesas;Março;2026;1
Aérea;Paraná;Antilhas Holandesas;Março;2026;1
Aérea;Rio de Janeiro;Antígua e Barbuda;Março;2026;7
Aérea;São Paulo;Antígua e Barbuda;Março;2026;12
Aérea;Distrito Federal;Antígua e Barbuda;Março;2026;1
Aérea;Amazonas;Argentina;Março;2026;20
Aérea;Pará;Argentina;Março;2026;2
Aérea;Ceará;Argentina;Março;2026;961
Aérea;Rio Grande do Norte;Argentina;Março;2026;6685
Aérea;Paraíba;Argentina;Março;2026;129
Aérea;Pernambuco;Argentina;Março;2026;9029
Aérea;Alagoas;Argentina;Março;2026;3843
Aérea;Bahia;Argentina;Março;2026;3211
Aérea;Bahia;Argentina;Março;2026;8533
Aérea;Minas Gerais;Argentina;Março;2026;113
Aérea;Rio de Janeiro;Argentina;Março;2026;2571
Aérea;Rio de Janeiro;Argentina;Março;2026;96975
Aérea;São Paulo;Argentina;Março;2026;71
Aérea;São Paulo;Argentina;Março;2026;40137
Aérea;São Paulo;Argentina;Março;2026;1
Aérea;Paraná;Argentina;Março;2026;23
Aérea;Paraná;Argentina;Março;2026;376
Aérea;Santa Catarina;Argentina;Março;2026;45883
Aérea;Rio Grande do Sul;Argentina;Março;2026;1073
Aérea;Mato Grosso do Sul;Argentina;Março;2026;8
Aérea;Distrito Federal;Argentina;Março;2026;3348
Terrestre;Rondônia;Argentina;Março;2026;3
Terrestre;Acre;Argentina;Março;2026;4
Terrestre;Acre;Argentina;Março;2026;2
Terrestre;Amazonas;Argentina;Março;2026;3
Terrestre;Roraima;Argentina;Março;2026;2
Terrestre;Roraima;Argentina;Março;2026;5
Terrestre;Amapá;Argentina;Março;2026;1
Terrestre;Paraná;Argentina;Março;2026;218
Terrestre;Paraná;Argentina;Março;2026;1692
Terrestre;Paraná;Argentina;Março;2026;19920
Terrestre;Paraná;Argentina;Março;2026;30
Terrestre;Paraná;Argentina;Março;2026;9
Terrestre;Paraná;Argentina;Março;2026;158
Terrestre;Santa Catarina;Argentina;Março;2026;8920
Terrestre;Santa Catarina;Argentina;Março;2026;3056
Terrestre;Rio Grande do Sul;Argentina;Março;2026;50
Terrestre;Rio Grande do Sul;Argentina;Março;2026;825
Terrestre;Rio Grande do Sul;Argentina;Março;2026;670
Terrestre;Rio Grande do Sul;Argentina;Março;2026;523
Terrestre;Rio Grande do Sul;Argentina;Março;2026;11128
Terrestre;Rio Grande do Sul;Argentina;Março;2026;14
Terrestre;Rio Grande do Sul;Argentina;Março;2026;9106
Terrestre;Rio Grande do Sul;Argentina;Março;2026;61493
Terrestre;Mato Grosso do Sul;Argentina;Março;2026;26
Terrestre;Mato Grosso do Sul;Argentina;Março;2026;26
Terrestre;Mato Grosso;Argentina;Março;2026;3
Marítima;Bahia;Argentina;Março;2026;47
Marítima;Rio de Janeiro;Argentina;Março;2026;2
Marítima;Rio de Janeiro;Argentina;Março;2026;7349
Marítima;São Paulo;Argentina;Março;2026;1755
Marítima;São Paulo;Argentina;Março;2026;12
Marítima;Santa Catarina;Argentina;Março;2026;2179
Marítima;Santa Catarina;Argentina;Março;2026;1977
Marítima;Rio Grande do Sul;Argentina;Março;2026;14
Fluvial;Amapá;Argentina;Março;2026;1
Fluvial;Rio Grande do Sul;Argentina;Março;2026;3993
Fluvial;Rio Grande do Sul;Argentina;Março;2026;3486
Aérea;Ceará;Argélia;Março;2026;1
Aérea;Rio de Janeiro;Argélia;Março;2026;11
Aérea;São Paulo;Argélia;Março;2026;12
Terrestre;Santa Catarina;Argélia;Março;2026;1
Terrestre;Rio Grande do Sul;Argélia;Março;2026;1
Terrestre;Rio Grande do Sul;Argélia;Março;2026;2
Fluvial;Rio Grande do Sul;Argélia;Março;2026;1
Aérea;Rio de Janeiro;Armênia;Março;2026;51
Aérea;São Paulo;Armênia;Março;2026;23
Aérea;Paraná;Armênia;Março;2026;1
Aérea;Santa Catarina;Armênia;Março;2026;2
Aérea;Rio Grande do Sul;Armênia;Março;2026;1
Terrestre;Paraná;Armênia;Março;2026;1
Terrestre;Rio Grande do Sul;Armênia;Março;2026;1
Terrestre;Rio Grande do Sul;Armênia;Março;2026;3
Terrestre;Rio Grande do Sul;Armênia;Março;2026;1
Marítima;Rio de Janeiro;Armênia;Março;2026;5
Marítima;São Paulo;Armênia;Março;2026;1
Fluvial;Rio Grande do Sul;Armênia;Março;2026;1
Aérea;Rio de Janeiro;Arábia Saudita;Março;2026;18
Aérea;São Paulo;Arábia Saudita;Março;2026;1
Aérea;São Paulo;Arábia Saudita;Março;2026;45
Aérea;Amazonas;Austrália;Março;2026;3
Aérea;Pará;Austrália;Março;2026;4
Aérea;Ceará;Austrália;Março;2026;1
Aérea;Pernambuco;Austrália;Março;2026;1
Aérea;Alagoas;Austrália;Março;2026;1
Aérea;Bahia;Austrália;Março;2026;11
Aérea;Minas Gerais;Austrália;Março;2026;25
Aérea;Rio de Janeiro;Austrália;Março;2026;1555
Aérea;São Paulo;Austrália;Março;2026;3
Aérea;São Paulo;Austrália;Março;2026;3597
Aérea;Paraná;Austrália;Março;2026;2
Aérea;Paraná;Austrália;Março;2026;27
Aérea;Santa Catarina;Austrália;Março;2026;52
Aérea;Rio Grande do Sul;Austrália;Março;2026;59
Aérea;Distrito Federal;Austrália;Março;2026;27
Terrestre;Amazonas;Austrália;Março;2026;2
Terrestre;Roraima;Austrália;Março;2026;1
Terrestre;Paraná;Austrália;Março;2026;21
Terrestre;Paraná;Austrália;Março;2026;1207
Terrestre;Rio Grande do Sul;Austrália;Março;2026;3
Terrestre;Rio Grande do Sul;Austrália;Março;2026;1
Terrestre;Rio Grande do Sul;Austrália;Março;2026;1
Terrestre;Mato Grosso do Sul;Austrália;Março;2026;1
Marítima;Rio de Janeiro;Austrália;Março;2026;35
Marítima;São Paulo;Austrália;Março;2026;8
Marítima;São Paulo;Austrália;Março;2026;11
Marítima;Santa Catarina;Austrália;Março;2026;15
Marítima;Santa Catarina;Austrália;Março;2026;27
Marítima;Santa Catarina;Austrália;Março;2026;1
Aérea;Rio de Janeiro;Azerbaijão;Março;2026;7
Aérea;São Paulo;Azerbaijão;Março;2026;18
Aérea;Rio de Janeiro;Bahamas;Março;2026;24
Aérea;São Paulo;Bahamas;Março;2026;1
Aérea;São Paulo;Bahamas;Março;2026;31
Aérea;Santa Catarina;Bahamas;Março;2026;7
Terrestre;Paraná;Bahamas;Março;2026;2
Terrestre;Mato Grosso do Sul;Bahamas;Março;2026;1
Marítima;São Paulo;Bahamas;Março;2026;20
Aérea;Rio de Janeiro;Bangladesh;Março;2026;1
Aérea;São Paulo;Bangladesh;Março;2026;29
Aérea;Rio de Janeiro;Barbados;Março;2026;25
Aérea;São Paulo;Barbados;Março;2026;36
Aérea;Rio Grande do Sul;Barbados;Março;2026;1
Aérea;Distrito Federal;Barbados;Março;2026;3
Terrestre;Roraima;Barbados;Março;2026;2
Terrestre;Paraná;Barbados;Março;2026;2
Aérea;São Paulo;Barein;Março;2026;7
Terrestre;Santa Catarina;Barein;Março;2026;1
Aérea;Rio de Janeiro;Belize;Março;2026;37
Aérea;São Paulo;Belize;Março;2026;8
Aérea;Distrito Federal;Belize;Março;2026;5
Terrestre;Amazonas;Belize;Março;2026;1
Terrestre;Rio Grande do Sul;Belize;Março;2026;1
Aérea;Ceará;Benin;Março;2026;1
Aérea;Rio de Janeiro;Benin;Março;2026;4
Aérea;São Paulo;Benin;Março;2026;17
Terrestre;Paraná;Benin;Março;2026;2
Aérea;Amazonas;Bielorússia;Março;2026;1
Aérea;Ceará;Bielorússia;Março;2026;2
Aérea;Pernambuco;Bielorússia;Março;2026;2
Aérea;Rio de Janeiro;Bielorússia;Março;2026;34
Aérea;São Paulo;Bielorússia;Março;2026;86
Aérea;Santa Catarina;Bielorússia;Março;2026;4
Aérea;Distrito Federal;Bielorússia;Março;2026;1
Terrestre;Paraná;Bielorússia;Março;2026;29
Terrestre;Rio Grande do Sul;Bielorússia;Março;2026;2
Marítima;Pernambuco;Bielorússia;Março;2026;1
Marítima;Santa Catarina;Bielorússia;Março;2026;5
Aérea;Amazonas;Bolívia;Março;2026;2
Aérea;Pará;Bolívia;Março;2026;1
Aérea;Ceará;Bolívia;Março;2026;2
Aérea;Rio Grande do Norte;Bolívia;Março;2026;6
Aérea;Pernambuco;Bolívia;Março;2026;3
Aérea;Alagoas;Bolívia;Março;2026;7
Aérea;Bahia;Bolívia;Março;2026;1
Aérea;Bahia;Bolívia;Março;2026;6
Aérea;Minas Gerais;Bolívia;Março;2026;1
Aérea;Rio de Janeiro;Bolívia;Março;2026;2
Aérea;Rio de Janeiro;Bolívia;Março;2026;893
Aérea;São Paulo;Bolívia;Março;2026;61
Aérea;São Paulo;Bolívia;Março;2026;4286
Aérea;Paraná;Bolívia;Março;2026;1
Aérea;Paraná;Bolívia;Março;2026;7
Aérea;Santa Catarina;Bolívia;Março;2026;88
Aérea;Rio Grande do Sul;Bolívia;Março;2026;3
Aérea;Mato Grosso do Sul;Bolívia;Março;2026;1
Aérea;Mato Grosso;Bolívia;Março;2026;6
Aérea;Distrito Federal;Bolívia;Março;2026;67
Terrestre;Rondônia;Bolívia;Março;2026;311
Terrestre;Rondônia;Bolívia;Março;2026;2
Terrestre;Acre;Bolívia;Março;2026;15
Terrestre;Acre;Bolívia;Março;2026;267
Terrestre;Amazonas;Bolívia;Março;2026;6
Terrestre;Roraima;Bolívia;Março;2026;2
Terrestre;Amapá;Bolívia;Março;2026;5
Terrestre;Paraná;Bolívia;Março;2026;153
Terrestre;Paraná;Bolívia;Março;2026;100
Terrestre;Santa Catarina;Bolívia;Março;2026;4
Terrestre;Rio Grande do Sul;Bolívia;Março;2026;3
Terrestre;Rio Grande do Sul;Bolívia;Março;2026;2
Terrestre;Rio Grande do Sul;Bolívia;Março;2026;9
Terrestre;Rio Grande do Sul;Bolívia;Março;2026;46
Terrestre;Mato Grosso do Sul;Bolívia;Março;2026;2583
Terrestre;Mato Grosso do Sul;Bolívia;Março;2026;12
Terrestre;Mato Grosso;Bolívia;Março;2026;54
Marítima;Rio de Janeiro;Bolívia;Março;2026;7
Marítima;São Paulo;Bolívia;Março;2026;5
Marítima;São Paulo;Bolívia;Março;2026;3
Marítima;Santa Catarina;Bolívia;Março;2026;1
Marítima;Santa Catarina;Bolívia;Março;2026;5
Fluvial;Amapá;Bolívia;Março;2026;1
Aérea;São Paulo;Botsuana;Março;2026;10
Terrestre;Paraná;Botsuana;Março;2026;1
Terrestre;Rio Grande do Sul;Botsuana;Março;2026;1
Terrestre;Rio Grande do Sul;Brunei;Março;2026;1
Aérea;Amazonas;Bulgária;Março;2026;2
Aérea;Pará;Bulgária;Março;2026;2
Aérea;Ceará;Bulgária;Março;2026;4
Aérea;Pernambuco;Bulgária;Março;2026;2
Aérea;Bahia;Bulgária;Março;2026;3
Aérea;Rio de Janeiro;Bulgária;Março;2026;239
Aérea;São Paulo;Bulgária;Março;2026;8
Aérea;São Paulo;Bulgária;Março;2026;207
Aérea;Santa Catarina;Bulgária;Março;2026;2
Aérea;Rio Grande do Sul;Bulgária;Março;2026;8
Aérea;Distrito Federal;Bulgária;Março;2026;2
Terrestre;Paraná;Bulgária;Março;2026;2
Terrestre;Paraná;Bulgária;Março;2026;300
Terrestre;Rio Grande do Sul;Bulgária;Março;2026;1
Marítima;São Paulo;Bulgária;Março;2026;70
Marítima;Santa Catarina;Bulgária;Março;2026;4
Aérea;Pernambuco;Burkina Faso;Março;2026;1
Aérea;Bahia;Burkina Faso;Março;2026;27
Aérea;Rio de Janeiro;Burkina Faso;Março;2026;4
Aérea;São Paulo;Burkina Faso;Março;2026;15
Aérea;São Paulo;Burundi;Março;2026;1
Aérea;São Paulo;Butão;Março;2026;1
Aérea;Amazonas;Bélgica;Março;2026;7
Aérea;Pará;Bélgica;Março;2026;12
Aérea;Ceará;Bélgica;Março;2026;78
Aérea;Rio Grande do Norte;Bélgica;Março;2026;19
Aérea;Pernambuco;Bélgica;Março;2026;54
Aérea;Alagoas;Bélgica;Março;2026;1
Aérea;Bahia;Bélgica;Março;2026;84
Aérea;Minas Gerais;Bélgica;Março;2026;48
Aérea;Rio de Janeiro;Bélgica;Março;2026;738
Aérea;São Paulo;Bélgica;Março;2026;17
Aérea;São Paulo;Bélgica;Março;2026;1375
Aérea;Paraná;Bélgica;Março;2026;1
Aérea;Santa Catarina;Bélgica;Março;2026;27
Aérea;Rio Grande do Sul;Bélgica;Março;2026;11
Aérea;Distrito Federal;Bélgica;Março;2026;30
Terrestre;Acre;Bélgica;Março;2026;1
Terrestre;Amazonas;Bélgica;Março;2026;5
Terrestre;Roraima;Bélgica;Março;2026;1
Terrestre;Amapá;Bélgica;Março;2026;2
Terrestre;Paraná;Bélgica;Março;2026;11
Terrestre;Paraná;Bélgica;Março;2026;211
Terrestre;Rio Grande do Sul;Bélgica;Março;2026;1
Terrestre;Rio Grande do Sul;Bélgica;Março;2026;3
Terrestre;Rio Grande do Sul;Bélgica;Março;2026;1
Terrestre;Mato Grosso do Sul;Bélgica;Março;2026;3
Marítima;Pernambuco;Bélgica;Março;2026;1
Marítima;Rio de Janeiro;Bélgica;Março;2026;12
Marítima;São Paulo;Bélgica;Março;2026;1
Marítima;Santa Catarina;Bélgica;Março;2026;18
Marítima;Santa Catarina;Bélgica;Março;2026;15
Fluvial;Pará;Bélgica;Março;2026;1
Aérea;Bahia;Bósnia-Herzegovina;Março;2026;1
Aérea;Rio de Janeiro;Bósnia-Herzegovina;Março;2026;14
Aérea;São Paulo;Bósnia-Herzegovina;Março;2026;14
Aérea;Distrito Federal;Bósnia-Herzegovina;Março;2026;1
Marítima;São Paulo;Bósnia-Herzegovina;Março;2026;1
Aérea;Ceará;Cabo Verde;Março;2026;6
Aérea;Pernambuco;Cabo Verde;Março;2026;3
Aérea;Bahia;Cabo Verde;Março;2026;2
Aérea;Minas Gerais;Cabo Verde;Março;2026;3
Aérea;Rio de Janeiro;Cabo Verde;Março;2026;16
Aérea;São Paulo;Cabo Verde;Março;2026;2
Aérea;São Paulo;Cabo Verde;Março;2026;62
Aérea;Distrito Federal;Cabo Verde;Março;2026;2
Marítima;Santa Catarina;Cabo Verde;Março;2026;1
Aérea;Rio de Janeiro;Camarões;Março;2026;5
Aérea;São Paulo;Camarões;Março;2026;60
Aérea;Distrito Federal;Camarões;Março;2026;2
Aérea;Rio de Janeiro;Camboja;Março;2026;3
Aérea;Amazonas;Canadá;Março;2026;38
Aérea;Pará;Canadá;Março;2026;6
Aérea;Ceará;Canadá;Março;2026;3
Aérea;Rio Grande do Norte;Canadá;Março;2026;2
Aérea;Pernambuco;Canadá;Março;2026;4
Aérea;Alagoas;Canadá;Março;2026;1
Aérea;Bahia;Canadá;Março;2026;19
Aérea;Minas Gerais;Canadá;Março;2026;23
Aérea;Rio de Janeiro;Canadá;Março;2026;1
Aérea;Rio de Janeiro;Canadá;Março;2026;6223
Aérea;São Paulo;Canadá;Março;2026;11
Aérea;São Paulo;Canadá;Março;2026;6830
Aérea;Paraná;Canadá;Março;2026;3
Aérea;Paraná;Canadá;Março;2026;9
Aérea;Santa Catarina;Canadá;Março;2026;74
Aérea;Rio Grande do Sul;Canadá;Março;2026;24
Aérea;Distrito Federal;Canadá;Março;2026;34
Terrestre;Acre;Canadá;Março;2026;1
Terrestre;Amazonas;Canadá;Março;2026;3
Terrestre;Roraima;Canadá;Março;2026;1
Terrestre;Amapá;Canadá;Março;2026;1
Terrestre;Paraná;Canadá;Março;2026;36
Terrestre;Paraná;Canadá;Março;2026;1033
Terrestre;Rio Grande do Sul;Canadá;Março;2026;4
Terrestre;Rio Grande do Sul;Canadá;Março;2026;1
Terrestre;Rio Grande do Sul;Canadá;Março;2026;1
Terrestre;Mato Grosso do Sul;Canadá;Março;2026;6
Terrestre;Mato Grosso do Sul;Canadá;Março;2026;4
Marítima;Pernambuco;Canadá;Março;2026;1
Marítima;Pernambuco;Canadá;Março;2026;1
Marítima;Rio de Janeiro;Canadá;Março;2026;94
Marítima;São Paulo;Canadá;Março;2026;27
Marítima;São Paulo;Canadá;Março;2026;507
Marítima;Santa Catarina;Canadá;Março;2026;45
Marítima;Santa Catarina;Canadá;Março;2026;203
Marítima;Santa Catarina;Canadá;Março;2026;12
Aérea;Pernambuco;Casaquistão;Março;2026;2
Aérea;Rio de Janeiro;Casaquistão;Março;2026;45
Aérea;São Paulo;Casaquistão;Março;2026;118
Aérea;Santa Catarina;Casaquistão;Março;2026;5
Aérea;Rio Grande do Sul;Casaquistão;Março;2026;1
Terrestre;Paraná;Casaquistão;Março;2026;20
Marítima;Rio de Janeiro;Casaquistão;Março;2026;6
Marítima;São Paulo;Casaquistão;Março;2026;2
Marítima;Santa Catarina;Casaquistão;Março;2026;6
Aérea;São Paulo;Catar;Março;2026;15
Aérea;Amazonas;Chile;Março;2026;4
Aérea;Roraima;Chile;Março;2026;1
Aérea;Pará;Chile;Março;2026;1
Aérea;Ceará;Chile;Março;2026;269
Aérea;Rio Grande do Norte;Chile;Março;2026;29
Aérea;Pernambuco;Chile;Março;2026;494
Aérea;Alagoas;Chile;Março;2026;5
Aérea;Bahia;Chile;Março;2026;3
Aérea;Bahia;Chile;Março;2026;342
Aérea;Minas Gerais;Chile;Março;2026;183
Aérea;Rio de Janeiro;Chile;Março;2026;2
Aérea;Rio de Janeiro;Chile;Março;2026;36811
Aérea;São Paulo;Chile;Março;2026;22
Aérea;São Paulo;Chile;Março;2026;12439
Aérea;Paraná;Chile;Março;2026;924
Aérea;Paraná;Chile;Março;2026;238
Aérea;Santa Catarina;Chile;Março;2026;20992
Aérea;Santa Catarina;Chile;Março;2026;2
Aérea;Rio Grande do Sul;Chile;Março;2026;767
Aérea;Distrito Federal;Chile;Março;2026;533
Terrestre;Acre;Chile;Março;2026;5
Terrestre;Amazonas;Chile;Março;2026;9
Terrestre;Roraima;Chile;Março;2026;6
Terrestre;Paraná;Chile;Março;2026;139
Terrestre;Paraná;Chile;Março;2026;348
Terrestre;Santa Catarina;Chile;Março;2026;1
Terrestre;Rio Grande do Sul;Chile;Março;2026;28
Terrestre;Rio Grande do Sul;Chile;Março;2026;11
Terrestre;Rio Grande do Sul;Chile;Março;2026;15
Terrestre;Rio Grande do Sul;Chile;Março;2026;4
Terrestre;Rio Grande do Sul;Chile;Março;2026;141
Terrestre;Mato Grosso do Sul;Chile;Março;2026;5
Terrestre;Mato Grosso do Sul;Chile;Março;2026;2
Marítima;Bahia;Chile;Março;2026;1
Marítima;Rio de Janeiro;Chile;Março;2026;177
Marítima;São Paulo;Chile;Março;2026;201
Marítima;Santa Catarina;Chile;Março;2026;58
Marítima;Santa Catarina;Chile;Março;2026;223
Fluvial;Rio Grande do Sul;Chile;Março;2026;1
Aérea;Amazonas;China;Março;2026;23
Aérea;Pará;China;Março;2026;7
Aérea;Ceará;China;Março;2026;13
Aérea;Rio Grande do Norte;China;Março;2026;3
Aérea;Pernambuco;China;Março;2026;5
Aérea;Bahia;China;Março;2026;29
Aérea;Minas Gerais;China;Março;2026;15
Aérea;Rio de Janeiro;China;Março;2026;850
Aérea;São Paulo;China;Março;2026;16
Aérea;São Paulo;China;Março;2026;8877
Aérea;Paraná;China;Março;2026;1
Aérea;Paraná;China;Março;2026;4
Aérea;Santa Catarina;China;Março;2026;23
Aérea;Rio Grande do Sul;China;Março;2026;17
Aérea;Distrito Federal;China;Março;2026;21
Terrestre;Roraima;China;Março;2026;7
Terrestre;Roraima;China;Março;2026;4
Terrestre;Paraná;China;Março;2026;22
Terrestre;Paraná;China;Março;2026;880
Terrestre;Paraná;China;Março;2026;3
Terrestre;Santa Catarina;China;Março;2026;1
Terrestre;Rio Grande do Sul;China;Março;2026;1
Terrestre;Rio Grande do Sul;China;Março;2026;2
Terrestre;Rio Grande do Sul;China;Março;2026;4
Terrestre;Mato Grosso do Sul;China;Março;2026;2
Marítima;Rio de Janeiro;China;Março;2026;27
Marítima;São Paulo;China;Março;2026;26
Marítima;Santa Catarina;China;Março;2026;1
Marítima;Santa Catarina;China;Março;2026;10
Marítima;Santa Catarina;China;Março;2026;18
Marítima;Rio Grande do Sul;China;Março;2026;38
Fluvial;Amapá;China;Março;2026;42
Aérea;Pará;China, Hong Kong;Março;2026;1
Aérea;Rio de Janeiro;China, Hong Kong;Março;2026;75
Aérea;São Paulo;China, Hong Kong;Março;2026;1
Aérea;São Paulo;China, Hong Kong;Março;2026;326
Aérea;Paraná;China, Hong Kong;Março;2026;4
Aérea;Rio Grande do Sul;China, Hong Kong;Março;2026;1
Terrestre;Paraná;China, Hong Kong;Março;2026;2
Terrestre;Paraná;China, Hong Kong;Março;2026;64
Marítima;Rio de Janeiro;China, Hong Kong;Março;2026;4
Aérea;Rio de Janeiro;China, Macao;Março;2026;1
Aérea;São Paulo;China, Macao;Março;2026;5
Terrestre;Paraná;China, Macao;Março;2026;2
Aérea;Pará;Chipre;Março;2026;1
Aérea;Ceará;Chipre;Março;2026;2
Aérea;Pernambuco;Chipre;Março;2026;1
Aérea;Rio de Janeiro;Chipre;Março;2026;41
Aérea;São Paulo;Chipre;Março;2026;1
Aérea;São Paulo;Chipre;Março;2026;37
Aérea;Santa Catarina;Chipre;Março;2026;1
Terrestre;Paraná;Chipre;Março;2026;7
Aérea;Ceará;Cingapura;Março;2026;1
Aérea;Rio de Janeiro;Cingapura;Março;2026;96
Aérea;São Paulo;Cingapura;Março;2026;272
Aérea;Paraná;Cingapura;Março;2026;2
Aérea;Santa Catarina;Cingapura;Março;2026;3
Aérea;Rio Grande do Sul;Cingapura;Março;2026;2
Terrestre;Rondônia;Cingapura;Março;2026;1
Terrestre;Paraná;Cingapura;Março;2026;2
Terrestre;Paraná;Cingapura;Março;2026;46
Terrestre;Rio Grande do Sul;Cingapura;Março;2026;1
Marítima;Rio de Janeiro;Cingapura;Março;2026;2
Marítima;São Paulo;Cingapura;Março;2026;5
Aérea;Amazonas;Colômbia;Março;2026;277
Aérea;Roraima;Colômbia;Março;2026;2
Aérea;Pará;Colômbia;Março;2026;332
Aérea;Ceará;Colômbia;Março;2026;4
Aérea;Rio Grande do Norte;Colômbia;Março;2026;9
Aérea;Pernambuco;Colômbia;Março;2026;17
Aérea;Alagoas;Colômbia;Março;2026;4
Aérea;Bahia;Colômbia;Março;2026;3
Aérea;Bahia;Colômbia;Março;2026;144
Aérea;Minas Gerais;Colômbia;Março;2026;234
Aérea;Rio de Janeiro;Colômbia;Março;2026;1
Aérea;Rio de Janeiro;Colômbia;Março;2026;8628
Aérea;São Paulo;Colômbia;Março;2026;28
Aérea;São Paulo;Colômbia;Março;2026;9756
Aérea;Paraná;Colômbia;Março;2026;15
Aérea;Paraná;Colômbia;Março;2026;92
Aérea;Santa Catarina;Colômbia;Março;2026;332
Aérea;Rio Grande do Sul;Colômbia;Março;2026;218
Aérea;Distrito Federal;Colômbia;Março;2026;824
Terrestre;Acre;Colômbia;Março;2026;16
Terrestre;Acre;Colômbia;Março;2026;7
Terrestre;Amazonas;Colômbia;Março;2026;290
Terrestre;Roraima;Colômbia;Março;2026;2
Terrestre;Roraima;Colômbia;Março;2026;28
Terrestre;Amapá;Colômbia;Março;2026;3
Terrestre;Paraná;Colômbia;Março;2026;240
Terrestre;Paraná;Colômbia;Março;2026;720
Terrestre;Paraná;Colômbia;Março;2026;2
Terrestre;Santa Catarina;Colômbia;Março;2026;14
Terrestre;Rio Grande do Sul;Colômbia;Março;2026;1
Terrestre;Rio Grande do Sul;Colômbia;Março;2026;43
Terrestre;Rio Grande do Sul;Colômbia;Março;2026;19
Terrestre;Rio Grande do Sul;Colômbia;Março;2026;38
Terrestre;Rio Grande do Sul;Colômbia;Março;2026;14
Terrestre;Rio Grande do Sul;Colômbia;Março;2026;28
Terrestre;Mato Grosso do Sul;Colômbia;Março;2026;45
Terrestre;Mato Grosso do Sul;Colômbia;Março;2026;2
Terrestre;Mato Grosso;Colômbia;Março;2026;1
Marítima;Rio de Janeiro;Colômbia;Março;2026;24
Marítima;São Paulo;Colômbia;Março;2026;116
Marítima;São Paulo;Colômbia;Março;2026;7
Marítima;Santa Catarina;Colômbia;Março;2026;7
Marítima;Santa Catarina;Colômbia;Março;2026;30
Marítima;Santa Catarina;Colômbia;Março;2026;2
Fluvial;Amapá;Colômbia;Março;2026;2
Fluvial;Rio Grande do Sul;Colômbia;Março;2026;7
Aérea;São Paulo;Comores;Março;2026;1
Aérea;Rio de Janeiro;Congo;Março;2026;1
Aérea;São Paulo;Congo;Março;2026;132
Aérea;Amazonas;Costa Rica;Março;2026;24
Aérea;Pará;Costa Rica;Março;2026;3
Aérea;Ceará;Costa Rica;Março;2026;4
Aérea;Rio Grande do Norte;Costa Rica;Março;2026;1
Aérea;Bahia;Costa Rica;Março;2026;21
Aérea;Minas Gerais;Costa Rica;Março;2026;23
Aérea;Rio de Janeiro;Costa Rica;Março;2026;1183
Aérea;São Paulo;Costa Rica;Março;2026;1
Aérea;São Paulo;Costa Rica;Março;2026;1247
Aérea;Paraná;Costa Rica;Março;2026;9
Aérea;Santa Catarina;Costa Rica;Março;2026;22
Aérea;Rio Grande do Sul;Costa Rica;Março;2026;54
Aérea;Distrito Federal;Costa Rica;Março;2026;67
Terrestre;Amazonas;Costa Rica;Março;2026;1
Terrestre;Paraná;Costa Rica;Março;2026;8
Terrestre;Paraná;Costa Rica;Março;2026;172
Terrestre;Rio Grande do Sul;Costa Rica;Março;2026;3
Terrestre;Rio Grande do Sul;Costa Rica;Março;2026;2
Terrestre;Rio Grande do Sul;Costa Rica;Março;2026;4
Marítima;São Paulo;Costa Rica;Março;2026;4
Marítima;São Paulo;Costa Rica;Março;2026;42
Marítima;Santa Catarina;Costa Rica;Março;2026;1
Aérea;Rio de Janeiro;Costa do Marfim;Março;2026;26
Aérea;São Paulo;Costa do Marfim;Março;2026;7
Aérea;Amazonas;Croácia;Março;2026;2
Aérea;Pará;Croácia;Março;2026;7
Aérea;Ceará;Croácia;Março;2026;2
Aérea;Rio Grande do Norte;Croácia;Março;2026;3
Aérea;Pernambuco;Croácia;Março;2026;6
Aérea;Bahia;Croácia;Março;2026;2
Aérea;Minas Gerais;Croácia;Março;2026;1
Aérea;Rio de Janeiro;Croácia;Março;2026;152
Aérea;São Paulo;Croácia;Março;2026;6
Aérea;São Paulo;Croácia;Março;2026;375
Aérea;Santa Catarina;Croácia;Março;2026;2
Aérea;Distrito Federal;Croácia;Março;2026;2
Terrestre;Paraná;Croácia;Março;2026;9
Terrestre;Paraná;Croácia;Março;2026;17
Terrestre;Rio Grande do Sul;Croácia;Março;2026;1
Marítima;Rio de Janeiro;Croácia;Março;2026;4
Marítima;São Paulo;Croácia;Março;2026;1
Marítima;Santa Catarina;Croácia;Março;2026;1
Aérea;Amazonas;Cuba;Março;2026;11
Aérea;Pará;Cuba;Março;2026;3
Aérea;Ceará;Cuba;Março;2026;2
Aérea;Rio Grande do Norte;Cuba;Março;2026;1
Aérea;Pernambuco;Cuba;Março;2026;1
Aérea;Alagoas;Cuba;Março;2026;1
Aérea;Bahia;Cuba;Março;2026;4
Aérea;Minas Gerais;Cuba;Março;2026;4
Aérea;Rio de Janeiro;Cuba;Março;2026;68
Aérea;São Paulo;Cuba;Março;2026;2
Aérea;São Paulo;Cuba;Março;2026;186
Aérea;Paraná;Cuba;Março;2026;3
Aérea;Santa Catarina;Cuba;Março;2026;28
Aérea;Rio Grande do Sul;Cuba;Março;2026;27
Aérea;Distrito Federal;Cuba;Março;2026;22
Terrestre;Roraima;Cuba;Março;2026;3
Terrestre;Paraná;Cuba;Março;2026;8
Terrestre;Rio Grande do Sul;Cuba;Março;2026;25
Terrestre;Rio Grande do Sul;Cuba;Março;2026;16
Terrestre;Rio Grande do Sul;Cuba;Março;2026;2
Terrestre;Mato Grosso do Sul;Cuba;Março;2026;4
Aérea;Amazonas;Dinamarca;Março;2026;7
Aérea;Pará;Dinamarca;Março;2026;3
Aérea;Ceará;Dinamarca;Março;2026;36
Aérea;Rio Grande do Norte;Dinamarca;Março;2026;2
Aérea;Pernambuco;Dinamarca;Março;2026;17
Aérea;Bahia;Dinamarca;Março;2026;38
Aérea;Minas Gerais;Dinamarca;Março;2026;8
Aérea;Rio de Janeiro;Dinamarca;Março;2026;685
Aérea;São Paulo;Dinamarca;Março;2026;19
Aérea;São Paulo;Dinamarca;Março;2026;666
Aérea;Paraná;Dinamarca;Março;2026;1
Aérea;Santa Catarina;Dinamarca;Março;2026;24
Aérea;Rio Grande do Sul;Dinamarca;Março;2026;12
Aérea;Distrito Federal;Dinamarca;Março;2026;15
Terrestre;Amazonas;Dinamarca;Março;2026;3
Terrestre;Paraná;Dinamarca;Março;2026;10
Terrestre;Paraná;Dinamarca;Março;2026;229
Terrestre;Santa Catarina;Dinamarca;Março;2026;1
Terrestre;Rio Grande do Sul;Dinamarca;Março;2026;4
Terrestre;Mato Grosso do Sul;Dinamarca;Março;2026;3
Marítima;Espírito Santo;Dinamarca;Março;2026;1
Marítima;Rio de Janeiro;Dinamarca;Março;2026;4
Marítima;São Paulo;Dinamarca;Março;2026;8
Marítima;Santa Catarina;Dinamarca;Março;2026;9
Aérea;Pará;Dominica;Março;2026;1
Aérea;Rio de Janeiro;Dominica;Março;2026;3
Aérea;São Paulo;Dominica;Março;2026;13
Aérea;Distrito Federal;Dominica;Março;2026;2
Terrestre;Amapá;Dominica;Março;2026;1
Terrestre;Rio Grande do Sul;Dominica;Março;2026;1
Aérea;Pará;Egito;Março;2026;2
Aérea;Rio de Janeiro;Egito;Março;2026;38
Aérea;São Paulo;Egito;Março;2026;124
Aérea;Distrito Federal;Egito;Março;2026;2
Terrestre;Roraima;Egito;Março;2026;1
Marítima;Rio Grande do Sul;Egito;Março;2026;1
Aérea;Amazonas;El Salvador;Março;2026;3
Aérea;Pará;El Salvador;Março;2026;1
Aérea;Bahia;El Salvador;Março;2026;3
Aérea;Minas Gerais;El Salvador;Março;2026;10
Aérea;Rio de Janeiro;El Salvador;Março;2026;202
Aérea;São Paulo;El Salvador;Março;2026;486
Aérea;Santa Catarina;El Salvador;Março;2026;22
Aérea;Rio Grande do Sul;El Salvador;Março;2026;10
Aérea;Distrito Federal;El Salvador;Março;2026;19
Terrestre;Paraná;El Salvador;Março;2026;6
Terrestre;Paraná;El Salvador;Março;2026;10
Aérea;Pernambuco;Emirados Árabes Unidos;Março;2026;1
Aérea;Rio de Janeiro;Emirados Árabes Unidos;Março;2026;21
Aérea;São Paulo;Emirados Árabes Unidos;Março;2026;57
Aérea;Santa Catarina;Emirados Árabes Unidos;Março;2026;2
Aérea;Distrito Federal;Emirados Árabes Unidos;Março;2026;13
Aérea;Amazonas;Equador;Março;2026;25
Aérea;Pará;Equador;Março;2026;11
Aérea;Ceará;Equador;Março;2026;2
Aérea;Pernambuco;Equador;Março;2026;3
Aérea;Bahia;Equador;Março;2026;20
Aérea;Minas Gerais;Equador;Março;2026;20
Aérea;Rio de Janeiro;Equador;Março;2026;3077
Aérea;São Paulo;Equador;Março;2026;8
Aérea;São Paulo;Equador;Março;2026;2656
Aérea;Paraná;Equador;Março;2026;2
Aérea;Paraná;Equador;Março;2026;104
Aérea;Santa Catarina;Equador;Março;2026;113
Aérea;Rio Grande do Sul;Equador;Março;2026;153
Aérea;Distrito Federal;Equador;Março;2026;360
Terrestre;Acre;Equador;Março;2026;5
Terrestre;Acre;Equador;Março;2026;2
Terrestre;Amazonas;Equador;Março;2026;2
Terrestre;Roraima;Equador;Março;2026;5
Terrestre;Amapá;Equador;Março;2026;2
Terrestre;Paraná;Equador;Março;2026;116
Terrestre;Paraná;Equador;Março;2026;453
Terrestre;Santa Catarina;Equador;Março;2026;17
Terrestre;Santa Catarina;Equador;Março;2026;1
Terrestre;Rio Grande do Sul;Equador;Março;2026;10
Terrestre;Rio Grande do Sul;Equador;Março;2026;6
Terrestre;Rio Grande do Sul;Equador;Março;2026;8
Terrestre;Mato Grosso do Sul;Equador;Março;2026;18
Terrestre;Mato Grosso do Sul;Equador;Março;2026;3
Marítima;Rio de Janeiro;Equador;Março;2026;5
Marítima;São Paulo;Equador;Março;2026;27
Marítima;São Paulo;Equador;Março;2026;17
Marítima;Santa Catarina;Equador;Março;2026;4
Marítima;Santa Catarina;Equador;Março;2026;25
Fluvial;Rio Grande do Sul;Equador;Março;2026;5
Aérea;Amazonas;Eslováquia;Março;2026;3
Aérea;Pará;Eslováquia;Março;2026;1
Aérea;Ceará;Eslováquia;Março;2026;4
Aérea;Pernambuco;Eslováquia;Março;2026;2
Aérea;Alagoas;Eslováquia;Março;2026;1
Aérea;Bahia;Eslováquia;Março;2026;1
Aérea;Bahia;Eslováquia;Março;2026;3
Aérea;Rio de Janeiro;Eslováquia;Março;2026;174
Aérea;São Paulo;Eslováquia;Março;2026;1
Aérea;São Paulo;Eslováquia;Março;2026;148
Aérea;Santa Catarina;Eslováquia;Março;2026;2
Terrestre;Paraná;Eslováquia;Março;2026;11
Terrestre;Paraná;Eslováquia;Março;2026;100
Terrestre;Rio Grande do Sul;Eslováquia;Março;2026;4
Terrestre;Mato Grosso do Sul;Eslováquia;Março;2026;1
Marítima;Santa Catarina;Eslováquia;Março;2026;1
Aérea;Ceará;Eslovênia;Março;2026;3
Aérea;Pernambuco;Eslovênia;Março;2026;3
Aérea;Bahia;Eslovênia;Março;2026;4
Aérea;Rio de Janeiro;Eslovênia;Março;2026;65
Aérea;São Paulo;Eslovênia;Março;2026;1
Aérea;São Paulo;Eslovênia;Março;2026;104
Aérea;Santa Catarina;Eslovênia;Março;2026;4
Terrestre;Paraná;Eslovênia;Março;2026;8
Terrestre;Paraná;Eslovênia;Março;2026;12
Marítima;Rio de Janeiro;Eslovênia;Março;2026;6
Marítima;São Paulo;Eslovênia;Março;2026;2
Marítima;Santa Catarina;Eslovênia;Março;2026;3
Aérea;Amazonas;Espanha;Março;2026;32
Aérea;Pará;Espanha;Março;2026;32
Aérea;Ceará;Espanha;Março;2026;520
Aérea;Rio Grande do Norte;Espanha;Março;2026;229
Aérea;Paraíba;Espanha;Março;2026;1
Aérea;Pernambuco;Espanha;Março;2026;748
Aérea;Alagoas;Espanha;Março;2026;17
Aérea;Bahia;Espanha;Março;2026;10
Aérea;Bahia;Espanha;Março;2026;653
Aérea;Minas Gerais;Espanha;Março;2026;116
Aérea;Rio de Janeiro;Espanha;Março;2026;4
Aérea;Rio de Janeiro;Espanha;Março;2026;3836
Aérea;São Paulo;Espanha;Março;2026;351
Aérea;São Paulo;Espanha;Março;2026;11179
Aérea;São Paulo;Espanha;Março;2026;1
Aérea;Paraná;Espanha;Março;2026;25
Aérea;Paraná;Espanha;Março;2026;12
Aérea;Santa Catarina;Espanha;Março;2026;188
Aérea;Rio Grande do Sul;Espanha;Março;2026;56
Aérea;Distrito Federal;Espanha;Março;2026;205
Terrestre;Acre;Espanha;Março;2026;2
Terrestre;Amazonas;Espanha;Março;2026;13
Terrestre;Roraima;Espanha;Março;2026;3
Terrestre;Roraima;Espanha;Março;2026;3
Terrestre;Amapá;Espanha;Março;2026;3
Terrestre;Paraná;Espanha;Março;2026;248
Terrestre;Paraná;Espanha;Março;2026;1633
Terrestre;Rio Grande do Sul;Espanha;Março;2026;1
Terrestre;Rio Grande do Sul;Espanha;Março;2026;36
Terrestre;Rio Grande do Sul;Espanha;Março;2026;46
Terrestre;Rio Grande do Sul;Espanha;Março;2026;2
Terrestre;Rio Grande do Sul;Espanha;Março;2026;12
Terrestre;Rio Grande do Sul;Espanha;Março;2026;5
Terrestre;Rio Grande do Sul;Espanha;Março;2026;19
Terrestre;Mato Grosso do Sul;Espanha;Março;2026;24
Terrestre;Mato Grosso do Sul;Espanha;Março;2026;2
Marítima;Bahia;Espanha;Março;2026;2
Marítima;Rio de Janeiro;Espanha;Março;2026;124
Marítima;São Paulo;Espanha;Março;2026;11
Marítima;São Paulo;Espanha;Março;2026;5
Marítima;Santa Catarina;Espanha;Março;2026;108
Marítima;Santa Catarina;Espanha;Março;2026;29
Fluvial;Amapá;Espanha;Março;2026;1
Fluvial;Rio Grande do Sul;Espanha;Março;2026;2
Aérea;Amazonas;Estados Unidos;Março;2026;898
Aérea;Pará;Estados Unidos;Março;2026;317
Aérea;Ceará;Estados Unidos;Março;2026;70
Aérea;Rio Grande do Norte;Estados Unidos;Março;2026;4
Aérea;Pernambuco;Estados Unidos;Março;2026;70
Aérea;Alagoas;Estados Unidos;Março;2026;3
Aérea;Bahia;Estados Unidos;Março;2026;11
Aérea;Bahia;Estados Unidos;Março;2026;622
Aérea;Minas Gerais;Estados Unidos;Março;2026;677
Aérea;Rio de Janeiro;Estados Unidos;Março;2026;28061
Aérea;São Paulo;Estados Unidos;Março;2026;1706
Aérea;São Paulo;Estados Unidos;Março;2026;50630
Aérea;São Paulo;Estados Unidos;Março;2026;8
Aérea;Paraná;Estados Unidos;Março;2026;12
Aérea;Paraná;Estados Unidos;Março;2026;288
Aérea;Santa Catarina;Estados Unidos;Março;2026;371
Aérea;Santa Catarina;Estados Unidos;Março;2026;2
Aérea;Rio Grande do Sul;Estados Unidos;Março;2026;1150
Aérea;Distrito Federal;Estados Unidos;Março;2026;1851
Terrestre;Rondônia;Estados Unidos;Março;2026;1
Terrestre;Acre;Estados Unidos;Março;2026;3
Terrestre;Amazonas;Estados Unidos;Março;2026;10
Terrestre;Roraima;Estados Unidos;Março;2026;16
Terrestre;Amapá;Estados Unidos;Março;2026;1
Terrestre;Paraná;Estados Unidos;Março;2026;217
Terrestre;Paraná;Estados Unidos;Março;2026;3989
Terrestre;Paraná;Estados Unidos;Março;2026;26
Terrestre;Paraná;Estados Unidos;Março;2026;1
Terrestre;Santa Catarina;Estados Unidos;Março;2026;1
Terrestre;Rio Grande do Sul;Estados Unidos;Março;2026;18
Terrestre;Rio Grande do Sul;Estados Unidos;Março;2026;7
Terrestre;Rio Grande do Sul;Estados Unidos;Março;2026;2
Terrestre;Rio Grande do Sul;Estados Unidos;Março;2026;3
Terrestre;Rio Grande do Sul;Estados Unidos;Março;2026;5
Terrestre;Mato Grosso do Sul;Estados Unidos;Março;2026;2
Terrestre;Mato Grosso do Sul;Estados Unidos;Março;2026;6
Marítima;Pernambuco;Estados Unidos;Março;2026;5
Marítima;Bahia;Estados Unidos;Março;2026;1
Marítima;Rio de Janeiro;Estados Unidos;Março;2026;839
Marítima;São Paulo;Estados Unidos;Março;2026;132
Marítima;São Paulo;Estados Unidos;Março;2026;1275
Marítima;Santa Catarina;Estados Unidos;Março;2026;80
Marítima;Santa Catarina;Estados Unidos;Março;2026;567
Marítima;Santa Catarina;Estados Unidos;Março;2026;135
Fluvial;Rio Grande do Sul;Estados Unidos;Março;2026;3
Fluvial;Rio Grande do Sul;Estados Unidos;Março;2026;2
Aérea;Ceará;Estônia;Março;2026;1
Aérea;Rio Grande do Norte;Estônia;Março;2026;1
Aérea;Bahia;Estônia;Março;2026;3
Aérea;Rio de Janeiro;Estônia;Março;2026;28
Aérea;São Paulo;Estônia;Março;2026;127
Aérea;Distrito Federal;Estônia;Março;2026;1
Terrestre;Acre;Estônia;Março;2026;1
Terrestre;Paraná;Estônia;Março;2026;2
Terrestre;Paraná;Estônia;Março;2026;10
Marítima;São Paulo;Estônia;Março;2026;2
Aérea;Rio de Janeiro;Etiópia;Março;2026;2
Aérea;São Paulo;Etiópia;Março;2026;54
Marítima;Rio Grande do Sul;Etiópia;Março;2026;1
Aérea;São Paulo;Fiji;Março;2026;7
Aérea;Amazonas;Filipinas;Março;2026;6
Aérea;Pará;Filipinas;Março;2026;1
Aérea;Bahia;Filipinas;Março;2026;1
Aérea;Rio de Janeiro;Filipinas;Março;2026;104
Aérea;São Paulo;Filipinas;Março;2026;3
Aérea;São Paulo;Filipinas;Março;2026;446
Aérea;Santa Catarina;Filipinas;Março;2026;2
Aérea;Rio Grande do Sul;Filipinas;Março;2026;3
Aérea;Distrito Federal;Filipinas;Março;2026;3
Terrestre;Paraná;Filipinas;Março;2026;4
Terrestre;Paraná;Filipinas;Março;2026;6
Terrestre;Mato Grosso do Sul;Filipinas;Março;2026;2
Marítima;Pernambuco;Filipinas;Março;2026;1
Marítima;Rio de Janeiro;Filipinas;Março;2026;5
Marítima;Rio de Janeiro;Filipinas;Março;2026;3
Marítima;São Paulo;Filipinas;Março;2026;1
Marítima;São Paulo;Filipinas;Março;2026;4
Marítima;Santa Catarina;Filipinas;Março;2026;10
Marítima;Santa Catarina;Filipinas;Março;2026;66
Aérea;Ceará;Finlândia;Março;2026;4
Aérea;Rio Grande do Norte;Finlândia;Março;2026;1
Aérea;Pernambuco;Finlândia;Março;2026;3
Aérea;Alagoas;Finlândia;Março;2026;1
Aérea;Bahia;Finlândia;Março;2026;2
Aérea;Minas Gerais;Finlândia;Março;2026;2
Aérea;Rio de Janeiro;Finlândia;Março;2026;228
Aérea;São Paulo;Finlândia;Março;2026;2
Aérea;São Paulo;Finlândia;Março;2026;364
Aérea;Paraná;Finlândia;Março;2026;1
Aérea;Santa Catarina;Finlândia;Março;2026;7
Aérea;Rio Grande do Sul;Finlândia;Março;2026;5
Aérea;Distrito Federal;Finlândia;Março;2026;18
Terrestre;Paraná;Finlândia;Março;2026;8
Terrestre;Paraná;Finlândia;Março;2026;23
Terrestre;Rio Grande do Sul;Finlândia;Março;2026;2
Terrestre;Rio Grande do Sul;Finlândia;Março;2026;2
Terrestre;Mato Grosso do Sul;Finlândia;Março;2026;2
Marítima;São Paulo;Finlândia;Março;2026;3
Marítima;Santa Catarina;Finlândia;Março;2026;1
Marítima;Santa Catarina;Finlândia;Março;2026;4
Aérea;Amazonas;França;Março;2026;45
Aérea;Pará;França;Março;2026;623
Aérea;Ceará;França;Março;2026;834
Aérea;Rio Grande do Norte;França;Março;2026;133
Aérea;Paraíba;França;Março;2026;1
Aérea;Pernambuco;França;Março;2026;260
Aérea;Alagoas;França;Março;2026;10
Aérea;Bahia;França;Março;2026;7
Aérea;Bahia;França;Março;2026;865
Aérea;Minas Gerais;França;Março;2026;119
Aérea;Rio de Janeiro;França;Março;2026;8365
Aérea;São Paulo;França;Março;2026;288
Aérea;São Paulo;França;Março;2026;7456
Aérea;São Paulo;França;Março;2026;1
Aérea;Paraná;França;Março;2026;5
Aérea;Paraná;França;Março;2026;14
Aérea;Santa Catarina;França;Março;2026;140
Aérea;Rio Grande do Sul;França;Março;2026;67
Aérea;Distrito Federal;França;Março;2026;156
Terrestre;Rondônia;França;Março;2026;1
Terrestre;Acre;França;Março;2026;5
Terrestre;Acre;França;Março;2026;2
Terrestre;Amazonas;França;Março;2026;18
Terrestre;Roraima;França;Março;2026;6
Terrestre;Roraima;França;Março;2026;1
Terrestre;Amapá;França;Março;2026;1610
Terrestre;Paraná;França;Março;2026;114
Terrestre;Paraná;França;Março;2026;1269
Terrestre;Rio Grande do Sul;França;Março;2026;2
Terrestre;Rio Grande do Sul;França;Março;2026;24
Terrestre;Rio Grande do Sul;França;Março;2026;3
Terrestre;Rio Grande do Sul;França;Março;2026;14
Terrestre;Rio Grande do Sul;França;Março;2026;1
Terrestre;Rio Grande do Sul;França;Março;2026;5
Terrestre;Rio Grande do Sul;França;Março;2026;8
Terrestre;Mato Grosso do Sul;França;Março;2026;11
Terrestre;Mato Grosso do Sul;França;Março;2026;4
Marítima;Ceará;França;Março;2026;1
Marítima;Pernambuco;França;Março;2026;20
Marítima;Pernambuco;França;Março;2026;7
Marítima;Bahia;França;Março;2026;15
Marítima;Rio de Janeiro;França;Março;2026;1
Marítima;Rio de Janeiro;França;Março;2026;223
Marítima;São Paulo;França;Março;2026;10
Marítima;São Paulo;França;Março;2026;10
Marítima;Santa Catarina;França;Março;2026;41
Marítima;Santa Catarina;França;Março;2026;12
Fluvial;Pará;França;Março;2026;144
Fluvial;Amapá;França;Março;2026;201
Fluvial;Rio Grande do Sul;França;Março;2026;4
Aérea;Rio de Janeiro;Gabão;Março;2026;4
Aérea;São Paulo;Gabão;Março;2026;2
Aérea;Pernambuco;Gana;Março;2026;1
Aérea;Rio de Janeiro;Gana;Março;2026;6
Aérea;São Paulo;Gana;Março;2026;41
Aérea;Distrito Federal;Gana;Março;2026;2
Aérea;Ceará;Geórgia;Março;2026;1
Aérea;Bahia;Geórgia;Março;2026;5
Aérea;Rio de Janeiro;Geórgia;Março;2026;33
Aérea;São Paulo;Geórgia;Março;2026;1
Aérea;São Paulo;Geórgia;Março;2026;49
Terrestre;Paraná;Geórgia;Março;2026;2
Terrestre;Paraná;Geórgia;Março;2026;14
Marítima;Rio Grande do Sul;Geórgia;Março;2026;1
Aérea;Rio de Janeiro;Granada;Março;2026;2
Aérea;São Paulo;Granada;Março;2026;8
Aérea;Distrito Federal;Granada;Março;2026;3
Terrestre;Paraná;Granada;Março;2026;2
Terrestre;Paraná;Granada;Março;2026;2
Aérea;Amazonas;Grécia;Março;2026;4
Aérea;Pará;Grécia;Março;2026;2
Aérea;Ceará;Grécia;Março;2026;11
Aérea;Pernambuco;Grécia;Março;2026;11
Aérea;Alagoas;Grécia;Março;2026;1
Aérea;Bahia;Grécia;Março;2026;21
Aérea;Minas Gerais;Grécia;Março;2026;1
Aérea;Rio de Janeiro;Grécia;Março;2026;438
Aérea;São Paulo;Grécia;Março;2026;517
Aérea;Paraná;Grécia;Março;2026;1
Aérea;Santa Catarina;Grécia;Março;2026;3
Aérea;Rio Grande do Sul;Grécia;Março;2026;3
Terrestre;Acre;Grécia;Março;2026;1
Terrestre;Paraná;Grécia;Março;2026;2
Terrestre;Paraná;Grécia;Março;2026;118
Terrestre;Rio Grande do Sul;Grécia;Março;2026;1
Terrestre;Rio Grande do Sul;Grécia;Março;2026;2
Marítima;Pernambuco;Grécia;Março;2026;1
Marítima;Bahia;Grécia;Março;2026;1
Marítima;Rio de Janeiro;Grécia;Março;2026;5
Marítima;Rio de Janeiro;Grécia;Março;2026;3
Marítima;São Paulo;Grécia;Março;2026;4
Marítima;Santa Catarina;Grécia;Março;2026;2
Marítima;Santa Catarina;Grécia;Março;2026;2
Aérea;Amazonas;Guatemala;Março;2026;3
Aérea;Bahia;Guatemala;Março;2026;1
Aérea;Bahia;Guatemala;Março;2026;3
Aérea;Minas Gerais;Guatemala;Março;2026;4
Aérea;Rio de Janeiro;Guatemala;Março;2026;585
Aérea;São Paulo;Guatemala;Março;2026;397
Aérea;Santa Catarina;Guatemala;Março;2026;7
Aérea;Rio Grande do Sul;Guatemala;Março;2026;28
Aérea;Distrito Federal;Guatemala;Março;2026;41
Terrestre;Amazonas;Guatemala;Março;2026;1
Terrestre;Paraná;Guatemala;Março;2026;9
Terrestre;Paraná;Guatemala;Março;2026;47
Terrestre;Rio Grande do Sul;Guatemala;Março;2026;2
Marítima;Rio de Janeiro;Guatemala;Março;2026;23
Marítima;São Paulo;Guatemala;Março;2026;2
Marítima;Santa Catarina;Guatemala;Março;2026;2
Aérea;Amazonas;Guiana;Março;2026;8
Aérea;Pará;Guiana;Março;2026;8
Aérea;Rio de Janeiro;Guiana;Março;2026;26
Aérea;São Paulo;Guiana;Março;2026;25
Aérea;Santa Catarina;Guiana;Março;2026;1
Aérea;Distrito Federal;Guiana;Março;2026;8
Terrestre;Roraima;Guiana;Março;2026;744
Terrestre;Roraima;Guiana;Março;2026;3
Terrestre;Amapá;Guiana;Março;2026;3
Terrestre;Paraná;Guiana;Março;2026;2
Fluvial;Amapá;Guiana;Março;2026;1
Aérea;Rio de Janeiro;Guiné;Março;2026;6
Aérea;São Paulo;Guiné;Março;2026;38
Aérea;São Paulo;Guiné Equatorial;Março;2026;4
Aérea;Amazonas;Guiné-Bissau;Março;2026;3
Aérea;Pará;Guiné-Bissau;Março;2026;4
Aérea;Ceará;Guiné-Bissau;Março;2026;1
Aérea;Bahia;Guiné-Bissau;Março;2026;3
Aérea;Rio de Janeiro;Guiné-Bissau;Março;2026;4
Aérea;São Paulo;Guiné-Bissau;Março;2026;7
Aérea;Santa Catarina;Guiné-Bissau;Março;2026;4
Aérea;Distrito Federal;Guiné-Bissau;Março;2026;1
Aérea;Rio de Janeiro;Gâmbia;Março;2026;1
Aérea;São Paulo;Gâmbia;Março;2026;11
Aérea;Minas Gerais;Haiti;Março;2026;3
Aérea;Rio de Janeiro;Haiti;Março;2026;13
Aérea;São Paulo;Haiti;Março;2026;3
Aérea;São Paulo;Haiti;Março;2026;85
Aérea;Paraná;Haiti;Março;2026;1
Aérea;Santa Catarina;Haiti;Março;2026;12
Aérea;Rio Grande do Sul;Haiti;Março;2026;4
Aérea;Distrito Federal;Haiti;Março;2026;1
Terrestre;Amapá;Haiti;Março;2026;1
Terrestre;Rio Grande do Sul;Haiti;Março;2026;2
Fluvial;Amapá;Haiti;Março;2026;2
Aérea;Amazonas;Holanda;Março;2026;19
Aérea;Roraima;Holanda;Março;2026;1
Aérea;Pará;Holanda;Março;2026;137
Aérea;Ceará;Holanda;Março;2026;171
Aérea;Rio Grande do Norte;Holanda;Março;2026;50
Aérea;Pernambuco;Holanda;Março;2026;57
Aérea;Alagoas;Holanda;Março;2026;6
Aérea;Bahia;Holanda;Março;2026;327
Aérea;Minas Gerais;Holanda;Março;2026;17
Aérea;Rio de Janeiro;Holanda;Março;2026;1752
Aérea;São Paulo;Holanda;Março;2026;21
Aérea;São Paulo;Holanda;Março;2026;2407
Aérea;Paraná;Holanda;Março;2026;4
Aérea;Paraná;Holanda;Março;2026;7
Aérea;Santa Catarina;Holanda;Março;2026;58
Aérea;Rio Grande do Sul;Holanda;Março;2026;34
Aérea;Distrito Federal;Holanda;Março;2026;25
Terrestre;Acre;Holanda;Março;2026;2
Terrestre;Amazonas;Holanda;Março;2026;8
Terrestre;Roraima;Holanda;Março;2026;4
Terrestre;Amapá;Holanda;Março;2026;7
Terrestre;Paraná;Holanda;Março;2026;44
Terrestre;Paraná;Holanda;Março;2026;498
Terrestre;Santa Catarina;Holanda;Março;2026;6
Terrestre;Rio Grande do Sul;Holanda;Março;2026;3
Terrestre;Rio Grande do Sul;Holanda;Março;2026;12
Terrestre;Rio Grande do Sul;Holanda;Março;2026;1
Terrestre;Rio Grande do Sul;Holanda;Março;2026;2
Marítima;Pernambuco;Holanda;Março;2026;1
Marítima;Rio de Janeiro;Holanda;Março;2026;1
Marítima;Rio de Janeiro;Holanda;Março;2026;22
Marítima;São Paulo;Holanda;Março;2026;6
Marítima;São Paulo;Holanda;Março;2026;1
Marítima;Santa Catarina;Holanda;Março;2026;12
Marítima;Santa Catarina;Holanda;Março;2026;14
Fluvial;Amapá;Holanda;Março;2026;12
Aérea;Ceará;Honduras;Março;2026;1
Aérea;Bahia;Honduras;Março;2026;13
Aérea;Minas Gerais;Honduras;Março;2026;3
Aérea;Rio de Janeiro;Honduras;Março;2026;195
Aérea;São Paulo;Honduras;Março;2026;1
Aérea;São Paulo;Honduras;Março;2026;228
Aérea;Santa Catarina;Honduras;Março;2026;15
Aérea;Rio Grande do Sul;Honduras;Março;2026;9
Aérea;Distrito Federal;Honduras;Março;2026;12
Terrestre;Paraná;Honduras;Março;2026;11
Terrestre;Paraná;Honduras;Março;2026;2
Terrestre;Rio Grande do Sul;Honduras;Março;2026;1
Marítima;Rio de Janeiro;Honduras;Março;2026;10
Marítima;Santa Catarina;Honduras;Março;2026;2
Marítima;Santa Catarina;Honduras;Março;2026;11
Aérea;Amazonas;Hungria;Março;2026;1
Aérea;Pará;Hungria;Março;2026;1
Aérea;Ceará;Hungria;Março;2026;8
Aérea;Rio Grande do Norte;Hungria;Março;2026;1
Aérea;Pernambuco;Hungria;Março;2026;1
Aérea;Bahia;Hungria;Março;2026;9
Aérea;Rio de Janeiro;Hungria;Março;2026;984
Aérea;São Paulo;Hungria;Março;2026;3
Aérea;São Paulo;Hungria;Março;2026;424
Aérea;Paraná;Hungria;Março;2026;2
Aérea;Santa Catarina;Hungria;Março;2026;7
Aérea;Rio Grande do Sul;Hungria;Março;2026;1
Aérea;Distrito Federal;Hungria;Março;2026;7
Terrestre;Paraná;Hungria;Março;2026;8
Terrestre;Paraná;Hungria;Março;2026;58
Terrestre;Rio Grande do Sul;Hungria;Março;2026;1
Terrestre;Rio Grande do Sul;Hungria;Março;2026;1
Terrestre;Mato Grosso do Sul;Hungria;Março;2026;1
Marítima;Rio de Janeiro;Hungria;Março;2026;8
Marítima;São Paulo;Hungria;Março;2026;7
Marítima;São Paulo;Hungria;Março;2026;12
Marítima;Santa Catarina;Hungria;Março;2026;4
Aérea;Rio Grande do Norte;Indonésia;Março;2026;1
Aérea;Bahia;Indonésia;Março;2026;3
Aérea;Rio de Janeiro;Indonésia;Março;2026;59
Aérea;São Paulo;Indonésia;Março;2026;308
Terrestre;Paraná;Indonésia;Março;2026;12
Marítima;Rio de Janeiro;Indonésia;Março;2026;7
Marítima;São Paulo;Indonésia;Março;2026;2
Marítima;Santa Catarina;Indonésia;Março;2026;2
Marítima;Santa Catarina;Indonésia;Março;2026;37
Fluvial;Rio Grande do Sul;Indonésia;Março;2026;3
Aérea;São Paulo;Iraque;Março;2026;2
Aérea;Amazonas;Irlanda;Março;2026;7
Aérea;Pará;Irlanda;Março;2026;5
Aérea;Ceará;Irlanda;Março;2026;29
Aérea;Rio Grande do Norte;Irlanda;Março;2026;4
Aérea;Pernambuco;Irlanda;Março;2026;37
Aérea;Bahia;Irlanda;Março;2026;51
Aérea;Minas Gerais;Irlanda;Março;2026;54
Aérea;Rio de Janeiro;Irlanda;Março;2026;1852
Aérea;São Paulo;Irlanda;Março;2026;34
Aérea;São Paulo;Irlanda;Março;2026;4941
Aérea;São Paulo;Irlanda;Março;2026;5
Aérea;Paraná;Irlanda;Março;2026;2
Aérea;Santa Catarina;Irlanda;Março;2026;37
Aérea;Rio Grande do Sul;Irlanda;Março;2026;40
Aérea;Distrito Federal;Irlanda;Março;2026;33
Terrestre;Amazonas;Irlanda;Março;2026;1
Terrestre;Paraná;Irlanda;Março;2026;12
Terrestre;Paraná;Irlanda;Março;2026;145
Terrestre;Rio Grande do Sul;Irlanda;Março;2026;1
Terrestre;Rio Grande do Sul;Irlanda;Março;2026;1
Terrestre;Rio Grande do Sul;Irlanda;Março;2026;1
Marítima;Rio de Janeiro;Irlanda;Março;2026;15
Marítima;São Paulo;Irlanda;Março;2026;3
Marítima;São Paulo;Irlanda;Março;2026;8
Marítima;Santa Catarina;Irlanda;Março;2026;1
Marítima;Santa Catarina;Irlanda;Março;2026;10
Aérea;Rio de Janeiro;Irã;Março;2026;14
Aérea;São Paulo;Irã;Março;2026;52
Terrestre;Paraná;Irã;Março;2026;1
Terrestre;Mato Grosso do Sul;Irã;Março;2026;2
Aérea;Ceará;Islândia;Março;2026;2
Aérea;Minas Gerais;Islândia;Março;2026;1
Aérea;Rio de Janeiro;Islândia;Março;2026;58
Aérea;São Paulo;Islândia;Março;2026;2
Aérea;São Paulo;Islândia;Março;2026;26
Aérea;Rio Grande do Sul;Islândia;Março;2026;1
Marítima;Santa Catarina;Islândia;Março;2026;10
Marítima;Santa Catarina;Islândia;Março;2026;14
Aérea;Amazonas;Israel;Março;2026;1
Aérea;Ceará;Israel;Março;2026;6
Aérea;Rio Grande do Norte;Israel;Março;2026;5
Aérea;Pernambuco;Israel;Março;2026;5
Aérea;Alagoas;Israel;Março;2026;2
Aérea;Bahia;Israel;Março;2026;66
Aérea;Minas Gerais;Israel;Março;2026;4
Aérea;Rio de Janeiro;Israel;Março;2026;539
Aérea;São Paulo;Israel;Março;2026;10
Aérea;São Paulo;Israel;Março;2026;975
Aérea;Paraná;Israel;Março;2026;2
Aérea;Paraná;Israel;Março;2026;2
Aérea;Santa Catarina;Israel;Março;2026;15
Aérea;Distrito Federal;Israel;Março;2026;5
Terrestre;Paraná;Israel;Março;2026;4
Terrestre;Paraná;Israel;Março;2026;278
Terrestre;Rio Grande do Sul;Israel;Março;2026;1
Terrestre;Rio Grande do Sul;Israel;Março;2026;1
Terrestre;Mato Grosso do Sul;Israel;Março;2026;2
Terrestre;Mato Grosso do Sul;Israel;Março;2026;2
Marítima;Paraíba;Israel;Março;2026;2
Marítima;Rio de Janeiro;Israel;Março;2026;4
Marítima;São Paulo;Israel;Março;2026;4
Marítima;Santa Catarina;Israel;Março;2026;2
Aérea;Amazonas;Itália;Março;2026;47
Aérea;Roraima;Itália;Março;2026;2
Aérea;Pará;Itália;Março;2026;20
Aérea;Ceará;Itália;Março;2026;513
Aérea;Rio Grande do Norte;Itália;Março;2026;195
Aérea;Pernambuco;Itália;Março;2026;469
Aérea;Alagoas;Itália;Março;2026;69
Aérea;Bahia;Itália;Março;2026;8
Aérea;Bahia;Itália;Março;2026;882
Aérea;Minas Gerais;Itália;Março;2026;392
Aérea;Rio de Janeiro;Itália;Março;2026;2
Aérea;Rio de Janeiro;Itália;Março;2026;4339
Aérea;São Paulo;Itália;Março;2026;54
Aérea;São Paulo;Itália;Março;2026;10976
Aérea;São Paulo;Itália;Março;2026;1
Aérea;Paraná;Itália;Março;2026;3
Aérea;Paraná;Itália;Março;2026;13
Aérea;Santa Catarina;Itália;Março;2026;265
Aérea;Rio Grande do Sul;Itália;Março;2026;64
Aérea;Distrito Federal;Itália;Março;2026;83
Terrestre;Acre;Itália;Março;2026;5
Terrestre;Amazonas;Itália;Março;2026;9
Terrestre;Roraima;Itália;Março;2026;1
Terrestre;Roraima;Itália;Março;2026;4
Terrestre;Amapá;Itália;Março;2026;6
Terrestre;Paraná;Itália;Março;2026;66
Terrestre;Paraná;Itália;Março;2026;848
Terrestre;Santa Catarina;Itália;Março;2026;1
Terrestre;Santa Catarina;Itália;Março;2026;1
Terrestre;Rio Grande do Sul;Itália;Março;2026;3
Terrestre;Rio Grande do Sul;Itália;Março;2026;34
Terrestre;Rio Grande do Sul;Itália;Março;2026;26
Terrestre;Rio Grande do Sul;Itália;Março;2026;3
Terrestre;Rio Grande do Sul;Itália;Março;2026;16
Terrestre;Rio Grande do Sul;Itália;Março;2026;2
Terrestre;Rio Grande do Sul;Itália;Março;2026;22
Terrestre;Mato Grosso do Sul;Itália;Março;2026;7
Terrestre;Mato Grosso do Sul;Itália;Março;2026;3
Marítima;Rio de Janeiro;Itália;Março;2026;271
Marítima;São Paulo;Itália;Março;2026;44
Marítima;São Paulo;Itália;Março;2026;7
Marítima;Santa Catarina;Itália;Março;2026;96
Marítima;Santa Catarina;Itália;Março;2026;47
Marítima;Santa Catarina;Itália;Março;2026;1
Fluvial;Rio Grande do Sul;Itália;Março;2026;4
Fluvial;Rio Grande do Sul;Itália;Março;2026;1
Aérea;Rio de Janeiro;Iêmen;Março;2026;1
Aérea;São Paulo;Iêmen;Março;2026;7
Aérea;Bahia;Jamaica;Março;2026;1
Aérea;Minas Gerais;Jamaica;Março;2026;2
Aérea;Rio de Janeiro;Jamaica;Março;2026;90
Aérea;São Paulo;Jamaica;Março;2026;69
Aérea;Rio Grande do Sul;Jamaica;Março;2026;1
Aérea;Distrito Federal;Jamaica;Março;2026;7
Marítima;Rio de Janeiro;Jamaica;Março;2026;2
Aérea;Amazonas;Japão;Março;2026;20
Aérea;Ceará;Japão;Março;2026;1
Aérea;Pernambuco;Japão;Março;2026;2
Aérea;Bahia;Japão;Março;2026;2
Aérea;Minas Gerais;Japão;Março;2026;1
Aérea;Rio de Janeiro;Japão;Março;2026;361
Aérea;São Paulo;Japão;Março;2026;12
Aérea;São Paulo;Japão;Março;2026;7629
Aérea;Paraná;Japão;Março;2026;1
Aérea;Paraná;Japão;Março;2026;2
Aérea;Santa Catarina;Japão;Março;2026;2
Aérea;Rio Grande do Sul;Japão;Março;2026;4
Aérea;Distrito Federal;Japão;Março;2026;7
Terrestre;Amazonas;Japão;Março;2026;6
Terrestre;Roraima;Japão;Março;2026;1
Terrestre;Paraná;Japão;Março;2026;108
Terrestre;Paraná;Japão;Março;2026;209
Terrestre;Rio Grande do Sul;Japão;Março;2026;4
Terrestre;Rio Grande do Sul;Japão;Março;2026;1
Terrestre;Mato Grosso do Sul;Japão;Março;2026;5
Terrestre;Mato Grosso do Sul;Japão;Março;2026;7
Marítima;São Paulo;Japão;Março;2026;5
Marítima;Santa Catarina;Japão;Março;2026;5
Aérea;Rio de Janeiro;Jordânia;Março;2026;8
Aérea;São Paulo;Jordânia;Março;2026;20
Terrestre;Paraná;Jordânia;Março;2026;1
Aérea;São Paulo;Kuwait;Março;2026;2
Aérea;Rio de Janeiro;Laos;Março;2026;1
Terrestre;Rio Grande do Sul;Laos;Março;2026;1
Aérea;São Paulo;Lesoto;Março;2026;2
Aérea;Ceará;Letônia;Março;2026;3
Aérea;Rio Grande do Norte;Letônia;Março;2026;1
Aérea;Bahia;Letônia;Março;2026;2
Aérea;Rio de Janeiro;Letônia;Março;2026;56
Aérea;São Paulo;Letônia;Março;2026;2
Aérea;São Paulo;Letônia;Março;2026;107
Aérea;Paraná;Letônia;Março;2026;1
Aérea;Santa Catarina;Letônia;Março;2026;2
Aérea;Rio Grande do Sul;Letônia;Março;2026;2
Terrestre;Paraná;Letônia;Março;2026;16
Terrestre;Rio Grande do Sul;Letônia;Março;2026;1
Terrestre;Mato Grosso do Sul;Letônia;Março;2026;1
Marítima;Rio de Janeiro;Letônia;Março;2026;2
Aérea;São Paulo;Libéria;Março;2026;1
Aérea;Bahia;Liechtenstein;Março;2026;1
Aérea;Rio de Janeiro;Liechtenstein;Março;2026;5
Aérea;São Paulo;Liechtenstein;Março;2026;15
Terrestre;Paraná;Liechtenstein;Março;2026;4
Marítima;Rio de Janeiro;Liechtenstein;Março;2026;1
Aérea;Ceará;Lituânia;Março;2026;8
Aérea;Rio Grande do Norte;Lituânia;Março;2026;1
Aérea;Pernambuco;Lituânia;Março;2026;12
Aérea;Bahia;Lituânia;Março;2026;14
Aérea;Minas Gerais;Lituânia;Março;2026;1
Aérea;Rio de Janeiro;Lituânia;Março;2026;105
Aérea;São Paulo;Lituânia;Março;2026;5
Aérea;São Paulo;Lituânia;Março;2026;195
Aérea;Paraná;Lituânia;Março;2026;2
Aérea;Santa Catarina;Lituânia;Março;2026;5
Aérea;Rio Grande do Sul;Lituânia;Março;2026;1
Aérea;Distrito Federal;Lituânia;Março;2026;2
Terrestre;Amazonas;Lituânia;Março;2026;1
Terrestre;Paraná;Lituânia;Março;2026;5
Terrestre;Paraná;Lituânia;Março;2026;28
Marítima;Rio de Janeiro;Lituânia;Março;2026;3
Marítima;Santa Catarina;Lituânia;Março;2026;1
Aérea;Pará;Luxemburgo;Março;2026;1
Aérea;Ceará;Luxemburgo;Março;2026;22
Aérea;Rio Grande do Norte;Luxemburgo;Março;2026;7
Aérea;Pernambuco;Luxemburgo;Março;2026;11
Aérea;Bahia;Luxemburgo;Março;2026;1
Aérea;Bahia;Luxemburgo;Março;2026;9
Aérea;Rio de Janeiro;Luxemburgo;Março;2026;160
Aérea;São Paulo;Luxemburgo;Março;2026;6
Aérea;São Paulo;Luxemburgo;Março;2026;278
Aérea;Santa Catarina;Luxemburgo;Março;2026;7
Aérea;Rio Grande do Sul;Luxemburgo;Março;2026;2
Aérea;Distrito Federal;Luxemburgo;Março;2026;7
Terrestre;Roraima;Luxemburgo;Março;2026;3
Terrestre;Paraná;Luxemburgo;Março;2026;4
Terrestre;Paraná;Luxemburgo;Março;2026;15
Marítima;Rio de Janeiro;Luxemburgo;Março;2026;1
Marítima;São Paulo;Luxemburgo;Março;2026;2
Marítima;Santa Catarina;Luxemburgo;Março;2026;1
Aérea;Rio de Janeiro;Líbano;Março;2026;12
Aérea;São Paulo;Líbano;Março;2026;162
Aérea;São Paulo;Líbano;Março;2026;1
Terrestre;Paraná;Líbano;Março;2026;2
Terrestre;Rio Grande do Sul;Líbano;Março;2026;1
Marítima;Santa Catarina;Líbano;Março;2026;2
Aérea;Rio de Janeiro;Líbia;Março;2026;1
Aérea;Rio de Janeiro;Macedônia;Março;2026;23
Aérea;São Paulo;Macedônia;Março;2026;24
Terrestre;Paraná;Macedônia;Março;2026;4
Marítima;Santa Catarina;Macedônia;Março;2026;1
Aérea;Rio de Janeiro;Madagascar;Março;2026;1
Aérea;São Paulo;Madagascar;Março;2026;2
Aérea;São Paulo;Malauí;Março;2026;2
Aérea;São Paulo;Mali;Março;2026;23
Terrestre;Paraná;Mali;Março;2026;1
Aérea;Ceará;Malta;Março;2026;1
Aérea;Bahia;Malta;Março;2026;1
Aérea;Rio de Janeiro;Malta;Março;2026;37
Aérea;São Paulo;Malta;Março;2026;138
Aérea;Distrito Federal;Malta;Março;2026;1
Terrestre;Paraná;Malta;Março;2026;1
Terrestre;Paraná;Malta;Março;2026;3
Marítima;São Paulo;Malta;Março;2026;24
Marítima;Santa Catarina;Malta;Março;2026;2
Aérea;Ceará;Malásia;Março;2026;3
Aérea;Pernambuco;Malásia;Março;2026;1
Aérea;Bahia;Malásia;Março;2026;1
Aérea;Minas Gerais;Malásia;Março;2026;1
Aérea;Rio de Janeiro;Malásia;Março;2026;101
Aérea;São Paulo;Malásia;Março;2026;135
Aérea;Distrito Federal;Malásia;Março;2026;2
Terrestre;Paraná;Malásia;Março;2026;67
Terrestre;Rio Grande do Sul;Malásia;Março;2026;1
Marítima;São Paulo;Malásia;Março;2026;3
Aérea;Pará;Marrocos;Março;2026;4
Aérea;Ceará;Marrocos;Março;2026;4
Aérea;Pernambuco;Marrocos;Março;2026;1
Aérea;Bahia;Marrocos;Março;2026;2
Aérea;Rio de Janeiro;Marrocos;Março;2026;78
Aérea;São Paulo;Marrocos;Março;2026;3
Aérea;São Paulo;Marrocos;Março;2026;495
Aérea;Paraná;Marrocos;Março;2026;1
Aérea;Santa Catarina;Marrocos;Março;2026;2
Aérea;Distrito Federal;Marrocos;Março;2026;1
Terrestre;Paraná;Marrocos;Março;2026;1
Terrestre;Paraná;Marrocos;Março;2026;1
Terrestre;Rio Grande do Sul;Marrocos;Março;2026;1
Terrestre;Mato Grosso do Sul;Marrocos;Março;2026;1
Fluvial;Amapá;Marrocos;Março;2026;1
Aérea;São Paulo;Mauritânia;Março;2026;9
Aérea;Rio de Janeiro;Maurício;Março;2026;1
Aérea;São Paulo;Maurício;Março;2026;2
Terrestre;Paraná;Maurício;Março;2026;1
Marítima;São Paulo;Maurício;Março;2026;1
Aérea;Rio de Janeiro;Mianma;Março;2026;2
Aérea;Rio Grande do Norte;Moldávia;Março;2026;2
Aérea;Pernambuco;Moldávia;Março;2026;1
Aérea;Rio de Janeiro;Moldávia;Março;2026;19
Aérea;São Paulo;Moldávia;Março;2026;2
Aérea;São Paulo;Moldávia;Março;2026;10
Aérea;Minas Gerais;Mongólia;Março;2026;1
Aérea;Rio de Janeiro;Mongólia;Março;2026;11
Aérea;São Paulo;Mongólia;Março;2026;19
Terrestre;Paraná;Mongólia;Março;2026;13
Terrestre;Paraná;Mongólia;Março;2026;18
Terrestre;Rio Grande do Sul;Mongólia;Março;2026;1
Aérea;Rio de Janeiro;Montenegro;Março;2026;5
Aérea;São Paulo;Montenegro;Março;2026;13
Aérea;Santa Catarina;Montenegro;Março;2026;2
Terrestre;Rio Grande do Sul;Montenegro;Março;2026;1
Aérea;Pernambuco;Moçambique;Março;2026;1
Aérea;Rio de Janeiro;Moçambique;Março;2026;5
Aérea;São Paulo;Moçambique;Março;2026;314
Aérea;Rio Grande do Sul;Moçambique;Março;2026;1
Aérea;Distrito Federal;Moçambique;Março;2026;3
Aérea;Amazonas;México;Março;2026;68
Aérea;Pará;México;Março;2026;14
Aérea;Ceará;México;Março;2026;1
Aérea;Rio Grande do Norte;México;Março;2026;3
Aérea;Bahia;México;Março;2026;5
Aérea;Bahia;México;Março;2026;36
Aérea;Minas Gerais;México;Março;2026;38
Aérea;Rio de Janeiro;México;Março;2026;3132
Aérea;São Paulo;México;Março;2026;8
Aérea;São Paulo;México;Março;2026;9162
Aérea;Paraná;México;Março;2026;2
Aérea;Paraná;México;Março;2026;30
Aérea;Santa Catarina;México;Março;2026;39
Aérea;Rio Grande do Sul;México;Março;2026;108
Aérea;Distrito Federal;México;Março;2026;107
Terrestre;Amazonas;México;Março;2026;5
Terrestre;Roraima;México;Março;2026;1
Terrestre;Paraná;México;Março;2026;82
Terrestre;Paraná;México;Março;2026;582
Terrestre;Paraná;México;Março;2026;1
Terrestre;Rio Grande do Sul;México;Março;2026;13
Terrestre;Rio Grande do Sul;México;Março;2026;3
Terrestre;Rio Grande do Sul;México;Março;2026;4
Terrestre;Rio Grande do Sul;México;Março;2026;2
Terrestre;Mato Grosso do Sul;México;Março;2026;30
Terrestre;Mato Grosso do Sul;México;Março;2026;35
Marítima;Rio de Janeiro;México;Março;2026;26
Marítima;São Paulo;México;Março;2026;80
Marítima;São Paulo;México;Março;2026;106
Marítima;Santa Catarina;México;Março;2026;4
Marítima;Santa Catarina;México;Março;2026;20
Marítima;Santa Catarina;México;Março;2026;4
Fluvial;Amapá;México;Março;2026;1
Aérea;Rio de Janeiro;Mônaco;Março;2026;1
Aérea;São Paulo;Mônaco;Março;2026;3
Aérea;Santa Catarina;Mônaco;Março;2026;1
Marítima;Rio de Janeiro;Mônaco;Março;2026;2
Aérea;Rio de Janeiro;Namíbia;Março;2026;1
Aérea;São Paulo;Namíbia;Março;2026;16
Aérea;Santa Catarina;Namíbia;Março;2026;1
Aérea;Rio de Janeiro;Nepal;Março;2026;1
Aérea;São Paulo;Nepal;Março;2026;7
Marítima;Rio de Janeiro;Nepal;Março;2026;1
Aérea;Amazonas;Nicarágua;Março;2026;1
Aérea;Pará;Nicarágua;Março;2026;1
Aérea;Bahia;Nicarágua;Março;2026;7
Aérea;Minas Gerais;Nicarágua;Março;2026;5
Aérea;Rio de Janeiro;Nicarágua;Março;2026;92
Aérea;São Paulo;Nicarágua;Março;2026;1
Aérea;São Paulo;Nicarágua;Março;2026;124
Aérea;Santa Catarina;Nicarágua;Março;2026;4
Aérea;Rio Grande do Sul;Nicarágua;Março;2026;6
Aérea;Distrito Federal;Nicarágua;Março;2026;6
Terrestre;Paraná;Nicarágua;Março;2026;2
Terrestre;Paraná;Nicarágua;Março;2026;3
Terrestre;Rio Grande do Sul;Nicarágua;Março;2026;3
Marítima;Rio de Janeiro;Nicarágua;Março;2026;10
Marítima;São Paulo;Nicarágua;Março;2026;2
Aérea;Bahia;Nigéria;Março;2026;1
Aérea;Rio de Janeiro;Nigéria;Março;2026;28
Aérea;São Paulo;Nigéria;Março;2026;137
Terrestre;Paraná;Nigéria;Março;2026;1
Aérea;Amazonas;Noruega;Março;2026;5
Aérea;Pará;Noruega;Março;2026;11
Aérea;Ceará;Noruega;Março;2026;94
Aérea;Rio Grande do Norte;Noruega;Março;2026;60
Aérea;Pernambuco;Noruega;Março;2026;17
Aérea;Alagoas;Noruega;Março;2026;3
Aérea;Bahia;Noruega;Março;2026;18
Aérea;Minas Gerais;Noruega;Março;2026;5
Aérea;Rio de Janeiro;Noruega;Março;2026;779
Aérea;São Paulo;Noruega;Março;2026;4
Aérea;São Paulo;Noruega;Março;2026;523
Aérea;Paraná;Noruega;Março;2026;3
Aérea;Santa Catarina;Noruega;Março;2026;30
Aérea;Rio Grande do Sul;Noruega;Março;2026;21
Aérea;Distrito Federal;Noruega;Março;2026;9
Terrestre;Amazonas;Noruega;Março;2026;1
Terrestre;Paraná;Noruega;Março;2026;1
Terrestre;Paraná;Noruega;Março;2026;121
Terrestre;Rio Grande do Sul;Noruega;Março;2026;2
Terrestre;Mato Grosso do Sul;Noruega;Março;2026;2
Marítima;Rio de Janeiro;Noruega;Março;2026;10
Marítima;Santa Catarina;Noruega;Março;2026;12
Marítima;Santa Catarina;Noruega;Março;2026;5
Fluvial;Rio Grande do Sul;Noruega;Março;2026;1
Aérea;Amazonas;Nova Zelândia;Março;2026;2
Aérea;Pernambuco;Nova Zelândia;Março;2026;2
Aérea;Bahia;Nova Zelândia;Março;2026;4
Aérea;Minas Gerais;Nova Zelândia;Março;2026;2
Aérea;Rio de Janeiro;Nova Zelândia;Março;2026;157
Aérea;São Paulo;Nova Zelândia;Março;2026;1498
Aérea;Paraná;Nova Zelândia;Março;2026;7
Aérea;Paraná;Nova Zelândia;Março;2026;5
Aérea;Santa Catarina;Nova Zelândia;Março;2026;50
Aérea;Rio Grande do Sul;Nova Zelândia;Março;2026;10
Aérea;Distrito Federal;Nova Zelândia;Março;2026;27
Terrestre;Acre;Nova Zelândia;Março;2026;2
Terrestre;Paraná;Nova Zelândia;Março;2026;8
Terrestre;Paraná;Nova Zelândia;Março;2026;186
Terrestre;Rio Grande do Sul;Nova Zelândia;Março;2026;2
Marítima;Pernambuco;Nova Zelândia;Março;2026;1
Marítima;Rio de Janeiro;Nova Zelândia;Março;2026;6
Marítima;São Paulo;Nova Zelândia;Março;2026;2
Marítima;Santa Catarina;Nova Zelândia;Março;2026;1
Marítima;Santa Catarina;Nova Zelândia;Março;2026;4
Aérea;Bahia;Níger;Março;2026;1
Aérea;São Paulo;Níger;Março;2026;3
Aérea;São Paulo;Omã;Março;2026;37
Aérea;São Paulo;Palau;Março;2026;2
Aérea;Rio de Janeiro;Palestina;Março;2026;1
Aérea;São Paulo;Palestina;Março;2026;39
Aérea;Amazonas;Panamá;Março;2026;8
Aérea;Pará;Panamá;Março;2026;1
Aérea;Bahia;Panamá;Março;2026;22
Aérea;Minas Gerais;Panamá;Março;2026;22
Aérea;Rio de Janeiro;Panamá;Março;2026;530
Aérea;São Paulo;Panamá;Março;2026;716
Aérea;Santa Catarina;Panamá;Março;2026;57
Aérea;Rio Grande do Sul;Panamá;Março;2026;61
Aérea;Distrito Federal;Panamá;Março;2026;66
Terrestre;Roraima;Panamá;Março;2026;1
Terrestre;Paraná;Panamá;Março;2026;6
Terrestre;Paraná;Panamá;Março;2026;7
Terrestre;Rio Grande do Sul;Panamá;Março;2026;3
Terrestre;Rio Grande do Sul;Panamá;Março;2026;2
Terrestre;Rio Grande do Sul;Panamá;Março;2026;1
Marítima;Rio de Janeiro;Panamá;Março;2026;3
Marítima;São Paulo;Panamá;Março;2026;10
Marítima;Santa Catarina;Panamá;Março;2026;17
Aérea;Pernambuco;Paquistão;Março;2026;1
Aérea;Rio de Janeiro;Paquistão;Março;2026;6
Aérea;São Paulo;Paquistão;Março;2026;55
Aérea;Rio Grande do Sul;Paquistão;Março;2026;1
Terrestre;Paraná;Paquistão;Março;2026;2
Terrestre;Paraná;Paquistão;Março;2026;1
Terrestre;Rio Grande do Sul;Paquistão;Março;2026;1
Aérea;Ceará;Paraguai;Março;2026;7
Aérea;Rio Grande do Norte;Paraguai;Março;2026;14
Aérea;Pernambuco;Paraguai;Março;2026;27
Aérea;Alagoas;Paraguai;Março;2026;8
Aérea;Bahia;Paraguai;Março;2026;6
Aérea;Bahia;Paraguai;Março;2026;26
Aérea;Rio de Janeiro;Paraguai;Março;2026;2
Aérea;Rio de Janeiro;Paraguai;Março;2026;3208
Aérea;São Paulo;Paraguai;Março;2026;25
Aérea;São Paulo;Paraguai;Março;2026;4805
Aérea;Paraná;Paraguai;Março;2026;83
Aérea;Paraná;Paraguai;Março;2026;31
Aérea;Santa Catarina;Paraguai;Março;2026;316
Aérea;Santa Catarina;Paraguai;Março;2026;12
Aérea;Rio Grande do Sul;Paraguai;Março;2026;14
Aérea;Mato Grosso do Sul;Paraguai;Março;2026;14
Aérea;Goiás;Paraguai;Março;2026;5
Aérea;Distrito Federal;Paraguai;Março;2026;15
Terrestre;Roraima;Paraguai;Março;2026;1
Terrestre;Paraná;Paraguai;Março;2026;5
Terrestre;Paraná;Paraguai;Março;2026;32500
Terrestre;Paraná;Paraguai;Março;2026;282
Terrestre;Paraná;Paraguai;Março;2026;2076
Terrestre;Paraná;Paraguai;Março;2026;534
Terrestre;Paraná;Paraguai;Março;2026;226
Terrestre;Paraná;Paraguai;Março;2026;2
Terrestre;Santa Catarina;Paraguai;Março;2026;340
Terrestre;Santa Catarina;Paraguai;Março;2026;49
Terrestre;Rio Grande do Sul;Paraguai;Março;2026;56
Terrestre;Rio Grande do Sul;Paraguai;Março;2026;21
Terrestre;Rio Grande do Sul;Paraguai;Março;2026;23
Terrestre;Rio Grande do Sul;Paraguai;Março;2026;5
Terrestre;Rio Grande do Sul;Paraguai;Março;2026;48
Terrestre;Rio Grande do Sul;Paraguai;Março;2026;494
Terrestre;Rio Grande do Sul;Paraguai;Março;2026;166
Terrestre;Mato Grosso do Sul;Paraguai;Março;2026;57
Terrestre;Mato Grosso do Sul;Paraguai;Março;2026;1638
Marítima;Rio de Janeiro;Paraguai;Março;2026;29
Marítima;São Paulo;Paraguai;Março;2026;13
Marítima;Santa Catarina;Paraguai;Março;2026;4
Marítima;Santa Catarina;Paraguai;Março;2026;16
Fluvial;Rio Grande do Sul;Paraguai;Março;2026;212
Fluvial;Rio Grande do Sul;Paraguai;Março;2026;149
Aérea;Santa Catarina;Países não especificados;Março;2026;1
Terrestre;Santa Catarina;Países não especificados;Março;2026;1
Aérea;Amazonas;Peru;Março;2026;36
Aérea;Pará;Peru;Março;2026;8
Aérea;Ceará;Peru;Março;2026;8
Aérea;Rio Grande do Norte;Peru;Março;2026;6
Aérea;Pernambuco;Peru;Março;2026;11
Aérea;Alagoas;Peru;Março;2026;5
Aérea;Bahia;Peru;Março;2026;2
Aérea;Bahia;Peru;Março;2026;20
Aérea;Minas Gerais;Peru;Março;2026;5
Aérea;Rio de Janeiro;Peru;Março;2026;1
Aérea;Rio de Janeiro;Peru;Março;2026;5430
Aérea;São Paulo;Peru;Março;2026;2
Aérea;São Paulo;Peru;Março;2026;9469
Aérea;Paraná;Peru;Março;2026;44
Aérea;Paraná;Peru;Março;2026;228
Aérea;Santa Catarina;Peru;Março;2026;546
Aérea;Rio Grande do Sul;Peru;Março;2026;234
Aérea;Mato Grosso do Sul;Peru;Março;2026;11
Aérea;Distrito Federal;Peru;Março;2026;706
Terrestre;Rondônia;Peru;Março;2026;2
Terrestre;Acre;Peru;Março;2026;1000
Terrestre;Acre;Peru;Março;2026;1
Terrestre;Acre;Peru;Março;2026;59
Terrestre;Amazonas;Peru;Março;2026;131
Terrestre;Roraima;Peru;Março;2026;1
Terrestre;Roraima;Peru;Março;2026;7
Terrestre;Amapá;Peru;Março;2026;18
Terrestre;Paraná;Peru;Março;2026;132
Terrestre;Paraná;Peru;Março;2026;1002
Terrestre;Paraná;Peru;Março;2026;2
Terrestre;Rio Grande do Sul;Peru;Março;2026;24
Terrestre;Rio Grande do Sul;Peru;Março;2026;9
Terrestre;Rio Grande do Sul;Peru;Março;2026;1
Terrestre;Rio Grande do Sul;Peru;Março;2026;7
Terrestre;Rio Grande do Sul;Peru;Março;2026;1
Terrestre;Rio Grande do Sul;Peru;Março;2026;27
Terrestre;Mato Grosso do Sul;Peru;Março;2026;93
Terrestre;Mato Grosso do Sul;Peru;Março;2026;2
Marítima;Rio Grande do Norte;Peru;Março;2026;1
Marítima;Rio de Janeiro;Peru;Março;2026;23
Marítima;São Paulo;Peru;Março;2026;38
Marítima;Santa Catarina;Peru;Março;2026;12
Marítima;Santa Catarina;Peru;Março;2026;1
Marítima;Santa Catarina;Peru;Março;2026;397
Fluvial;Amapá;Peru;Março;2026;4
Aérea;Amazonas;Polônia;Março;2026;4
Aérea;Ceará;Polônia;Março;2026;30
Aérea;Rio Grande do Norte;Polônia;Março;2026;8
Aérea;Pernambuco;Polônia;Março;2026;34
Aérea;Alagoas;Polônia;Março;2026;1
Aérea;Bahia;Polônia;Março;2026;37
Aérea;Minas Gerais;Polônia;Março;2026;14
Aérea;Rio de Janeiro;Polônia;Março;2026;1710
Aérea;São Paulo;Polônia;Março;2026;27
Aérea;São Paulo;Polônia;Março;2026;1290
Aérea;Paraná;Polônia;Março;2026;6
Aérea;Santa Catarina;Polônia;Março;2026;15
Aérea;Rio Grande do Sul;Polônia;Março;2026;6
Aérea;Distrito Federal;Polônia;Março;2026;15
Terrestre;Rondônia;Polônia;Março;2026;1
Terrestre;Roraima;Polônia;Março;2026;2
Terrestre;Paraná;Polônia;Março;2026;53
Terrestre;Paraná;Polônia;Março;2026;602
Terrestre;Paraná;Polônia;Março;2026;5
Terrestre;Santa Catarina;Polônia;Março;2026;1
Terrestre;Rio Grande do Sul;Polônia;Março;2026;4
Terrestre;Rio Grande do Sul;Polônia;Março;2026;2
Terrestre;Rio Grande do Sul;Polônia;Março;2026;1
Terrestre;Rio Grande do Sul;Polônia;Março;2026;2
Terrestre;Mato Grosso do Sul;Polônia;Março;2026;2
Marítima;Pernambuco;Polônia;Março;2026;6
Marítima;Rio de Janeiro;Polônia;Março;2026;2
Marítima;Rio de Janeiro;Polônia;Março;2026;13
Marítima;São Paulo;Polônia;Março;2026;2
Marítima;São Paulo;Polônia;Março;2026;4
Marítima;Santa Catarina;Polônia;Março;2026;2
Fluvial;Amapá;Polônia;Março;2026;1
Terrestre;Rio Grande do Sul;Porto Rico;Março;2026;2
Aérea;Amazonas;Portugal;Março;2026;180
Aérea;Roraima;Portugal;Março;2026;1
Aérea;Pará;Portugal;Março;2026;324
Aérea;Ceará;Portugal;Março;2026;4834
Aérea;Rio Grande do Norte;Portugal;Março;2026;1036
Aérea;Pernambuco;Portugal;Março;2026;4938
Aérea;Alagoas;Portugal;Março;2026;450
Aérea;Bahia;Portugal;Março;2026;1
Aérea;Bahia;Portugal;Março;2026;4294
Aérea;Minas Gerais;Portugal;Março;2026;3260
Aérea;Rio de Janeiro;Portugal;Março;2026;9008
Aérea;São Paulo;Portugal;Março;2026;4253
Aérea;São Paulo;Portugal;Março;2026;11719
Aérea;Paraná;Portugal;Março;2026;6
Aérea;Santa Catarina;Portugal;Março;2026;460
Aérea;Rio Grande do Sul;Portugal;Março;2026;245
Aérea;Distrito Federal;Portugal;Março;2026;1500
Terrestre;Roraima;Portugal;Março;2026;2
Terrestre;Amapá;Portugal;Março;2026;6
Terrestre;Paraná;Portugal;Março;2026;16
Terrestre;Paraná;Portugal;Março;2026;115
Terrestre;Santa Catarina;Portugal;Março;2026;1
Terrestre;Rio Grande do Sul;Portugal;Março;2026;7
Terrestre;Rio Grande do Sul;Portugal;Março;2026;1
Terrestre;Rio Grande do Sul;Portugal;Março;2026;3
Terrestre;Rio Grande do Sul;Portugal;Março;2026;1
Terrestre;Mato Grosso do Sul;Portugal;Março;2026;5
Marítima;Pernambuco;Portugal;Março;2026;2
Marítima;Rio de Janeiro;Portugal;Março;2026;13
Marítima;São Paulo;Portugal;Março;2026;42
Marítima;São Paulo;Portugal;Março;2026;5
Marítima;Santa Catarina;Portugal;Março;2026;10
Marítima;Santa Catarina;Portugal;Março;2026;15
Aérea;Amazonas;Quirguistão;Março;2026;1
Aérea;Minas Gerais;Quirguistão;Março;2026;1
Aérea;São Paulo;Quirguistão;Março;2026;13
Marítima;Rio de Janeiro;Quirguistão;Março;2026;4
Aérea;Pará;Quênia;Março;2026;1
Aérea;Rio de Janeiro;Quênia;Março;2026;26
Aérea;São Paulo;Quênia;Março;2026;122
Aérea;Amazonas;Reino Unido;Março;2026;46
Aérea;Pará;Reino Unido;Março;2026;35
Aérea;Ceará;Reino Unido;Março;2026;163
Aérea;Rio Grande do Norte;Reino Unido;Março;2026;54
Aérea;Paraíba;Reino Unido;Março;2026;1
Aérea;Pernambuco;Reino Unido;Março;2026;162
Aérea;Alagoas;Reino Unido;Março;2026;6
Aérea;Bahia;Reino Unido;Março;2026;1
Aérea;Bahia;Reino Unido;Março;2026;266
Aérea;Minas Gerais;Reino Unido;Março;2026;390
Aérea;Rio de Janeiro;Reino Unido;Março;2026;6931
Aérea;São Paulo;Reino Unido;Março;2026;127
Aérea;São Paulo;Reino Unido;Março;2026;13532
Aérea;Paraná;Reino Unido;Março;2026;8
Aérea;Paraná;Reino Unido;Março;2026;8
Aérea;Santa Catarina;Reino Unido;Março;2026;127
Aérea;Rio Grande do Sul;Reino Unido;Março;2026;225
Aérea;Mato Grosso do Sul;Reino Unido;Março;2026;1
Aérea;Distrito Federal;Reino Unido;Março;2026;65
Terrestre;Acre;Reino Unido;Março;2026;1
Terrestre;Acre;Reino Unido;Março;2026;2
Terrestre;Amazonas;Reino Unido;Março;2026;6
Terrestre;Roraima;Reino Unido;Março;2026;14
Terrestre;Paraná;Reino Unido;Março;2026;2
Terrestre;Paraná;Reino Unido;Março;2026;80
Terrestre;Paraná;Reino Unido;Março;2026;2619
Terrestre;Santa Catarina;Reino Unido;Março;2026;2
Terrestre;Rio Grande do Sul;Reino Unido;Março;2026;13
Terrestre;Rio Grande do Sul;Reino Unido;Março;2026;5
Terrestre;Rio Grande do Sul;Reino Unido;Março;2026;1
Terrestre;Mato Grosso do Sul;Reino Unido;Março;2026;3
Terrestre;Mato Grosso do Sul;Reino Unido;Março;2026;1
Terrestre;Mato Grosso;Reino Unido;Março;2026;3
Marítima;Pernambuco;Reino Unido;Março;2026;7
Marítima;Pernambuco;Reino Unido;Março;2026;4
Marítima;Rio de Janeiro;Reino Unido;Março;2026;134
Marítima;São Paulo;Reino Unido;Março;2026;27
Marítima;São Paulo;Reino Unido;Março;2026;263
Marítima;Santa Catarina;Reino Unido;Março;2026;95
Marítima;Santa Catarina;Reino Unido;Março;2026;198
Marítima;Santa Catarina;Reino Unido;Março;2026;10
Fluvial;Rio Grande do Sul;Reino Unido;Março;2026;2
Fluvial;Rio Grande do Sul;Reino Unido;Março;2026;2
Aérea;São Paulo;República Centro Africana;Março;2026;1
Aérea;Pará;República Democrática do Congo;Março;2026;1
Aérea;Minas Gerais;República Democrática do Congo;Março;2026;2
Aérea;Rio de Janeiro;República Democrática do Congo;Março;2026;3
Aérea;São Paulo;República Democrática do Congo;Março;2026;91
Aérea;Distrito Federal;República Democrática do Congo;Março;2026;2
Aérea;Amazonas;República Dominicana;Março;2026;9
Aérea;Pará;República Dominicana;Março;2026;4
Aérea;Ceará;República Dominicana;Março;2026;1
Aérea;Bahia;República Dominicana;Março;2026;7
Aérea;Minas Gerais;República Dominicana;Março;2026;7
Aérea;Rio de Janeiro;República Dominicana;Março;2026;238
Aérea;São Paulo;República Dominicana;Março;2026;1175
Aérea;Paraná;República Dominicana;Março;2026;4
Aérea;Santa Catarina;República Dominicana;Março;2026;14
Aérea;Rio Grande do Sul;República Dominicana;Março;2026;50
Aérea;Distrito Federal;República Dominicana;Março;2026;21
Terrestre;Acre;República Dominicana;Março;2026;2
Terrestre;Amazonas;República Dominicana;Março;2026;2
Terrestre;Roraima;República Dominicana;Março;2026;1
Terrestre;Roraima;República Dominicana;Março;2026;1
Terrestre;Amapá;República Dominicana;Março;2026;16
Terrestre;Paraná;República Dominicana;Março;2026;2
Terrestre;Paraná;República Dominicana;Março;2026;28
Terrestre;Rio Grande do Sul;República Dominicana;Março;2026;2
Terrestre;Rio Grande do Sul;República Dominicana;Março;2026;2
Terrestre;Rio Grande do Sul;República Dominicana;Março;2026;4
Terrestre;Rio Grande do Sul;República Dominicana;Março;2026;5
Terrestre;Mato Grosso do Sul;República Dominicana;Março;2026;1
Marítima;Rio de Janeiro;República Dominicana;Março;2026;1
Marítima;São Paulo;República Dominicana;Março;2026;7
Marítima;São Paulo;República Dominicana;Março;2026;2
Marítima;Santa Catarina;República Dominicana;Março;2026;1
Marítima;Santa Catarina;República Dominicana;Março;2026;8
Fluvial;Amapá;República Dominicana;Março;2026;1
Aérea;Amazonas;República Tcheca;Março;2026;73
Aérea;Ceará;República Tcheca;Março;2026;5
Aérea;Rio Grande do Norte;República Tcheca;Março;2026;3
Aérea;Pernambuco;República Tcheca;Março;2026;19
Aérea;Bahia;República Tcheca;Março;2026;57
Aérea;Minas Gerais;República Tcheca;Março;2026;2
Aérea;Rio de Janeiro;República Tcheca;Março;2026;538
Aérea;São Paulo;República Tcheca;Março;2026;3
Aérea;São Paulo;República Tcheca;Março;2026;243
Aérea;Paraná;República Tcheca;Março;2026;1
Aérea;Santa Catarina;República Tcheca;Março;2026;4
Aérea;Rio Grande do Sul;República Tcheca;Março;2026;4
Aérea;Distrito Federal;República Tcheca;Março;2026;5
Terrestre;Acre;República Tcheca;Março;2026;1
Terrestre;Amazonas;República Tcheca;Março;2026;1
Terrestre;Paraná;República Tcheca;Março;2026;23
Terrestre;Paraná;República Tcheca;Março;2026;93
Terrestre;Rio Grande do Sul;República Tcheca;Março;2026;1
Marítima;Rio de Janeiro;República Tcheca;Março;2026;7
Marítima;Santa Catarina;República Tcheca;Março;2026;1
Aérea;Amazonas;República da Coreia;Março;2026;9
Aérea;Pará;República da Coreia;Março;2026;1
Aérea;Ceará;República da Coreia;Março;2026;3
Aérea;Pernambuco;República da Coreia;Março;2026;1
Aérea;Minas Gerais;República da Coreia;Março;2026;2
Aérea;Rio de Janeiro;República da Coreia;Março;2026;349
Aérea;São Paulo;República da Coreia;Março;2026;5
Aérea;São Paulo;República da Coreia;Março;2026;2266
Aérea;Paraná;República da Coreia;Março;2026;15
Aérea;Paraná;República da Coreia;Março;2026;3
Aérea;Santa Catarina;República da Coreia;Março;2026;3
Aérea;Rio Grande do Sul;República da Coreia;Março;2026;1
Aérea;Distrito Federal;República da Coreia;Março;2026;4
Terrestre;Amazonas;República da Coreia;Março;2026;1
Terrestre;Roraima;República da Coreia;Março;2026;1
Terrestre;Paraná;República da Coreia;Março;2026;53
Terrestre;Paraná;República da Coreia;Março;2026;1363
Terrestre;Paraná;República da Coreia;Março;2026;1
Terrestre;Rio Grande do Sul;República da Coreia;Março;2026;1
Terrestre;Mato Grosso do Sul;República da Coreia;Março;2026;2
Marítima;Rio de Janeiro;República da Coreia;Março;2026;3
Marítima;São Paulo;República da Coreia;Março;2026;1
Marítima;Santa Catarina;República da Coreia;Março;2026;4
Aérea;Rio de Janeiro;República do Kosovo;Março;2026;5
Aérea;São Paulo;República do Kosovo;Março;2026;1
Aérea;São Paulo;República do Kosovo;Março;2026;9
Aérea;Amazonas;Romênia;Março;2026;4
Aérea;Pará;Romênia;Março;2026;5
Aérea;Ceará;Romênia;Março;2026;12
Aérea;Rio Grande do Norte;Romênia;Março;2026;4
Aérea;Pernambuco;Romênia;Março;2026;11
Aérea;Bahia;Romênia;Março;2026;11
Aérea;Minas Gerais;Romênia;Março;2026;4
Aérea;Rio de Janeiro;Romênia;Março;2026;350
Aérea;São Paulo;Romênia;Março;2026;29
Aérea;São Paulo;Romênia;Março;2026;748
Aérea;Santa Catarina;Romênia;Março;2026;13
Aérea;Rio Grande do Sul;Romênia;Março;2026;2
Aérea;Distrito Federal;Romênia;Março;2026;9
Terrestre;Paraná;Romênia;Março;2026;18
Terrestre;Paraná;Romênia;Março;2026;272
Terrestre;Rio Grande do Sul;Romênia;Março;2026;4
Terrestre;Rio Grande do Sul;Romênia;Março;2026;1
Terrestre;Mato Grosso do Sul;Romênia;Março;2026;1
Marítima;Espírito Santo;Romênia;Março;2026;2
Marítima;Rio de Janeiro;Romênia;Março;2026;2
Marítima;Rio de Janeiro;Romênia;Março;2026;15
Marítima;São Paulo;Romênia;Março;2026;7
Marítima;São Paulo;Romênia;Março;2026;38
Marítima;Santa Catarina;Romênia;Março;2026;20
Marítima;Santa Catarina;Romênia;Março;2026;11
Marítima;Rio Grande do Sul;Romênia;Março;2026;1
Aérea;Rio de Janeiro;Ruanda;Março;2026;4
Aérea;São Paulo;Ruanda;Março;2026;5
Aérea;Distrito Federal;Ruanda;Março;2026;1
Aérea;Amazonas;Rússia;Março;2026;9
Aérea;Ceará;Rússia;Março;2026;7
Aérea;Rio Grande do Norte;Rússia;Março;2026;4
Aérea;Paraíba;Rússia;Março;2026;2
Aérea;Pernambuco;Rússia;Março;2026;2
Aérea;Alagoas;Rússia;Março;2026;2
Aérea;Bahia;Rússia;Março;2026;11
Aérea;Minas Gerais;Rússia;Março;2026;5
Aérea;Rio de Janeiro;Rússia;Março;2026;486
Aérea;São Paulo;Rússia;Março;2026;13
Aérea;São Paulo;Rússia;Março;2026;2274
Aérea;Paraná;Rússia;Março;2026;8
Aérea;Paraná;Rússia;Março;2026;3
Aérea;Santa Catarina;Rússia;Março;2026;82
Aérea;Rio Grande do Sul;Rússia;Março;2026;5
Aérea;Distrito Federal;Rússia;Março;2026;10
Terrestre;Acre;Rússia;Março;2026;1
Terrestre;Amazonas;Rússia;Março;2026;21
Terrestre;Roraima;Rússia;Março;2026;1
Terrestre;Roraima;Rússia;Março;2026;3
Terrestre;Amapá;Rússia;Março;2026;5
Terrestre;Paraná;Rússia;Março;2026;77
Terrestre;Paraná;Rússia;Março;2026;434
Terrestre;Rio Grande do Sul;Rússia;Março;2026;11
Terrestre;Rio Grande do Sul;Rússia;Março;2026;3
Terrestre;Rio Grande do Sul;Rússia;Março;2026;1
Terrestre;Rio Grande do Sul;Rússia;Março;2026;4
Marítima;Rio de Janeiro;Rússia;Março;2026;1
Marítima;Rio de Janeiro;Rússia;Março;2026;34
Marítima;São Paulo;Rússia;Março;2026;78
Marítima;São Paulo;Rússia;Março;2026;187
Marítima;Santa Catarina;Rússia;Março;2026;18
Aérea;São Paulo;Samoa;Março;2026;1
Aérea;Ceará;San Marino;Março;2026;1
Aérea;Bahia;San Marino;Março;2026;1
Aérea;Rio de Janeiro;San Marino;Março;2026;2
Aérea;São Paulo;San Marino;Março;2026;5
Aérea;Rio de Janeiro;Santa Lúcia;Março;2026;7
Aérea;São Paulo;Santa Lúcia;Março;2026;9
Aérea;Distrito Federal;Santa Lúcia;Março;2026;3
Terrestre;Paraná;Santa Lúcia;Março;2026;2
Aérea;Rio de Janeiro;Seichelles;Março;2026;2
Aérea;Rio de Janeiro;Senegal;Março;2026;3
Aérea;São Paulo;Senegal;Março;2026;18
Aérea;São Paulo;Serra Leoa;Março;2026;1
Aérea;Rio de Janeiro;Somália;Março;2026;1
Aérea;São Paulo;Somália;Março;2026;2
Aérea;Rio de Janeiro;Sri Lanka;Março;2026;3
Aérea;São Paulo;Sri Lanka;Março;2026;9
Aérea;São Paulo;Suazilândia;Março;2026;2
Aérea;Bahia;Sudão;Março;2026;1
Aérea;Rio de Janeiro;Sudão;Março;2026;1
Aérea;São Paulo;Sudão;Março;2026;6
Aérea;São Paulo;Sudão do Sul;Março;2026;30
Aérea;Amazonas;Suriname;Março;2026;2
Aérea;Pará;Suriname;Março;2026;882
Aérea;Rio de Janeiro;Suriname;Março;2026;12
Aérea;São Paulo;Suriname;Março;2026;27
Aérea;Distrito Federal;Suriname;Março;2026;2
Terrestre;Roraima;Suriname;Março;2026;2
Terrestre;Amapá;Suriname;Março;2026;15
Terrestre;Paraná;Suriname;Março;2026;1
Terrestre;Paraná;Suriname;Março;2026;1
Aérea;Amazonas;Suécia;Março;2026;2
Aérea;Pará;Suécia;Março;2026;4
Aérea;Ceará;Suécia;Março;2026;42
Aérea;Rio Grande do Norte;Suécia;Março;2026;17
Aérea;Pernambuco;Suécia;Março;2026;32
Aérea;Alagoas;Suécia;Março;2026;1
Aérea;Bahia;Suécia;Março;2026;1
Aérea;Bahia;Suécia;Março;2026;22
Aérea;Minas Gerais;Suécia;Março;2026;6
Aérea;Rio de Janeiro;Suécia;Março;2026;961
Aérea;São Paulo;Suécia;Março;2026;11
Aérea;São Paulo;Suécia;Março;2026;1982
Aérea;São Paulo;Suécia;Março;2026;1
Aérea;Paraná;Suécia;Março;2026;1
Aérea;Paraná;Suécia;Março;2026;2
Aérea;Santa Catarina;Suécia;Março;2026;20
Aérea;Rio Grande do Sul;Suécia;Março;2026;16
Aérea;Distrito Federal;Suécia;Março;2026;13
Terrestre;Roraima;Suécia;Março;2026;1
Terrestre;Paraná;Suécia;Março;2026;6
Terrestre;Paraná;Suécia;Março;2026;97
Terrestre;Rio Grande do Sul;Suécia;Março;2026;1
Terrestre;Rio Grande do Sul;Suécia;Março;2026;3
Terrestre;Rio Grande do Sul;Suécia;Março;2026;4
Terrestre;Rio Grande do Sul;Suécia;Março;2026;1
Terrestre;Rio Grande do Sul;Suécia;Março;2026;1
Marítima;Pernambuco;Suécia;Março;2026;2
Marítima;Rio de Janeiro;Suécia;Março;2026;5
Marítima;São Paulo;Suécia;Março;2026;2
Marítima;São Paulo;Suécia;Março;2026;1
Marítima;Santa Catarina;Suécia;Março;2026;3
Marítima;Santa Catarina;Suécia;Março;2026;2
Aérea;Amazonas;Suíça;Março;2026;16
Aérea;Pará;Suíça;Março;2026;8
Aérea;Ceará;Suíça;Março;2026;117
Aérea;Rio Grande do Norte;Suíça;Março;2026;48
Aérea;Pernambuco;Suíça;Março;2026;151
Aérea;Alagoas;Suíça;Março;2026;11
Aérea;Bahia;Suíça;Março;2026;1
Aérea;Bahia;Suíça;Março;2026;257
Aérea;Minas Gerais;Suíça;Março;2026;86
Aérea;Rio de Janeiro;Suíça;Março;2026;1372
Aérea;São Paulo;Suíça;Março;2026;10
Aérea;São Paulo;Suíça;Março;2026;2898
Aérea;São Paulo;Suíça;Março;2026;2
Aérea;Paraná;Suíça;Março;2026;4
Aérea;Paraná;Suíça;Março;2026;6
Aérea;Santa Catarina;Suíça;Março;2026;51
Aérea;Rio Grande do Sul;Suíça;Março;2026;22
Aérea;Distrito Federal;Suíça;Março;2026;84
Terrestre;Rondônia;Suíça;Março;2026;1
Terrestre;Acre;Suíça;Março;2026;3
Terrestre;Amazonas;Suíça;Março;2026;9
Terrestre;Roraima;Suíça;Março;2026;1
Terrestre;Amapá;Suíça;Março;2026;1
Terrestre;Paraná;Suíça;Março;2026;56
Terrestre;Paraná;Suíça;Março;2026;287
Terrestre;Paraná;Suíça;Março;2026;2
Terrestre;Paraná;Suíça;Março;2026;1
Terrestre;Santa Catarina;Suíça;Março;2026;4
Terrestre;Rio Grande do Sul;Suíça;Março;2026;8
Terrestre;Rio Grande do Sul;Suíça;Março;2026;1
Terrestre;Rio Grande do Sul;Suíça;Março;2026;3
Terrestre;Rio Grande do Sul;Suíça;Março;2026;2
Terrestre;Mato Grosso do Sul;Suíça;Março;2026;2
Marítima;Pernambuco;Suíça;Março;2026;5
Marítima;Rio de Janeiro;Suíça;Março;2026;113
Marítima;São Paulo;Suíça;Março;2026;3
Marítima;São Paulo;Suíça;Março;2026;2
Marítima;Santa Catarina;Suíça;Março;2026;24
Marítima;Santa Catarina;Suíça;Março;2026;6
Marítima;Santa Catarina;Suíça;Março;2026;1
Aérea;Rio de Janeiro;São Cristóvão e Nevis;Março;2026;6
Aérea;São Paulo;São Cristóvão e Nevis;Março;2026;17
Aérea;Distrito Federal;São Cristóvão e Nevis;Março;2026;2
Terrestre;Paraná;São Cristóvão e Nevis;Março;2026;1
Terrestre;Paraná;São Cristóvão e Nevis;Março;2026;2
Aérea;Bahia;São Tome e Príncipe;Março;2026;3
Aérea;Minas Gerais;São Tome e Príncipe;Março;2026;1
Aérea;Rio de Janeiro;São Tome e Príncipe;Março;2026;1
Aérea;São Paulo;São Tome e Príncipe;Março;2026;1
Aérea;São Paulo;São Tome e Príncipe;Março;2026;5
Aérea;Distrito Federal;São Tome e Príncipe;Março;2026;3
Aérea;Rio de Janeiro;São Vicente e Granadinas;Março;2026;4
Aérea;São Paulo;São Vicente e Granadinas;Março;2026;2
Aérea;Distrito Federal;São Vicente e Granadinas;Março;2026;3
Marítima;Rio de Janeiro;São Vicente e Granadinas;Março;2026;1
Aérea;Ceará;Sérvia;Março;2026;5
Aérea;Pernambuco;Sérvia;Março;2026;6
Aérea;Bahia;Sérvia;Março;2026;1
Aérea;Bahia;Sérvia;Março;2026;5
Aérea;Minas Gerais;Sérvia;Março;2026;3
Aérea;Rio de Janeiro;Sérvia;Março;2026;233
Aérea;São Paulo;Sérvia;Março;2026;5
Aérea;São Paulo;Sérvia;Março;2026;104
Aérea;Paraná;Sérvia;Março;2026;2
Aérea;Santa Catarina;Sérvia;Março;2026;2
Aérea;Rio Grande do Sul;Sérvia;Março;2026;1
Aérea;Distrito Federal;Sérvia;Março;2026;1
Terrestre;Paraná;Sérvia;Março;2026;47
Terrestre;Rio Grande do Sul;Sérvia;Março;2026;2
Marítima;Rio de Janeiro;Sérvia;Março;2026;1
Marítima;São Paulo;Sérvia;Março;2026;5
Marítima;Santa Catarina;Sérvia;Março;2026;1
Aérea;Pará;Síria;Março;2026;1
Aérea;Rio de Janeiro;Síria;Março;2026;3
Aérea;São Paulo;Síria;Março;2026;45
Aérea;Distrito Federal;Síria;Março;2026;1
Terrestre;Paraná;Síria;Março;2026;1
Aérea;Pernambuco;Tailândia;Março;2026;1
Aérea;Bahia;Tailândia;Março;2026;1
Aérea;Rio de Janeiro;Tailândia;Março;2026;63
Aérea;São Paulo;Tailândia;Março;2026;346
Aérea;Paraná;Tailândia;Março;2026;2
Aérea;Rio Grande do Sul;Tailândia;Março;2026;1
Aérea;Distrito Federal;Tailândia;Março;2026;1
Terrestre;Paraná;Tailândia;Março;2026;1
Terrestre;Paraná;Tailândia;Março;2026;41
Marítima;São Paulo;Tailândia;Março;2026;1
Aérea;Amazonas;Taiwan;Março;2026;2
Aérea;Bahia;Taiwan;Março;2026;7
Aérea;Rio de Janeiro;Taiwan;Março;2026;78
Aérea;São Paulo;Taiwan;Março;2026;3
Aérea;São Paulo;Taiwan;Março;2026;318
Aérea;Paraná;Taiwan;Março;2026;1
Aérea;Rio Grande do Sul;Taiwan;Março;2026;3
Aérea;Distrito Federal;Taiwan;Março;2026;1
Terrestre;Paraná;Taiwan;Março;2026;12
Terrestre;Paraná;Taiwan;Março;2026;144
Terrestre;Paraná;Taiwan;Março;2026;3
Marítima;São Paulo;Taiwan;Março;2026;2
Aérea;Rio de Janeiro;Tanzânia;Março;2026;6
Aérea;São Paulo;Tanzânia;Março;2026;32
Aérea;Distrito Federal;Tanzânia;Março;2026;1
Aérea;Rio de Janeiro;Togo;Março;2026;2
Aérea;São Paulo;Togo;Março;2026;12
Aérea;Rio de Janeiro;Trinidad e Tobago;Março;2026;85
Aérea;São Paulo;Trinidad e Tobago;Março;2026;1
Aérea;São Paulo;Trinidad e Tobago;Março;2026;51
Aérea;Distrito Federal;Trinidad e Tobago;Março;2026;3
Terrestre;Roraima;Trinidad e Tobago;Março;2026;14
Terrestre;Roraima;Trinidad e Tobago;Março;2026;1
Terrestre;Paraná;Trinidad e Tobago;Março;2026;9
Marítima;São Paulo;Trinidad e Tobago;Março;2026;3
Marítima;São Paulo;Trinidad e Tobago;Março;2026;2
Aérea;Amazonas;Tunísia;Março;2026;1
Aérea;Pará;Tunísia;Março;2026;1
Aérea;Ceará;Tunísia;Março;2026;5
Aérea;Bahia;Tunísia;Março;2026;1
Aérea;Rio de Janeiro;Tunísia;Março;2026;48
Aérea;São Paulo;Tunísia;Março;2026;267
Aérea;Santa Catarina;Tunísia;Março;2026;1
Terrestre;Paraná;Tunísia;Março;2026;4
Marítima;São Paulo;Tunísia;Março;2026;6
Aérea;Ceará;Turquia;Março;2026;1
Aérea;Pernambuco;Turquia;Março;2026;4
Aérea;Bahia;Turquia;Março;2026;7
Aérea;Minas Gerais;Turquia;Março;2026;2
Aérea;Rio de Janeiro;Turquia;Março;2026;222
Aérea;São Paulo;Turquia;Março;2026;14
Aérea;São Paulo;Turquia;Março;2026;1576
Aérea;Paraná;Turquia;Março;2026;1
Aérea;Santa Catarina;Turquia;Março;2026;3
Aérea;Rio Grande do Sul;Turquia;Março;2026;3
Terrestre;Paraná;Turquia;Março;2026;7
Terrestre;Paraná;Turquia;Março;2026;231
Terrestre;Rio Grande do Sul;Turquia;Março;2026;1
Terrestre;Rio Grande do Sul;Turquia;Março;2026;1
Terrestre;Mato Grosso do Sul;Turquia;Março;2026;1
Marítima;Rio de Janeiro;Turquia;Março;2026;45
Marítima;São Paulo;Turquia;Março;2026;4
Fluvial;Rio Grande do Sul;Turquia;Março;2026;1
Aérea;Amazonas;Ucrânia;Março;2026;2
Aérea;Pará;Ucrânia;Março;2026;4
Aérea;Ceará;Ucrânia;Março;2026;12
Aérea;Rio Grande do Norte;Ucrânia;Março;2026;1
Aérea;Pernambuco;Ucrânia;Março;2026;5
Aérea;Alagoas;Ucrânia;Março;2026;1
Aérea;Bahia;Ucrânia;Março;2026;7
Aérea;Minas Gerais;Ucrânia;Março;2026;1
Aérea;Rio de Janeiro;Ucrânia;Março;2026;1
Aérea;Rio de Janeiro;Ucrânia;Março;2026;250
Aérea;São Paulo;Ucrânia;Março;2026;14
Aérea;São Paulo;Ucrânia;Março;2026;239
Aérea;Santa Catarina;Ucrânia;Março;2026;32
Aérea;Rio Grande do Sul;Ucrânia;Março;2026;3
Aérea;Distrito Federal;Ucrânia;Março;2026;5
Terrestre;Amazonas;Ucrânia;Março;2026;1
Terrestre;Paraná;Ucrânia;Março;2026;8
Terrestre;Paraná;Ucrânia;Março;2026;59
Terrestre;Rio Grande do Sul;Ucrânia;Março;2026;2
Terrestre;Rio Grande do Sul;Ucrânia;Março;2026;1
Marítima;Rio de Janeiro;Ucrânia;Março;2026;3
Marítima;Rio de Janeiro;Ucrânia;Março;2026;17
Marítima;São Paulo;Ucrânia;Março;2026;5
Marítima;Santa Catarina;Ucrânia;Março;2026;1
Aérea;Rio de Janeiro;Uganda;Março;2026;3
Aérea;São Paulo;Uganda;Março;2026;17
Terrestre;Rio Grande do Sul;Uganda;Março;2026;1
Terrestre;Rio Grande do Sul;Uganda;Março;2026;3
Terrestre;Rio Grande do Sul;Uganda;Março;2026;1
Aérea;Roraima;Uruguai;Março;2026;1
Aérea;Ceará;Uruguai;Março;2026;497
Aérea;Rio Grande do Norte;Uruguai;Março;2026;475
Aérea;Pernambuco;Uruguai;Março;2026;1921
Aérea;Alagoas;Uruguai;Março;2026;346
Aérea;Bahia;Uruguai;Março;2026;371
Aérea;Bahia;Uruguai;Março;2026;2382
Aérea;Minas Gerais;Uruguai;Março;2026;91
Aérea;Rio de Janeiro;Uruguai;Março;2026;375
Aérea;Rio de Janeiro;Uruguai;Março;2026;11253
Aérea;São Paulo;Uruguai;Março;2026;102
Aérea;São Paulo;Uruguai;Março;2026;6907
Aérea;São Paulo;Uruguai;Março;2026;6
Aérea;Paraná;Uruguai;Março;2026;4
Aérea;Paraná;Uruguai;Março;2026;10
Aérea;Santa Catarina;Uruguai;Março;2026;990
Aérea;Rio Grande do Sul;Uruguai;Março;2026;70
Aérea;Mato Grosso do Sul;Uruguai;Março;2026;2
Aérea;Distrito Federal;Uruguai;Março;2026;28
Terrestre;Amazonas;Uruguai;Março;2026;1
Terrestre;Roraima;Uruguai;Março;2026;2
Terrestre;Paraná;Uruguai;Março;2026;3
Terrestre;Paraná;Uruguai;Março;2026;131
Terrestre;Paraná;Uruguai;Março;2026;2435
Terrestre;Paraná;Uruguai;Março;2026;2
Terrestre;Paraná;Uruguai;Março;2026;1
Terrestre;Santa Catarina;Uruguai;Março;2026;11
Terrestre;Santa Catarina;Uruguai;Março;2026;3
Terrestre;Rio Grande do Sul;Uruguai;Março;2026;1628
Terrestre;Rio Grande do Sul;Uruguai;Março;2026;2
Terrestre;Rio Grande do Sul;Uruguai;Março;2026;23974
Terrestre;Rio Grande do Sul;Uruguai;Março;2026;29027
Terrestre;Rio Grande do Sul;Uruguai;Março;2026;1482
Terrestre;Rio Grande do Sul;Uruguai;Março;2026;7919
Terrestre;Rio Grande do Sul;Uruguai;Março;2026;2
Terrestre;Rio Grande do Sul;Uruguai;Março;2026;35
Terrestre;Rio Grande do Sul;Uruguai;Março;2026;377
Terrestre;Mato Grosso do Sul;Uruguai;Março;2026;3
Terrestre;Mato Grosso do Sul;Uruguai;Março;2026;1
Marítima;Bahia;Uruguai;Março;2026;16
Marítima;Rio de Janeiro;Uruguai;Março;2026;520
Marítima;São Paulo;Uruguai;Março;2026;23
Marítima;Santa Catarina;Uruguai;Março;2026;96
Marítima;Santa Catarina;Uruguai;Março;2026;323
Marítima;Rio Grande do Sul;Uruguai;Março;2026;30
Fluvial;Rio Grande do Sul;Uruguai;Março;2026;17
Fluvial;Rio Grande do Sul;Uruguai;Março;2026;4
Aérea;Rio de Janeiro;Uzbequistão;Março;2026;3
Aérea;São Paulo;Uzbequistão;Março;2026;26
Terrestre;Paraná;Uzbequistão;Março;2026;3
Terrestre;Rio Grande do Sul;Uzbequistão;Março;2026;1
Aérea;Rio de Janeiro;Vanuatu;Março;2026;1
Aérea;São Paulo;Vaticano;Março;2026;1
Marítima;São Paulo;Vaticano;Março;2026;1
Aérea;Amazonas;Venezuela;Março;2026;39
Aérea;Roraima;Venezuela;Março;2026;98
Aérea;Pará;Venezuela;Março;2026;7
Aérea;Ceará;Venezuela;Março;2026;24
Aérea;Rio Grande do Norte;Venezuela;Março;2026;12
Aérea;Pernambuco;Venezuela;Março;2026;21
Aérea;Alagoas;Venezuela;Março;2026;8
Aérea;Bahia;Venezuela;Março;2026;4
Aérea;Bahia;Venezuela;Março;2026;28
Aérea;Minas Gerais;Venezuela;Março;2026;25
Aérea;Rio de Janeiro;Venezuela;Março;2026;1
Aérea;Rio de Janeiro;Venezuela;Março;2026;2623
Aérea;São Paulo;Venezuela;Março;2026;10
Aérea;São Paulo;Venezuela;Março;2026;2090
Aérea;Paraná;Venezuela;Março;2026;38
Aérea;Paraná;Venezuela;Março;2026;45
Aérea;Santa Catarina;Venezuela;Março;2026;1224
Aérea;Rio Grande do Sul;Venezuela;Março;2026;33
Aérea;Distrito Federal;Venezuela;Março;2026;137
Terrestre;Rondônia;Venezuela;Março;2026;3
Terrestre;Acre;Venezuela;Março;2026;22
Terrestre;Acre;Venezuela;Março;2026;6
Terrestre;Amazonas;Venezuela;Março;2026;19
Terrestre;Roraima;Venezuela;Março;2026;76
Terrestre;Roraima;Venezuela;Março;2026;7335
Terrestre;Amapá;Venezuela;Março;2026;1
Terrestre;Paraná;Venezuela;Março;2026;35
Terrestre;Paraná;Venezuela;Março;2026;152
Terrestre;Paraná;Venezuela;Março;2026;2
Terrestre;Santa Catarina;Venezuela;Março;2026;1
Terrestre;Santa Catarina;Venezuela;Março;2026;1
Terrestre;Rio Grande do Sul;Venezuela;Março;2026;10
Terrestre;Rio Grande do Sul;Venezuela;Março;2026;64
Terrestre;Rio Grande do Sul;Venezuela;Março;2026;47
Terrestre;Rio Grande do Sul;Venezuela;Março;2026;24
Terrestre;Rio Grande do Sul;Venezuela;Março;2026;3
Terrestre;Rio Grande do Sul;Venezuela;Março;2026;59
Terrestre;Mato Grosso do Sul;Venezuela;Março;2026;98
Marítima;Bahia;Venezuela;Março;2026;1
Marítima;Rio de Janeiro;Venezuela;Março;2026;21
Marítima;São Paulo;Venezuela;Março;2026;4
Marítima;São Paulo;Venezuela;Março;2026;1
Marítima;Santa Catarina;Venezuela;Março;2026;8
Marítima;Santa Catarina;Venezuela;Março;2026;14
Fluvial;Rio Grande do Sul;Venezuela;Março;2026;1
Fluvial;Rio Grande do Sul;Venezuela;Março;2026;1
Aérea;Rio de Janeiro;Vietnã;Março;2026;17
Aérea;São Paulo;Vietnã;Março;2026;31
Terrestre;Paraná;Vietnã;Março;2026;1
Marítima;Santa Catarina;Vietnã;Março;2026;1
Aérea;Rio de Janeiro;Zimbábue;Março;2026;2
Aérea;São Paulo;Zimbábue;Março;2026;40
Aérea;Rio Grande do Sul;Zimbábue;Março;2026;1
Aérea;Distrito Federal;Zimbábue;Março;2026;1
Marítima;Santa Catarina;Zimbábue;Março;2026;2
Aérea;São Paulo;Zâmbia;Março;2026;8
Aérea;Amazonas;África do Sul;Março;2026;2
Aérea;Pernambuco;África do Sul;Março;2026;1
Aérea;Minas Gerais;África do Sul;Março;2026;2
Aérea;Rio de Janeiro;África do Sul;Março;2026;180
Aérea;São Paulo;África do Sul;Março;2026;3
Aérea;São Paulo;África do Sul;Março;2026;1850
Aérea;Paraná;África do Sul;Março;2026;1
Aérea;Santa Catarina;África do Sul;Março;2026;3
Aérea;Rio Grande do Sul;África do Sul;Março;2026;3
Aérea;Distrito Federal;África do Sul;Março;2026;2
Terrestre;Roraima;África do Sul;Março;2026;6
Terrestre;Paraná;África do Sul;Março;2026;3
Terrestre;Paraná;África do Sul;Março;2026;69
Terrestre;Rio Grande do Sul;África do Sul;Março;2026;4
Marítima;Pernambuco;África do Sul;Março;2026;6
Marítima;Rio de Janeiro;África do Sul;Março;2026;4
Marítima;São Paulo;África do Sul;Março;2026;6
Marítima;São Paulo;África do Sul;Março;2026;2
Marítima;Santa Catarina;África do Sul;Março;2026;4
Marítima;Santa Catarina;África do Sul;Março;2026;1
Aérea;Amazonas;Áustria;Março;2026;2
Aérea;Pará;Áustria;Março;2026;6
Aérea;Ceará;Áustria;Março;2026;33
Aérea;Rio Grande do Norte;Áustria;Março;2026;12
Aérea;Pernambuco;Áustria;Março;2026;120
Aérea;Bahia;Áustria;Março;2026;14
Aérea;Minas Gerais;Áustria;Março;2026;9
Aérea;Rio de Janeiro;Áustria;Março;2026;612
Aérea;São Paulo;Áustria;Março;2026;14
Aérea;São Paulo;Áustria;Março;2026;1268
Aérea;Paraná;Áustria;Março;2026;4
Aérea;Paraná;Áustria;Março;2026;1
Aérea;Santa Catarina;Áustria;Março;2026;25
Aérea;Rio Grande do Sul;Áustria;Março;2026;5
Aérea;Distrito Federal;Áustria;Março;2026;8
Terrestre;Amazonas;Áustria;Março;2026;1
Terrestre;Roraima;Áustria;Março;2026;2
Terrestre;Amapá;Áustria;Março;2026;1
Terrestre;Paraná;Áustria;Março;2026;31
Terrestre;Paraná;Áustria;Março;2026;161
Terrestre;Rio Grande do Sul;Áustria;Março;2026;8
Terrestre;Rio Grande do Sul;Áustria;Março;2026;2
Terrestre;Mato Grosso do Sul;Áustria;Março;2026;1
Marítima;Pernambuco;Áustria;Março;2026;2
Marítima;Rio de Janeiro;Áustria;Março;2026;82
Marítima;São Paulo;Áustria;Março;2026;1
Marítima;São Paulo;Áustria;Março;2026;4
Marítima;Santa Catarina;Áustria;Março;2026;29
Marítima;Santa Catarina;Áustria;Março;2026;4
Aérea;Amazonas;Índia;Março;2026;34
Aérea;Pará;Índia;Março;2026;1
Aérea;Ceará;Índia;Março;2026;6
Aérea;Pernambuco;Índia;Março;2026;2
Aérea;Bahia;Índia;Março;2026;1
Aérea;Minas Gerais;Índia;Março;2026;5
Aérea;Rio de Janeiro;Índia;Março;2026;315
Aérea;São Paulo;Índia;Março;2026;2
Aérea;São Paulo;Índia;Março;2026;890
Aérea;Paraná;Índia;Março;2026;1
Aérea;Santa Catarina;Índia;Março;2026;3
Aérea;Rio Grande do Sul;Índia;Março;2026;2
Aérea;Distrito Federal;Índia;Março;2026;4
Terrestre;Paraná;Índia;Março;2026;3
Terrestre;Paraná;Índia;Março;2026;51
Marítima;Rio de Janeiro;Índia;Março;2026;1
Marítima;Santa Catarina;Índia;Março;2026;8
Marítima;Santa Catarina;Índia;Março;2026;55
Fluvial;Rio Grande do Sul;Índia;Março;2026;1
Aérea;São Paulo;Afeganistão;Abril;2026;8
Aérea;Pernambuco;Albânia;Abril;2026;3
Aérea;Rio de Janeiro;Albânia;Abril;2026;38
Aérea;São Paulo;Albânia;Abril;2026;26
Aérea;Santa Catarina;Albânia;Abril;2026;1
Aérea;Distrito Federal;Albânia;Abril;2026;1
Terrestre;Paraná;Albânia;Abril;2026;1
Marítima;Bahia;Albânia;Abril;2026;3
Aérea;Amazonas;Alemanha;Abril;2026;39
Aérea;Pará;Alemanha;Abril;2026;33
Aérea;Ceará;Alemanha;Abril;2026;157
Aérea;Rio Grande do Norte;Alemanha;Abril;2026;64
Aérea;Pernambuco;Alemanha;Abril;2026;186
Aérea;Alagoas;Alemanha;Abril;2026;5
Aérea;Bahia;Alemanha;Abril;2026;277
Aérea;Minas Gerais;Alemanha;Abril;2026;76
Aérea;Rio de Janeiro;Alemanha;Abril;2026;3712
Aérea;São Paulo;Alemanha;Abril;2026;38
Aérea;São Paulo;Alemanha;Abril;2026;7787
Aérea;São Paulo;Alemanha;Abril;2026;2
Aérea;Paraná;Alemanha;Abril;2026;8
Aérea;Paraná;Alemanha;Abril;2026;8
Aérea;Santa Catarina;Alemanha;Abril;2026;83
Aérea;Rio Grande do Sul;Alemanha;Abril;2026;62
Aérea;Distrito Federal;Alemanha;Abril;2026;112
Terrestre;Rondônia;Alemanha;Abril;2026;11
Terrestre;Acre;Alemanha;Abril;2026;3
Terrestre;Acre;Alemanha;Abril;2026;2
Terrestre;Amazonas;Alemanha;Abril;2026;185
Terrestre;Roraima;Alemanha;Abril;2026;9
Terrestre;Roraima;Alemanha;Abril;2026;2
Terrestre;Amapá;Alemanha;Abril;2026;5
Terrestre;Paraná;Alemanha;Abril;2026;269
Terrestre;Paraná;Alemanha;Abril;2026;1072
Terrestre;Santa Catarina;Alemanha;Abril;2026;4
Terrestre;Rio Grande do Sul;Alemanha;Abril;2026;2
Terrestre;Rio Grande do Sul;Alemanha;Abril;2026;31
Terrestre;Rio Grande do Sul;Alemanha;Abril;2026;2
Terrestre;Rio Grande do Sul;Alemanha;Abril;2026;2
Terrestre;Rio Grande do Sul;Alemanha;Abril;2026;28
Terrestre;Rio Grande do Sul;Alemanha;Abril;2026;2
Terrestre;Mato Grosso do Sul;Alemanha;Abril;2026;16
Terrestre;Mato Grosso do Sul;Alemanha;Abril;2026;4
Marítima;Paraíba;Alemanha;Abril;2026;2
Marítima;Pernambuco;Alemanha;Abril;2026;20
Marítima;Bahia;Alemanha;Abril;2026;1
Marítima;Rio de Janeiro;Alemanha;Abril;2026;137
Marítima;São Paulo;Alemanha;Abril;2026;4
Marítima;Santa Catarina;Alemanha;Abril;2026;4
Fluvial;Amapá;Alemanha;Abril;2026;1
Fluvial;Rio Grande do Sul;Alemanha;Abril;2026;5
Fluvial;Rio Grande do Sul;Alemanha;Abril;2026;2
Aérea;Bahia;Andorra;Abril;2026;1
Aérea;São Paulo;Andorra;Abril;2026;5
Aérea;Santa Catarina;Andorra;Abril;2026;1
Aérea;Distrito Federal;Andorra;Abril;2026;1
Aérea;Ceará;Angola;Abril;2026;1
Aérea;Pernambuco;Angola;Abril;2026;1
Aérea;Alagoas;Angola;Abril;2026;1
Aérea;Rio de Janeiro;Angola;Abril;2026;10
Aérea;São Paulo;Angola;Abril;2026;4
Aérea;São Paulo;Angola;Abril;2026;585
Aérea;São Paulo;Angola;Abril;2026;1
Aérea;Santa Catarina;Angola;Abril;2026;2
Aérea;Distrito Federal;Angola;Abril;2026;15
Terrestre;Amapá;Angola;Abril;2026;1
Aérea;Bahia;Antilhas Holandesas;Abril;2026;1
Aérea;São Paulo;Antilhas Holandesas;Abril;2026;1
Aérea;Santa Catarina;Antilhas Holandesas;Abril;2026;1
Terrestre;Roraima;Antilhas Holandesas;Abril;2026;4
Terrestre;Rio Grande do Sul;Antilhas Holandesas;Abril;2026;1
Aérea;Rio Grande do Norte;Antígua e Barbuda;Abril;2026;1
Aérea;Rio de Janeiro;Antígua e Barbuda;Abril;2026;38
Aérea;São Paulo;Antígua e Barbuda;Abril;2026;4
Marítima;Rio de Janeiro;Antígua e Barbuda;Abril;2026;1
Aérea;Amazonas;Argentina;Abril;2026;8
Aérea;Pará;Argentina;Abril;2026;5
Aérea;Ceará;Argentina;Abril;2026;324
Aérea;Rio Grande do Norte;Argentina;Abril;2026;3477
Aérea;Paraíba;Argentina;Abril;2026;28
Aérea;Pernambuco;Argentina;Abril;2026;5632
Aérea;Alagoas;Argentina;Abril;2026;1278
Aérea;Bahia;Argentina;Abril;2026;1089
Aérea;Bahia;Argentina;Abril;2026;3770
Aérea;Minas Gerais;Argentina;Abril;2026;125
Aérea;Rio de Janeiro;Argentina;Abril;2026;119
Aérea;Rio de Janeiro;Argentina;Abril;2026;55939
Aérea;São Paulo;Argentina;Abril;2026;42
Aérea;São Paulo;Argentina;Abril;2026;24624
Aérea;São Paulo;Argentina;Abril;2026;49
Aérea;São Paulo;Argentina;Abril;2026;8
Aérea;Paraná;Argentina;Abril;2026;26
Aérea;Paraná;Argentina;Abril;2026;294
Aérea;Santa Catarina;Argentina;Abril;2026;9210
Aérea;Santa Catarina;Argentina;Abril;2026;8
Aérea;Rio Grande do Sul;Argentina;Abril;2026;923
Aérea;Mato Grosso;Argentina;Abril;2026;2
Aérea;Distrito Federal;Argentina;Abril;2026;1556
Terrestre;Rondônia;Argentina;Abril;2026;2
Terrestre;Acre;Argentina;Abril;2026;18
Terrestre;Amazonas;Argentina;Abril;2026;3
Terrestre;Roraima;Argentina;Abril;2026;2
Terrestre;Roraima;Argentina;Abril;2026;14
Terrestre;Amapá;Argentina;Abril;2026;1
Terrestre;Paraná;Argentina;Abril;2026;266
Terrestre;Paraná;Argentina;Abril;2026;626
Terrestre;Paraná;Argentina;Abril;2026;13549
Terrestre;Paraná;Argentina;Abril;2026;13
Terrestre;Paraná;Argentina;Abril;2026;8
Terrestre;Paraná;Argentina;Abril;2026;112
Terrestre;Santa Catarina;Argentina;Abril;2026;3622
Terrestre;Rio Grande do Sul;Argentina;Abril;2026;30
Terrestre;Rio Grande do Sul;Argentina;Abril;2026;423
Terrestre;Rio Grande do Sul;Argentina;Abril;2026;160
Terrestre;Rio Grande do Sul;Argentina;Abril;2026;130
Terrestre;Rio Grande do Sul;Argentina;Abril;2026;2844
Terrestre;Rio Grande do Sul;Argentina;Abril;2026;48
Terrestre;Rio Grande do Sul;Argentina;Abril;2026;4310
Terrestre;Rio Grande do Sul;Argentina;Abril;2026;17177
Terrestre;Mato Grosso do Sul;Argentina;Abril;2026;30
Terrestre;Mato Grosso do Sul;Argentina;Abril;2026;85
Terrestre;Mato Grosso;Argentina;Abril;2026;2
Marítima;Ceará;Argentina;Abril;2026;3
Marítima;Pernambuco;Argentina;Abril;2026;13
Marítima;Pernambuco;Argentina;Abril;2026;1
Marítima;Bahia;Argentina;Abril;2026;3
Marítima;Rio de Janeiro;Argentina;Abril;2026;399
Marítima;São Paulo;Argentina;Abril;2026;2
Marítima;Santa Catarina;Argentina;Abril;2026;5
Marítima;Rio Grande do Sul;Argentina;Abril;2026;9
Fluvial;Amapá;Argentina;Abril;2026;2
Fluvial;Rio Grande do Sul;Argentina;Abril;2026;3408
Fluvial;Rio Grande do Sul;Argentina;Abril;2026;3570
Aérea;Rio de Janeiro;Argélia;Abril;2026;24
Aérea;São Paulo;Argélia;Abril;2026;32
Terrestre;Rio Grande do Sul;Argélia;Abril;2026;1
Terrestre;Rio Grande do Sul;Argélia;Abril;2026;1
Aérea;Pará;Armênia;Abril;2026;1
Aérea;Rio de Janeiro;Armênia;Abril;2026;12
Aérea;São Paulo;Armênia;Abril;2026;111
Aérea;Distrito Federal;Armênia;Abril;2026;1
Terrestre;Paraná;Armênia;Abril;2026;6
Terrestre;Paraná;Armênia;Abril;2026;12
Terrestre;Rio Grande do Sul;Armênia;Abril;2026;1
Aérea;Rio de Janeiro;Arábia Saudita;Abril;2026;8
Aérea;São Paulo;Arábia Saudita;Abril;2026;144
Aérea;Santa Catarina;Arábia Saudita;Abril;2026;3
Aérea;Distrito Federal;Arábia Saudita;Abril;2026;2
Terrestre;Paraná;Arábia Saudita;Abril;2026;1
Aérea;Amazonas;Austrália;Abril;2026;3
Aérea;Pará;Austrália;Abril;2026;4
Aérea;Ceará;Austrália;Abril;2026;1
Aérea;Pernambuco;Austrália;Abril;2026;1
Aérea;Bahia;Austrália;Abril;2026;2
Aérea;Minas Gerais;Austrália;Abril;2026;23
Aérea;Rio de Janeiro;Austrália;Abril;2026;800
Aérea;São Paulo;Austrália;Abril;2026;1
Aérea;São Paulo;Austrália;Abril;2026;1672
Aérea;São Paulo;Austrália;Abril;2026;2
Aérea;Paraná;Austrália;Abril;2026;4
Aérea;Paraná;Austrália;Abril;2026;15
Aérea;Santa Catarina;Austrália;Abril;2026;28
Aérea;Rio Grande do Sul;Austrália;Abril;2026;36
Aérea;Distrito Federal;Austrália;Abril;2026;67
Terrestre;Rondônia;Austrália;Abril;2026;1
Terrestre;Amazonas;Austrália;Abril;2026;3
Terrestre;Roraima;Austrália;Abril;2026;13
Terrestre;Paraná;Austrália;Abril;2026;27
Terrestre;Paraná;Austrália;Abril;2026;757
Terrestre;Rio Grande do Sul;Austrália;Abril;2026;5
Terrestre;Rio Grande do Sul;Austrália;Abril;2026;2
Terrestre;Mato Grosso do Sul;Austrália;Abril;2026;1
Marítima;Ceará;Austrália;Abril;2026;2
Marítima;Ceará;Austrália;Abril;2026;1
Marítima;Pernambuco;Austrália;Abril;2026;4
Marítima;Bahia;Austrália;Abril;2026;2
Marítima;Rio de Janeiro;Austrália;Abril;2026;41
Marítima;São Paulo;Austrália;Abril;2026;6
Marítima;Santa Catarina;Austrália;Abril;2026;18
Aérea;Rio de Janeiro;Azerbaijão;Abril;2026;8
Aérea;São Paulo;Azerbaijão;Abril;2026;54
Aérea;Minas Gerais;Bahamas;Abril;2026;2
Aérea;Rio de Janeiro;Bahamas;Abril;2026;9
Aérea;São Paulo;Bahamas;Abril;2026;2
Aérea;São Paulo;Bahamas;Abril;2026;16
Terrestre;Mato Grosso;Bahamas;Abril;2026;1
Aérea;Amazonas;Bangladesh;Abril;2026;2
Aérea;Bahia;Bangladesh;Abril;2026;1
Aérea;Minas Gerais;Bangladesh;Abril;2026;1
Aérea;Rio de Janeiro;Bangladesh;Abril;2026;28
Aérea;São Paulo;Bangladesh;Abril;2026;53
Aérea;Rio de Janeiro;Barbados;Abril;2026;14
Aérea;São Paulo;Barbados;Abril;2026;11
Aérea;Distrito Federal;Barbados;Abril;2026;3
Terrestre;Roraima;Barbados;Abril;2026;6
Terrestre;Rio Grande do Sul;Barbados;Abril;2026;1
Aérea;São Paulo;Barein;Abril;2026;2
Aérea;Rio de Janeiro;Belize;Abril;2026;7
Aérea;São Paulo;Belize;Abril;2026;14
Aérea;Distrito Federal;Belize;Abril;2026;1
Terrestre;Paraná;Belize;Abril;2026;1
Aérea;Bahia;Benin;Abril;2026;1
Aérea;Rio de Janeiro;Benin;Abril;2026;2
Aérea;São Paulo;Benin;Abril;2026;12
Aérea;Bahia;Bielorússia;Abril;2026;2
Aérea;Minas Gerais;Bielorússia;Abril;2026;1
Aérea;Rio de Janeiro;Bielorússia;Abril;2026;35
Aérea;São Paulo;Bielorússia;Abril;2026;1
Aérea;São Paulo;Bielorússia;Abril;2026;90
Aérea;Santa Catarina;Bielorússia;Abril;2026;3
Terrestre;Paraná;Bielorússia;Abril;2026;2
Terrestre;Paraná;Bielorússia;Abril;2026;13
Terrestre;Rio Grande do Sul;Bielorússia;Abril;2026;1
Aérea;Pará;Bolívia;Abril;2026;3
Aérea;Ceará;Bolívia;Abril;2026;2
Aérea;Rio Grande do Norte;Bolívia;Abril;2026;2
Aérea;Pernambuco;Bolívia;Abril;2026;6
Aérea;Alagoas;Bolívia;Abril;2026;4
Aérea;Bahia;Bolívia;Abril;2026;2
Aérea;Minas Gerais;Bolívia;Abril;2026;2
Aérea;Rio de Janeiro;Bolívia;Abril;2026;685
Aérea;São Paulo;Bolívia;Abril;2026;4225
Aérea;São Paulo;Bolívia;Abril;2026;49
Aérea;São Paulo;Bolívia;Abril;2026;7
Aérea;Paraná;Bolívia;Abril;2026;2
Aérea;Paraná;Bolívia;Abril;2026;4
Aérea;Santa Catarina;Bolívia;Abril;2026;32
Aérea;Rio Grande do Sul;Bolívia;Abril;2026;7
Aérea;Mato Grosso do Sul;Bolívia;Abril;2026;6
Aérea;Mato Grosso;Bolívia;Abril;2026;5
Aérea;Distrito Federal;Bolívia;Abril;2026;4
Terrestre;Rondônia;Bolívia;Abril;2026;355
Terrestre;Rondônia;Bolívia;Abril;2026;6
Terrestre;Acre;Bolívia;Abril;2026;19
Terrestre;Acre;Bolívia;Abril;2026;1
Terrestre;Acre;Bolívia;Abril;2026;321
Terrestre;Roraima;Bolívia;Abril;2026;4
Terrestre;Amapá;Bolívia;Abril;2026;1
Terrestre;Paraná;Bolívia;Abril;2026;69
Terrestre;Paraná;Bolívia;Abril;2026;67
Terrestre;Paraná;Bolívia;Abril;2026;2
Terrestre;Santa Catarina;Bolívia;Abril;2026;2
Terrestre;Rio Grande do Sul;Bolívia;Abril;2026;1
Terrestre;Rio Grande do Sul;Bolívia;Abril;2026;3
Terrestre;Rio Grande do Sul;Bolívia;Abril;2026;4
Terrestre;Rio Grande do Sul;Bolívia;Abril;2026;4
Terrestre;Rio Grande do Sul;Bolívia;Abril;2026;37
Terrestre;Mato Grosso do Sul;Bolívia;Abril;2026;3130
Terrestre;Mato Grosso do Sul;Bolívia;Abril;2026;6
Terrestre;Mato Grosso;Bolívia;Abril;2026;64
Fluvial;Amapá;Bolívia;Abril;2026;3
Fluvial;Rio Grande do Sul;Bolívia;Abril;2026;1
Aérea;São Paulo;Botsuana;Abril;2026;14
Aérea;São Paulo;Brunei;Abril;2026;3
Terrestre;Roraima;Brunei;Abril;2026;1
Terrestre;Rio Grande do Sul;Brunei;Abril;2026;1
Aérea;Pará;Bulgária;Abril;2026;1
Aérea;Ceará;Bulgária;Abril;2026;2
Aérea;Pernambuco;Bulgária;Abril;2026;2
Aérea;Bahia;Bulgária;Abril;2026;6
Aérea;Minas Gerais;Bulgária;Abril;2026;1
Aérea;Rio de Janeiro;Bulgária;Abril;2026;131
Aérea;São Paulo;Bulgária;Abril;2026;1
Aérea;São Paulo;Bulgária;Abril;2026;328
Aérea;Santa Catarina;Bulgária;Abril;2026;2
Aérea;Rio Grande do Sul;Bulgária;Abril;2026;1
Aérea;Distrito Federal;Bulgária;Abril;2026;2
Terrestre;Paraná;Bulgária;Abril;2026;2
Terrestre;Paraná;Bulgária;Abril;2026;141
Marítima;Bahia;Bulgária;Abril;2026;1
Aérea;Rio de Janeiro;Burkina Faso;Abril;2026;1
Aérea;São Paulo;Burkina Faso;Abril;2026;6
Terrestre;Rio Grande do Sul;Burkina Faso;Abril;2026;1
Aérea;Rio de Janeiro;Burundi;Abril;2026;1
Aérea;São Paulo;Burundi;Abril;2026;4
Aérea;Amazonas;Bélgica;Abril;2026;5
Aérea;Pará;Bélgica;Abril;2026;9
Aérea;Ceará;Bélgica;Abril;2026;59
Aérea;Rio Grande do Norte;Bélgica;Abril;2026;16
Aérea;Pernambuco;Bélgica;Abril;2026;28
Aérea;Alagoas;Bélgica;Abril;2026;1
Aérea;Bahia;Bélgica;Abril;2026;98
Aérea;Minas Gerais;Bélgica;Abril;2026;22
Aérea;Rio de Janeiro;Bélgica;Abril;2026;792
Aérea;São Paulo;Bélgica;Abril;2026;12
Aérea;São Paulo;Bélgica;Abril;2026;1083
Aérea;Paraná;Bélgica;Abril;2026;2
Aérea;Paraná;Bélgica;Abril;2026;1
Aérea;Santa Catarina;Bélgica;Abril;2026;31
Aérea;Rio Grande do Sul;Bélgica;Abril;2026;5
Aérea;Distrito Federal;Bélgica;Abril;2026;47
Terrestre;Acre;Bélgica;Abril;2026;4
Terrestre;Amazonas;Bélgica;Abril;2026;1
Terrestre;Roraima;Bélgica;Abril;2026;3
Terrestre;Amapá;Bélgica;Abril;2026;13
Terrestre;Paraná;Bélgica;Abril;2026;5
Terrestre;Paraná;Bélgica;Abril;2026;205
Terrestre;Paraná;Bélgica;Abril;2026;2
Terrestre;Mato Grosso do Sul;Bélgica;Abril;2026;3
Marítima;Pernambuco;Bélgica;Abril;2026;1
Marítima;Rio de Janeiro;Bélgica;Abril;2026;2
Marítima;Santa Catarina;Bélgica;Abril;2026;6
Fluvial;Amapá;Bélgica;Abril;2026;4
Aérea;Alagoas;Bósnia-Herzegovina;Abril;2026;1
Aérea;Rio de Janeiro;Bósnia-Herzegovina;Abril;2026;16
Aérea;São Paulo;Bósnia-Herzegovina;Abril;2026;26
Aérea;Distrito Federal;Bósnia-Herzegovina;Abril;2026;1
Terrestre;Paraná;Bósnia-Herzegovina;Abril;2026;1
Terrestre;Paraná;Bósnia-Herzegovina;Abril;2026;1
Aérea;Ceará;Cabo Verde;Abril;2026;8
Aérea;Pernambuco;Cabo Verde;Abril;2026;2
Aérea;Alagoas;Cabo Verde;Abril;2026;2
Aérea;Bahia;Cabo Verde;Abril;2026;18
Aérea;Rio de Janeiro;Cabo Verde;Abril;2026;12
Aérea;São Paulo;Cabo Verde;Abril;2026;2
Aérea;São Paulo;Cabo Verde;Abril;2026;23
Aérea;Distrito Federal;Cabo Verde;Abril;2026;2
Marítima;São Paulo;Cabo Verde;Abril;2026;1
Aérea;Pernambuco;Camarões;Abril;2026;1
Aérea;Rio de Janeiro;Camarões;Abril;2026;11
Aérea;São Paulo;Camarões;Abril;2026;27
Aérea;Rio de Janeiro;Camboja;Abril;2026;1
Aérea;São Paulo;Camboja;Abril;2026;3
Aérea;Amazonas;Canadá;Abril;2026;42
Aérea;Pará;Canadá;Abril;2026;2
Aérea;Ceará;Canadá;Abril;2026;3
Aérea;Pernambuco;Canadá;Abril;2026;3
Aérea;Alagoas;Canadá;Abril;2026;2
Aérea;Bahia;Canadá;Abril;2026;40
Aérea;Minas Gerais;Canadá;Abril;2026;25
Aérea;Rio de Janeiro;Canadá;Abril;2026;2977
Aérea;São Paulo;Canadá;Abril;2026;11
Aérea;São Paulo;Canadá;Abril;2026;5732
Aérea;Paraná;Canadá;Abril;2026;2
Aérea;Santa Catarina;Canadá;Abril;2026;28
Aérea;Rio Grande do Sul;Canadá;Abril;2026;10
Aérea;Distrito Federal;Canadá;Abril;2026;34
Terrestre;Amazonas;Canadá;Abril;2026;3
Terrestre;Roraima;Canadá;Abril;2026;8
Terrestre;Paraná;Canadá;Abril;2026;18
Terrestre;Paraná;Canadá;Abril;2026;342
Terrestre;Rio Grande do Sul;Canadá;Abril;2026;3
Terrestre;Rio Grande do Sul;Canadá;Abril;2026;1
Terrestre;Rio Grande do Sul;Canadá;Abril;2026;2
Terrestre;Rio Grande do Sul;Canadá;Abril;2026;1
Terrestre;Rio Grande do Sul;Canadá;Abril;2026;1
Terrestre;Mato Grosso do Sul;Canadá;Abril;2026;1
Terrestre;Mato Grosso do Sul;Canadá;Abril;2026;3
Marítima;Ceará;Canadá;Abril;2026;2
Marítima;Pernambuco;Canadá;Abril;2026;2
Marítima;Rio de Janeiro;Canadá;Abril;2026;468
Marítima;São Paulo;Canadá;Abril;2026;2
Marítima;Santa Catarina;Canadá;Abril;2026;15
Aérea;Amazonas;Casaquistão;Abril;2026;2
Aérea;Ceará;Casaquistão;Abril;2026;1
Aérea;Rio de Janeiro;Casaquistão;Abril;2026;36
Aérea;São Paulo;Casaquistão;Abril;2026;143
Terrestre;Paraná;Casaquistão;Abril;2026;22
Aérea;Rio de Janeiro;Catar;Abril;2026;5
Aérea;São Paulo;Catar;Abril;2026;8
Marítima;São Paulo;Catar;Abril;2026;1
Aérea;São Paulo;Chade;Abril;2026;13
Aérea;Ceará;Chile;Abril;2026;147
Aérea;Rio Grande do Norte;Chile;Abril;2026;15
Aérea;Pernambuco;Chile;Abril;2026;413
Aérea;Alagoas;Chile;Abril;2026;4
Aérea;Bahia;Chile;Abril;2026;3
Aérea;Bahia;Chile;Abril;2026;175
Aérea;Minas Gerais;Chile;Abril;2026;206
Aérea;Rio de Janeiro;Chile;Abril;2026;23028
Aérea;São Paulo;Chile;Abril;2026;6
Aérea;São Paulo;Chile;Abril;2026;12360
Aérea;São Paulo;Chile;Abril;2026;2
Aérea;São Paulo;Chile;Abril;2026;3
Aérea;Paraná;Chile;Abril;2026;986
Aérea;Paraná;Chile;Abril;2026;185
Aérea;Santa Catarina;Chile;Abril;2026;10950
Aérea;Rio Grande do Sul;Chile;Abril;2026;213
Aérea;Distrito Federal;Chile;Abril;2026;303
Terrestre;Rondônia;Chile;Abril;2026;1
Terrestre;Acre;Chile;Abril;2026;10
Terrestre;Acre;Chile;Abril;2026;1
Terrestre;Amazonas;Chile;Abril;2026;3
Terrestre;Roraima;Chile;Abril;2026;3
Terrestre;Paraná;Chile;Abril;2026;90
Terrestre;Paraná;Chile;Abril;2026;239
Terrestre;Paraná;Chile;Abril;2026;1
Terrestre;Santa Catarina;Chile;Abril;2026;3
Terrestre;Rio Grande do Sul;Chile;Abril;2026;1
Terrestre;Rio Grande do Sul;Chile;Abril;2026;19
Terrestre;Rio Grande do Sul;Chile;Abril;2026;4
Terrestre;Rio Grande do Sul;Chile;Abril;2026;7
Terrestre;Rio Grande do Sul;Chile;Abril;2026;10
Terrestre;Rio Grande do Sul;Chile;Abril;2026;65
Terrestre;Mato Grosso do Sul;Chile;Abril;2026;10
Terrestre;Mato Grosso do Sul;Chile;Abril;2026;4
Marítima;Rio de Janeiro;Chile;Abril;2026;61
Marítima;Santa Catarina;Chile;Abril;2026;1
Marítima;Rio Grande do Sul;Chile;Abril;2026;1
Aérea;Amazonas;China;Abril;2026;16
Aérea;Roraima;China;Abril;2026;1
Aérea;Pará;China;Abril;2026;5
Aérea;Ceará;China;Abril;2026;25
Aérea;Rio Grande do Norte;China;Abril;2026;2
Aérea;Pernambuco;China;Abril;2026;2
Aérea;Bahia;China;Abril;2026;22
Aérea;Minas Gerais;China;Abril;2026;9
Aérea;Rio de Janeiro;China;Abril;2026;2695
Aérea;São Paulo;China;Abril;2026;14
Aérea;São Paulo;China;Abril;2026;9962
Aérea;São Paulo;China;Abril;2026;10
Aérea;Paraná;China;Abril;2026;13
Aérea;Santa Catarina;China;Abril;2026;13
Aérea;Rio Grande do Sul;China;Abril;2026;17
Aérea;Distrito Federal;China;Abril;2026;25
Terrestre;Amazonas;China;Abril;2026;3
Terrestre;Roraima;China;Abril;2026;4
Terrestre;Roraima;China;Abril;2026;1
Terrestre;Paraná;China;Abril;2026;24
Terrestre;Paraná;China;Abril;2026;492
Terrestre;Rio Grande do Sul;China;Abril;2026;1
Terrestre;Rio Grande do Sul;China;Abril;2026;3
Terrestre;Rio Grande do Sul;China;Abril;2026;2
Terrestre;Mato Grosso do Sul;China;Abril;2026;7
Terrestre;Mato Grosso do Sul;China;Abril;2026;1
Marítima;Maranhão;China;Abril;2026;8
Marítima;Rio de Janeiro;China;Abril;2026;37
Marítima;Santa Catarina;China;Abril;2026;1
Marítima;Rio Grande do Sul;China;Abril;2026;6
Fluvial;Amapá;China;Abril;2026;58
Aérea;Amazonas;China, Hong Kong;Abril;2026;6
Aérea;Rio Grande do Norte;China, Hong Kong;Abril;2026;1
Aérea;Pernambuco;China, Hong Kong;Abril;2026;2
Aérea;Bahia;China, Hong Kong;Abril;2026;1
Aérea;Rio de Janeiro;China, Hong Kong;Abril;2026;99
Aérea;São Paulo;China, Hong Kong;Abril;2026;1
Aérea;São Paulo;China, Hong Kong;Abril;2026;561
Aérea;São Paulo;China, Hong Kong;Abril;2026;2
Aérea;Paraná;China, Hong Kong;Abril;2026;10
Aérea;Santa Catarina;China, Hong Kong;Abril;2026;1
Aérea;Distrito Federal;China, Hong Kong;Abril;2026;6
Terrestre;Roraima;China, Hong Kong;Abril;2026;1
Terrestre;Paraná;China, Hong Kong;Abril;2026;1
Terrestre;Paraná;China, Hong Kong;Abril;2026;48
Marítima;Bahia;China, Hong Kong;Abril;2026;1
Marítima;Rio de Janeiro;China, Hong Kong;Abril;2026;9
Aérea;São Paulo;China, Macao;Abril;2026;8
Terrestre;Paraná;China, Macao;Abril;2026;5
Aérea;Ceará;Chipre;Abril;2026;2
Aérea;Bahia;Chipre;Abril;2026;4
Aérea;Rio de Janeiro;Chipre;Abril;2026;49
Aérea;São Paulo;Chipre;Abril;2026;38
Aérea;Santa Catarina;Chipre;Abril;2026;1
Terrestre;Paraná;Chipre;Abril;2026;22
Aérea;Amazonas;Cingapura;Abril;2026;1
Aérea;Rio de Janeiro;Cingapura;Abril;2026;142
Aérea;São Paulo;Cingapura;Abril;2026;243
Aérea;São Paulo;Cingapura;Abril;2026;1
Aérea;Paraná;Cingapura;Abril;2026;1
Aérea;Distrito Federal;Cingapura;Abril;2026;3
Terrestre;Amazonas;Cingapura;Abril;2026;1
Terrestre;Paraná;Cingapura;Abril;2026;1
Terrestre;Paraná;Cingapura;Abril;2026;30
Marítima;Ceará;Cingapura;Abril;2026;1
Marítima;Rio de Janeiro;Cingapura;Abril;2026;4
Aérea;Amazonas;Colômbia;Abril;2026;216
Aérea;Pará;Colômbia;Abril;2026;190
Aérea;Ceará;Colômbia;Abril;2026;6
Aérea;Rio Grande do Norte;Colômbia;Abril;2026;3
Aérea;Pernambuco;Colômbia;Abril;2026;11
Aérea;Alagoas;Colômbia;Abril;2026;1
Aérea;Bahia;Colômbia;Abril;2026;74
Aérea;Minas Gerais;Colômbia;Abril;2026;124
Aérea;Rio de Janeiro;Colômbia;Abril;2026;7891
Aérea;São Paulo;Colômbia;Abril;2026;17
Aérea;São Paulo;Colômbia;Abril;2026;7402
Aérea;São Paulo;Colômbia;Abril;2026;3
Aérea;Paraná;Colômbia;Abril;2026;19
Aérea;Paraná;Colômbia;Abril;2026;62
Aérea;Santa Catarina;Colômbia;Abril;2026;256
Aérea;Rio Grande do Sul;Colômbia;Abril;2026;167
Aérea;Distrito Federal;Colômbia;Abril;2026;492
Terrestre;Rondônia;Colômbia;Abril;2026;4
Terrestre;Acre;Colômbia;Abril;2026;14
Terrestre;Acre;Colômbia;Abril;2026;1
Terrestre;Acre;Colômbia;Abril;2026;1
Terrestre;Amazonas;Colômbia;Abril;2026;286
Terrestre;Roraima;Colômbia;Abril;2026;7
Terrestre;Roraima;Colômbia;Abril;2026;36
Terrestre;Amapá;Colômbia;Abril;2026;8
Terrestre;Paraná;Colômbia;Abril;2026;182
Terrestre;Paraná;Colômbia;Abril;2026;868
Terrestre;Paraná;Colômbia;Abril;2026;1
Terrestre;Paraná;Colômbia;Abril;2026;5
Terrestre;Santa Catarina;Colômbia;Abril;2026;6
Terrestre;Rio Grande do Sul;Colômbia;Abril;2026;1
Terrestre;Rio Grande do Sul;Colômbia;Abril;2026;38
Terrestre;Rio Grande do Sul;Colômbia;Abril;2026;9
Terrestre;Rio Grande do Sul;Colômbia;Abril;2026;1
Terrestre;Rio Grande do Sul;Colômbia;Abril;2026;25
Terrestre;Rio Grande do Sul;Colômbia;Abril;2026;5
Terrestre;Rio Grande do Sul;Colômbia;Abril;2026;23
Terrestre;Mato Grosso do Sul;Colômbia;Abril;2026;56
Terrestre;Mato Grosso do Sul;Colômbia;Abril;2026;12
Marítima;Bahia;Colômbia;Abril;2026;1
Marítima;Rio de Janeiro;Colômbia;Abril;2026;25
Marítima;São Paulo;Colômbia;Abril;2026;1
Fluvial;Amapá;Colômbia;Abril;2026;2
Fluvial;Rio Grande do Sul;Colômbia;Abril;2026;1
Fluvial;Rio Grande do Sul;Colômbia;Abril;2026;5
Aérea;Amazonas;Congo;Abril;2026;1
Aérea;São Paulo;Congo;Abril;2026;95
Aérea;Amazonas;Costa Rica;Abril;2026;12
Aérea;Pará;Costa Rica;Abril;2026;4
Aérea;Bahia;Costa Rica;Abril;2026;13
Aérea;Minas Gerais;Costa Rica;Abril;2026;10
Aérea;Rio de Janeiro;Costa Rica;Abril;2026;745
Aérea;São Paulo;Costa Rica;Abril;2026;912
Aérea;Paraná;Costa Rica;Abril;2026;1
Aérea;Paraná;Costa Rica;Abril;2026;16
Aérea;Santa Catarina;Costa Rica;Abril;2026;22
Aérea;Rio Grande do Sul;Costa Rica;Abril;2026;7
Aérea;Distrito Federal;Costa Rica;Abril;2026;19
Terrestre;Paraná;Costa Rica;Abril;2026;12
Terrestre;Paraná;Costa Rica;Abril;2026;114
Terrestre;Rio Grande do Sul;Costa Rica;Abril;2026;1
Terrestre;Mato Grosso do Sul;Costa Rica;Abril;2026;1
Marítima;Rio de Janeiro;Costa Rica;Abril;2026;4
Aérea;Bahia;Costa do Marfim;Abril;2026;1
Aérea;Rio de Janeiro;Costa do Marfim;Abril;2026;12
Aérea;São Paulo;Costa do Marfim;Abril;2026;20
Aérea;Rio Grande do Norte;Croácia;Abril;2026;2
Aérea;Pernambuco;Croácia;Abril;2026;1
Aérea;Bahia;Croácia;Abril;2026;3
Aérea;Minas Gerais;Croácia;Abril;2026;1
Aérea;Rio de Janeiro;Croácia;Abril;2026;336
Aérea;São Paulo;Croácia;Abril;2026;2
Aérea;São Paulo;Croácia;Abril;2026;87
Aérea;Paraná;Croácia;Abril;2026;1
Aérea;Santa Catarina;Croácia;Abril;2026;1
Aérea;Distrito Federal;Croácia;Abril;2026;2
Terrestre;Paraná;Croácia;Abril;2026;8
Terrestre;Mato Grosso do Sul;Croácia;Abril;2026;1
Marítima;Rio de Janeiro;Croácia;Abril;2026;1
Aérea;Amazonas;Cuba;Abril;2026;3
Aérea;Pará;Cuba;Abril;2026;7
Aérea;Ceará;Cuba;Abril;2026;2
Aérea;Pernambuco;Cuba;Abril;2026;6
Aérea;Bahia;Cuba;Abril;2026;5
Aérea;Minas Gerais;Cuba;Abril;2026;11
Aérea;Rio de Janeiro;Cuba;Abril;2026;51
Aérea;São Paulo;Cuba;Abril;2026;2
Aérea;São Paulo;Cuba;Abril;2026;228
Aérea;Santa Catarina;Cuba;Abril;2026;19
Aérea;Rio Grande do Sul;Cuba;Abril;2026;17
Aérea;Distrito Federal;Cuba;Abril;2026;29
Terrestre;Roraima;Cuba;Abril;2026;1
Terrestre;Paraná;Cuba;Abril;2026;3
Terrestre;Rio Grande do Sul;Cuba;Abril;2026;3
Terrestre;Rio Grande do Sul;Cuba;Abril;2026;10
Terrestre;Rio Grande do Sul;Cuba;Abril;2026;9
Terrestre;Rio Grande do Sul;Cuba;Abril;2026;1
Terrestre;Rio Grande do Sul;Cuba;Abril;2026;5
Aérea;Amazonas;Dinamarca;Abril;2026;4
Aérea;Pará;Dinamarca;Abril;2026;4
Aérea;Ceará;Dinamarca;Abril;2026;38
Aérea;Rio Grande do Norte;Dinamarca;Abril;2026;5
Aérea;Pernambuco;Dinamarca;Abril;2026;10
Aérea;Bahia;Dinamarca;Abril;2026;5
Aérea;Minas Gerais;Dinamarca;Abril;2026;3
Aérea;Rio de Janeiro;Dinamarca;Abril;2026;534
Aérea;São Paulo;Dinamarca;Abril;2026;5
Aérea;São Paulo;Dinamarca;Abril;2026;314
Aérea;Paraná;Dinamarca;Abril;2026;6
Aérea;Paraná;Dinamarca;Abril;2026;1
Aérea;Santa Catarina;Dinamarca;Abril;2026;6
Aérea;Rio Grande do Sul;Dinamarca;Abril;2026;3
Aérea;Distrito Federal;Dinamarca;Abril;2026;4
Terrestre;Amazonas;Dinamarca;Abril;2026;5
Terrestre;Paraná;Dinamarca;Abril;2026;1
Terrestre;Paraná;Dinamarca;Abril;2026;5
Terrestre;Paraná;Dinamarca;Abril;2026;140
Terrestre;Rio Grande do Sul;Dinamarca;Abril;2026;1
Marítima;Bahia;Dinamarca;Abril;2026;1
Marítima;Rio de Janeiro;Dinamarca;Abril;2026;13
Aérea;Rio de Janeiro;Dominica;Abril;2026;1
Aérea;São Paulo;Dominica;Abril;2026;21
Terrestre;Paraná;Dominica;Abril;2026;3
Terrestre;Rio Grande do Sul;Dominica;Abril;2026;1
Aérea;Pará;Egito;Abril;2026;2
Aérea;Rio de Janeiro;Egito;Abril;2026;90
Aérea;São Paulo;Egito;Abril;2026;1
Aérea;São Paulo;Egito;Abril;2026;161
Terrestre;Roraima;Egito;Abril;2026;1
Marítima;Rio de Janeiro;Egito;Abril;2026;2
Aérea;Bahia;El Salvador;Abril;2026;2
Aérea;Minas Gerais;El Salvador;Abril;2026;12
Aérea;Rio de Janeiro;El Salvador;Abril;2026;127
Aérea;São Paulo;El Salvador;Abril;2026;264
Aérea;Santa Catarina;El Salvador;Abril;2026;2
Aérea;Rio Grande do Sul;El Salvador;Abril;2026;5
Aérea;Distrito Federal;El Salvador;Abril;2026;13
Terrestre;Paraná;El Salvador;Abril;2026;3
Terrestre;Paraná;El Salvador;Abril;2026;9
Terrestre;Rio Grande do Sul;El Salvador;Abril;2026;1
Terrestre;Rio Grande do Sul;El Salvador;Abril;2026;4
Terrestre;Mato Grosso do Sul;El Salvador;Abril;2026;2
Aérea;Rio de Janeiro;Emirados Árabes Unidos;Abril;2026;14
Aérea;São Paulo;Emirados Árabes Unidos;Abril;2026;22
Terrestre;Paraná;Emirados Árabes Unidos;Abril;2026;1
Aérea;Amazonas;Equador;Abril;2026;16
Aérea;Pará;Equador;Abril;2026;5
Aérea;Pernambuco;Equador;Abril;2026;8
Aérea;Bahia;Equador;Abril;2026;12
Aérea;Minas Gerais;Equador;Abril;2026;7
Aérea;Rio de Janeiro;Equador;Abril;2026;2557
Aérea;São Paulo;Equador;Abril;2026;4
Aérea;São Paulo;Equador;Abril;2026;2470
Aérea;São Paulo;Equador;Abril;2026;1
Aérea;São Paulo;Equador;Abril;2026;1
Aérea;Paraná;Equador;Abril;2026;9
Aérea;Paraná;Equador;Abril;2026;84
Aérea;Santa Catarina;Equador;Abril;2026;85
Aérea;Rio Grande do Sul;Equador;Abril;2026;66
Aérea;Distrito Federal;Equador;Abril;2026;230
Terrestre;Rondônia;Equador;Abril;2026;4
Terrestre;Acre;Equador;Abril;2026;16
Terrestre;Amazonas;Equador;Abril;2026;6
Terrestre;Roraima;Equador;Abril;2026;4
Terrestre;Paraná;Equador;Abril;2026;50
Terrestre;Paraná;Equador;Abril;2026;424
Terrestre;Paraná;Equador;Abril;2026;1
Terrestre;Rio Grande do Sul;Equador;Abril;2026;5
Terrestre;Rio Grande do Sul;Equador;Abril;2026;1
Terrestre;Rio Grande do Sul;Equador;Abril;2026;4
Terrestre;Rio Grande do Sul;Equador;Abril;2026;4
Terrestre;Mato Grosso do Sul;Equador;Abril;2026;19
Terrestre;Mato Grosso do Sul;Equador;Abril;2026;3
Marítima;Bahia;Equador;Abril;2026;1
Marítima;Rio de Janeiro;Equador;Abril;2026;5
Aérea;Bahia;Eslováquia;Abril;2026;2
Aérea;Rio de Janeiro;Eslováquia;Abril;2026;115
Aérea;São Paulo;Eslováquia;Abril;2026;128
Aérea;Paraná;Eslováquia;Abril;2026;2
Aérea;Santa Catarina;Eslováquia;Abril;2026;4
Aérea;Distrito Federal;Eslováquia;Abril;2026;2
Terrestre;Paraná;Eslováquia;Abril;2026;4
Terrestre;Paraná;Eslováquia;Abril;2026;109
Aérea;Ceará;Eslovênia;Abril;2026;32
Aérea;Pernambuco;Eslovênia;Abril;2026;1
Aérea;Bahia;Eslovênia;Abril;2026;8
Aérea;Rio de Janeiro;Eslovênia;Abril;2026;53
Aérea;São Paulo;Eslovênia;Abril;2026;2
Aérea;São Paulo;Eslovênia;Abril;2026;121
Aérea;Distrito Federal;Eslovênia;Abril;2026;1
Terrestre;Paraná;Eslovênia;Abril;2026;23
Aérea;Amazonas;Espanha;Abril;2026;33
Aérea;Roraima;Espanha;Abril;2026;1
Aérea;Pará;Espanha;Abril;2026;26
Aérea;Ceará;Espanha;Abril;2026;181
Aérea;Rio Grande do Norte;Espanha;Abril;2026;44
Aérea;Pernambuco;Espanha;Abril;2026;276
Aérea;Alagoas;Espanha;Abril;2026;10
Aérea;Bahia;Espanha;Abril;2026;1
Aérea;Bahia;Espanha;Abril;2026;264
Aérea;Minas Gerais;Espanha;Abril;2026;48
Aérea;Rio de Janeiro;Espanha;Abril;2026;2267
Aérea;São Paulo;Espanha;Abril;2026;64
Aérea;São Paulo;Espanha;Abril;2026;5299
Aérea;São Paulo;Espanha;Abril;2026;6
Aérea;Paraná;Espanha;Abril;2026;17
Aérea;Paraná;Espanha;Abril;2026;9
Aérea;Santa Catarina;Espanha;Abril;2026;158
Aérea;Rio Grande do Sul;Espanha;Abril;2026;98
Aérea;Distrito Federal;Espanha;Abril;2026;90
Terrestre;Rondônia;Espanha;Abril;2026;2
Terrestre;Acre;Espanha;Abril;2026;8
Terrestre;Amazonas;Espanha;Abril;2026;7
Terrestre;Roraima;Espanha;Abril;2026;3
Terrestre;Amapá;Espanha;Abril;2026;6
Terrestre;Paraná;Espanha;Abril;2026;129
Terrestre;Paraná;Espanha;Abril;2026;1068
Terrestre;Paraná;Espanha;Abril;2026;26
Terrestre;Paraná;Espanha;Abril;2026;1
Terrestre;Santa Catarina;Espanha;Abril;2026;2
Terrestre;Rio Grande do Sul;Espanha;Abril;2026;21
Terrestre;Rio Grande do Sul;Espanha;Abril;2026;1
Terrestre;Rio Grande do Sul;Espanha;Abril;2026;4
Terrestre;Rio Grande do Sul;Espanha;Abril;2026;2
Terrestre;Rio Grande do Sul;Espanha;Abril;2026;5
Terrestre;Mato Grosso do Sul;Espanha;Abril;2026;13
Terrestre;Mato Grosso;Espanha;Abril;2026;4
Marítima;Pernambuco;Espanha;Abril;2026;57
Marítima;Rio de Janeiro;Espanha;Abril;2026;48
Marítima;São Paulo;Espanha;Abril;2026;2
Marítima;Santa Catarina;Espanha;Abril;2026;1
Fluvial;Amapá;Espanha;Abril;2026;2
Fluvial;Rio Grande do Sul;Espanha;Abril;2026;3
Fluvial;Rio Grande do Sul;Espanha;Abril;2026;13
Aérea;Amazonas;Estados Unidos;Abril;2026;880
Aérea;Pará;Estados Unidos;Abril;2026;83
Aérea;Ceará;Estados Unidos;Abril;2026;148
Aérea;Rio Grande do Norte;Estados Unidos;Abril;2026;4
Aérea;Paraíba;Estados Unidos;Abril;2026;10
Aérea;Pernambuco;Estados Unidos;Abril;2026;21
Aérea;Bahia;Estados Unidos;Abril;2026;8
Aérea;Bahia;Estados Unidos;Abril;2026;195
Aérea;Minas Gerais;Estados Unidos;Abril;2026;267
Aérea;Rio de Janeiro;Estados Unidos;Abril;2026;17860
Aérea;São Paulo;Estados Unidos;Abril;2026;1945
Aérea;São Paulo;Estados Unidos;Abril;2026;27608
Aérea;São Paulo;Estados Unidos;Abril;2026;11
Aérea;Paraná;Estados Unidos;Abril;2026;11
Aérea;Paraná;Estados Unidos;Abril;2026;37
Aérea;Santa Catarina;Estados Unidos;Abril;2026;240
Aérea;Rio Grande do Sul;Estados Unidos;Abril;2026;320
Aérea;Mato Grosso;Estados Unidos;Abril;2026;2
Aérea;Distrito Federal;Estados Unidos;Abril;2026;607
Terrestre;Acre;Estados Unidos;Abril;2026;3
Terrestre;Amazonas;Estados Unidos;Abril;2026;9
Terrestre;Roraima;Estados Unidos;Abril;2026;14
Terrestre;Roraima;Estados Unidos;Abril;2026;5
Terrestre;Paraná;Estados Unidos;Abril;2026;128
Terrestre;Paraná;Estados Unidos;Abril;2026;2144
Terrestre;Paraná;Estados Unidos;Abril;2026;1
Terrestre;Rio Grande do Sul;Estados Unidos;Abril;2026;15
Terrestre;Rio Grande do Sul;Estados Unidos;Abril;2026;3
Terrestre;Rio Grande do Sul;Estados Unidos;Abril;2026;3
Terrestre;Mato Grosso do Sul;Estados Unidos;Abril;2026;2
Terrestre;Mato Grosso do Sul;Estados Unidos;Abril;2026;3
Terrestre;Mato Grosso;Estados Unidos;Abril;2026;3
Marítima;Ceará;Estados Unidos;Abril;2026;10
Marítima;Ceará;Estados Unidos;Abril;2026;2
Marítima;Pernambuco;Estados Unidos;Abril;2026;6
Marítima;Bahia;Estados Unidos;Abril;2026;20
Marítima;Rio de Janeiro;Estados Unidos;Abril;2026;1
Marítima;Rio de Janeiro;Estados Unidos;Abril;2026;389
Marítima;São Paulo;Estados Unidos;Abril;2026;2
Marítima;Santa Catarina;Estados Unidos;Abril;2026;80
Fluvial;Rio Grande do Sul;Estados Unidos;Abril;2026;3
Aérea;Pernambuco;Estônia;Abril;2026;1
Aérea;Rio de Janeiro;Estônia;Abril;2026;34
Aérea;São Paulo;Estônia;Abril;2026;1
Aérea;São Paulo;Estônia;Abril;2026;52
Aérea;Santa Catarina;Estônia;Abril;2026;1
Aérea;Distrito Federal;Estônia;Abril;2026;1
Terrestre;Acre;Estônia;Abril;2026;1
Terrestre;Acre;Estônia;Abril;2026;1
Terrestre;Paraná;Estônia;Abril;2026;4
Terrestre;Paraná;Estônia;Abril;2026;13
Marítima;Pernambuco;Estônia;Abril;2026;4
Aérea;Rio de Janeiro;Etiópia;Abril;2026;3
Aérea;São Paulo;Etiópia;Abril;2026;23
Aérea;Distrito Federal;Etiópia;Abril;2026;1
Marítima;Maranhão;Etiópia;Abril;2026;1
Marítima;Rio de Janeiro;Etiópia;Abril;2026;1
Marítima;Santa Catarina;Etiópia;Abril;2026;2
Marítima;Rio Grande do Sul;Etiópia;Abril;2026;1
Terrestre;Paraná;Fiji;Abril;2026;1
Aérea;Pará;Filipinas;Abril;2026;1
Aérea;Pernambuco;Filipinas;Abril;2026;1
Aérea;Minas Gerais;Filipinas;Abril;2026;2
Aérea;Rio de Janeiro;Filipinas;Abril;2026;115
Aérea;São Paulo;Filipinas;Abril;2026;1
Aérea;São Paulo;Filipinas;Abril;2026;212
Aérea;Santa Catarina;Filipinas;Abril;2026;1
Aérea;Rio Grande do Sul;Filipinas;Abril;2026;1
Aérea;Distrito Federal;Filipinas;Abril;2026;2
Terrestre;Amapá;Filipinas;Abril;2026;1
Terrestre;Paraná;Filipinas;Abril;2026;1
Terrestre;Paraná;Filipinas;Abril;2026;5
Marítima;Rio de Janeiro;Filipinas;Abril;2026;85
Marítima;Santa Catarina;Filipinas;Abril;2026;1
Fluvial;Amapá;Filipinas;Abril;2026;1
Aérea;Amazonas;Finlândia;Abril;2026;2
Aérea;Pará;Finlândia;Abril;2026;1
Aérea;Ceará;Finlândia;Abril;2026;9
Aérea;Rio Grande do Norte;Finlândia;Abril;2026;3
Aérea;Pernambuco;Finlândia;Abril;2026;9
Aérea;Bahia;Finlândia;Abril;2026;10
Aérea;Minas Gerais;Finlândia;Abril;2026;3
Aérea;Rio de Janeiro;Finlândia;Abril;2026;125
Aérea;São Paulo;Finlândia;Abril;2026;2
Aérea;São Paulo;Finlândia;Abril;2026;207
Aérea;Santa Catarina;Finlândia;Abril;2026;4
Aérea;Rio Grande do Sul;Finlândia;Abril;2026;1
Aérea;Distrito Federal;Finlândia;Abril;2026;1
Terrestre;Amazonas;Finlândia;Abril;2026;1
Terrestre;Paraná;Finlândia;Abril;2026;5
Terrestre;Paraná;Finlândia;Abril;2026;24
Marítima;Pernambuco;Finlândia;Abril;2026;4
Marítima;Rio de Janeiro;Finlândia;Abril;2026;5
Aérea;Amazonas;França;Abril;2026;51
Aérea;Pará;França;Abril;2026;359
Aérea;Ceará;França;Abril;2026;1205
Aérea;Rio Grande do Norte;França;Abril;2026;96
Aérea;Pernambuco;França;Abril;2026;187
Aérea;Alagoas;França;Abril;2026;17
Aérea;Bahia;França;Abril;2026;433
Aérea;Minas Gerais;França;Abril;2026;81
Aérea;Rio de Janeiro;França;Abril;2026;1
Aérea;Rio de Janeiro;França;Abril;2026;8349
Aérea;São Paulo;França;Abril;2026;68
Aérea;São Paulo;França;Abril;2026;6607
Aérea;Paraná;França;Abril;2026;3
Aérea;Paraná;França;Abril;2026;7
Aérea;Santa Catarina;França;Abril;2026;103
Aérea;Rio Grande do Sul;França;Abril;2026;16
Aérea;Distrito Federal;França;Abril;2026;113
Terrestre;Rondônia;França;Abril;2026;1
Terrestre;Acre;França;Abril;2026;1
Terrestre;Acre;França;Abril;2026;1
Terrestre;Amazonas;França;Abril;2026;21
Terrestre;Roraima;França;Abril;2026;1
Terrestre;Roraima;França;Abril;2026;10
Terrestre;Amapá;França;Abril;2026;3445
Terrestre;Paraná;França;Abril;2026;68
Terrestre;Paraná;França;Abril;2026;977
Terrestre;Paraná;França;Abril;2026;2
Terrestre;Rio Grande do Sul;França;Abril;2026;23
Terrestre;Rio Grande do Sul;França;Abril;2026;1
Terrestre;Rio Grande do Sul;França;Abril;2026;1
Terrestre;Rio Grande do Sul;França;Abril;2026;1
Terrestre;Rio Grande do Sul;França;Abril;2026;1
Terrestre;Rio Grande do Sul;França;Abril;2026;2
Terrestre;Rio Grande do Sul;França;Abril;2026;3
Terrestre;Mato Grosso do Sul;França;Abril;2026;13
Terrestre;Mato Grosso do Sul;França;Abril;2026;7
Terrestre;Mato Grosso;França;Abril;2026;2
Marítima;Ceará;França;Abril;2026;1
Marítima;Ceará;França;Abril;2026;2
Marítima;Paraíba;França;Abril;2026;1
Marítima;Pernambuco;França;Abril;2026;2
Marítima;Bahia;França;Abril;2026;4
Marítima;Rio de Janeiro;França;Abril;2026;5
Marítima;Rio de Janeiro;França;Abril;2026;32
Marítima;São Paulo;França;Abril;2026;9
Marítima;Santa Catarina;França;Abril;2026;1
Fluvial;Pará;França;Abril;2026;34
Fluvial;Amapá;França;Abril;2026;599
Aérea;Rio de Janeiro;Gabão;Abril;2026;5
Aérea;São Paulo;Gabão;Abril;2026;5
Terrestre;Amapá;Gabão;Abril;2026;1
Aérea;Bahia;Gana;Abril;2026;1
Aérea;Rio de Janeiro;Gana;Abril;2026;12
Aérea;São Paulo;Gana;Abril;2026;39
Marítima;Rio de Janeiro;Gana;Abril;2026;1
Aérea;Rio de Janeiro;Geórgia;Abril;2026;26
Aérea;São Paulo;Geórgia;Abril;2026;106
Terrestre;Paraná;Geórgia;Abril;2026;7
Terrestre;Rio Grande do Sul;Geórgia;Abril;2026;1
Marítima;Rio de Janeiro;Geórgia;Abril;2026;2
Aérea;Rio de Janeiro;Granada;Abril;2026;2
Aérea;São Paulo;Granada;Abril;2026;5
Terrestre;Roraima;Granada;Abril;2026;1
Aérea;Amazonas;Grécia;Abril;2026;2
Aérea;Pará;Grécia;Abril;2026;2
Aérea;Ceará;Grécia;Abril;2026;2
Aérea;Pernambuco;Grécia;Abril;2026;6
Aérea;Bahia;Grécia;Abril;2026;6
Aérea;Minas Gerais;Grécia;Abril;2026;1
Aérea;Rio de Janeiro;Grécia;Abril;2026;710
Aérea;São Paulo;Grécia;Abril;2026;3
Aérea;São Paulo;Grécia;Abril;2026;480
Aérea;Santa Catarina;Grécia;Abril;2026;3
Aérea;Distrito Federal;Grécia;Abril;2026;2
Terrestre;Amazonas;Grécia;Abril;2026;2
Terrestre;Paraná;Grécia;Abril;2026;76
Marítima;Ceará;Grécia;Abril;2026;1
Marítima;Bahia;Grécia;Abril;2026;2
Marítima;Rio de Janeiro;Grécia;Abril;2026;24
Marítima;Santa Catarina;Grécia;Abril;2026;1
Marítima;Rio Grande do Sul;Grécia;Abril;2026;1
Aérea;Amazonas;Guatemala;Abril;2026;4
Aérea;Pará;Guatemala;Abril;2026;1
Aérea;Ceará;Guatemala;Abril;2026;1
Aérea;Pernambuco;Guatemala;Abril;2026;1
Aérea;Bahia;Guatemala;Abril;2026;6
Aérea;Minas Gerais;Guatemala;Abril;2026;8
Aérea;Rio de Janeiro;Guatemala;Abril;2026;463
Aérea;São Paulo;Guatemala;Abril;2026;1
Aérea;São Paulo;Guatemala;Abril;2026;422
Aérea;Paraná;Guatemala;Abril;2026;3
Aérea;Santa Catarina;Guatemala;Abril;2026;10
Aérea;Rio Grande do Sul;Guatemala;Abril;2026;5
Aérea;Distrito Federal;Guatemala;Abril;2026;34
Terrestre;Paraná;Guatemala;Abril;2026;6
Terrestre;Paraná;Guatemala;Abril;2026;36
Marítima;Rio de Janeiro;Guatemala;Abril;2026;1
Aérea;Amazonas;Guiana;Abril;2026;2
Aérea;Pará;Guiana;Abril;2026;8
Aérea;Rio de Janeiro;Guiana;Abril;2026;29
Aérea;São Paulo;Guiana;Abril;2026;30
Aérea;Distrito Federal;Guiana;Abril;2026;4
Terrestre;Roraima;Guiana;Abril;2026;1580
Terrestre;Roraima;Guiana;Abril;2026;1
Terrestre;Amapá;Guiana;Abril;2026;17
Fluvial;Amapá;Guiana;Abril;2026;4
Terrestre;Roraima;Guiana Francesa;Abril;2026;1
Terrestre;Amapá;Guiana Francesa;Abril;2026;1
Aérea;Rio de Janeiro;Guiné;Abril;2026;1
Aérea;São Paulo;Guiné;Abril;2026;49
Terrestre;Roraima;Guiné;Abril;2026;1
Aérea;Rio de Janeiro;Guiné Equatorial;Abril;2026;1
Aérea;São Paulo;Guiné Equatorial;Abril;2026;2
Aérea;Ceará;Guiné-Bissau;Abril;2026;2
Aérea;Bahia;Guiné-Bissau;Abril;2026;1
Aérea;São Paulo;Guiné-Bissau;Abril;2026;12
Aérea;Rio de Janeiro;Gâmbia;Abril;2026;4
Marítima;Rio de Janeiro;Gâmbia;Abril;2026;4
Aérea;Ceará;Haiti;Abril;2026;2
Aérea;Minas Gerais;Haiti;Abril;2026;2
Aérea;Rio de Janeiro;Haiti;Abril;2026;10
Aérea;São Paulo;Haiti;Abril;2026;3
Aérea;São Paulo;Haiti;Abril;2026;62
Aérea;Santa Catarina;Haiti;Abril;2026;14
Aérea;Rio Grande do Sul;Haiti;Abril;2026;4
Aérea;Distrito Federal;Haiti;Abril;2026;5
Terrestre;Amapá;Haiti;Abril;2026;4
Terrestre;Paraná;Haiti;Abril;2026;1
Terrestre;Rio Grande do Sul;Haiti;Abril;2026;1
Fluvial;Amapá;Haiti;Abril;2026;4
Aérea;Amazonas;Holanda;Abril;2026;14
Aérea;Pará;Holanda;Abril;2026;147
Aérea;Ceará;Holanda;Abril;2026;143
Aérea;Rio Grande do Norte;Holanda;Abril;2026;54
Aérea;Pernambuco;Holanda;Abril;2026;51
Aérea;Bahia;Holanda;Abril;2026;59
Aérea;Minas Gerais;Holanda;Abril;2026;42
Aérea;Rio de Janeiro;Holanda;Abril;2026;1955
Aérea;São Paulo;Holanda;Abril;2026;3
Aérea;São Paulo;Holanda;Abril;2026;2553
Aérea;São Paulo;Holanda;Abril;2026;3
Aérea;Paraná;Holanda;Abril;2026;9
Aérea;Paraná;Holanda;Abril;2026;2
Aérea;Santa Catarina;Holanda;Abril;2026;40
Aérea;Rio Grande do Sul;Holanda;Abril;2026;11
Aérea;Distrito Federal;Holanda;Abril;2026;22
Terrestre;Acre;Holanda;Abril;2026;2
Terrestre;Amazonas;Holanda;Abril;2026;7
Terrestre;Roraima;Holanda;Abril;2026;7
Terrestre;Amapá;Holanda;Abril;2026;15
Terrestre;Paraná;Holanda;Abril;2026;38
Terrestre;Paraná;Holanda;Abril;2026;336
Terrestre;Rio Grande do Sul;Holanda;Abril;2026;5
Terrestre;Rio Grande do Sul;Holanda;Abril;2026;1
Terrestre;Rio Grande do Sul;Holanda;Abril;2026;1
Terrestre;Mato Grosso do Sul;Holanda;Abril;2026;2
Marítima;Pernambuco;Holanda;Abril;2026;3
Marítima;Rio de Janeiro;Holanda;Abril;2026;43
Marítima;Santa Catarina;Holanda;Abril;2026;7
Marítima;Rio Grande do Sul;Holanda;Abril;2026;1
Aérea;Ceará;Honduras;Abril;2026;1
Aérea;Minas Gerais;Honduras;Abril;2026;3
Aérea;Rio de Janeiro;Honduras;Abril;2026;184
Aérea;São Paulo;Honduras;Abril;2026;328
Aérea;Paraná;Honduras;Abril;2026;1
Aérea;Santa Catarina;Honduras;Abril;2026;9
Aérea;Rio Grande do Sul;Honduras;Abril;2026;1
Aérea;Distrito Federal;Honduras;Abril;2026;6
Terrestre;Paraná;Honduras;Abril;2026;6
Terrestre;Paraná;Honduras;Abril;2026;15
Aérea;Amazonas;Hungria;Abril;2026;1
Aérea;Ceará;Hungria;Abril;2026;3
Aérea;Rio Grande do Norte;Hungria;Abril;2026;1
Aérea;Pernambuco;Hungria;Abril;2026;3
Aérea;Bahia;Hungria;Abril;2026;7
Aérea;Minas Gerais;Hungria;Abril;2026;1
Aérea;Rio de Janeiro;Hungria;Abril;2026;434
Aérea;São Paulo;Hungria;Abril;2026;5
Aérea;São Paulo;Hungria;Abril;2026;167
Aérea;Santa Catarina;Hungria;Abril;2026;2
Aérea;Distrito Federal;Hungria;Abril;2026;1
Terrestre;Acre;Hungria;Abril;2026;1
Terrestre;Amazonas;Hungria;Abril;2026;2
Terrestre;Paraná;Hungria;Abril;2026;2
Terrestre;Paraná;Hungria;Abril;2026;24
Terrestre;Mato Grosso do Sul;Hungria;Abril;2026;47
Aérea;Pará;Indonésia;Abril;2026;1
Aérea;Rio de Janeiro;Indonésia;Abril;2026;53
Aérea;São Paulo;Indonésia;Abril;2026;315
Aérea;Distrito Federal;Indonésia;Abril;2026;1
Terrestre;Amazonas;Indonésia;Abril;2026;1
Terrestre;Roraima;Indonésia;Abril;2026;1
Terrestre;Paraná;Indonésia;Abril;2026;1
Terrestre;Rio Grande do Sul;Indonésia;Abril;2026;1
Aérea;São Paulo;Iraque;Abril;2026;9
Aérea;Amazonas;Irlanda;Abril;2026;1
Aérea;Ceará;Irlanda;Abril;2026;35
Aérea;Rio Grande do Norte;Irlanda;Abril;2026;4
Aérea;Pernambuco;Irlanda;Abril;2026;82
Aérea;Alagoas;Irlanda;Abril;2026;2
Aérea;Bahia;Irlanda;Abril;2026;42
Aérea;Minas Gerais;Irlanda;Abril;2026;20
Aérea;Rio de Janeiro;Irlanda;Abril;2026;1051
Aérea;São Paulo;Irlanda;Abril;2026;22
Aérea;São Paulo;Irlanda;Abril;2026;2405
Aérea;Paraná;Irlanda;Abril;2026;1
Aérea;Paraná;Irlanda;Abril;2026;2
Aérea;Santa Catarina;Irlanda;Abril;2026;21
Aérea;Rio Grande do Sul;Irlanda;Abril;2026;7
Aérea;Distrito Federal;Irlanda;Abril;2026;16
Terrestre;Amazonas;Irlanda;Abril;2026;1
Terrestre;Roraima;Irlanda;Abril;2026;2
Terrestre;Roraima;Irlanda;Abril;2026;1
Terrestre;Amapá;Irlanda;Abril;2026;1
Terrestre;Paraná;Irlanda;Abril;2026;6
Terrestre;Paraná;Irlanda;Abril;2026;150
Terrestre;Rio Grande do Sul;Irlanda;Abril;2026;2
Terrestre;Rio Grande do Sul;Irlanda;Abril;2026;3
Terrestre;Mato Grosso do Sul;Irlanda;Abril;2026;1
Marítima;Rio de Janeiro;Irlanda;Abril;2026;27
Marítima;São Paulo;Irlanda;Abril;2026;1
Marítima;Santa Catarina;Irlanda;Abril;2026;2
Aérea;Rio Grande do Norte;Irã;Abril;2026;1
Aérea;Rio de Janeiro;Irã;Abril;2026;81
Aérea;São Paulo;Irã;Abril;2026;58
Terrestre;Paraná;Irã;Abril;2026;1
Aérea;Bahia;Islândia;Abril;2026;4
Aérea;Rio de Janeiro;Islândia;Abril;2026;19
Aérea;São Paulo;Islândia;Abril;2026;16
Aérea;Santa Catarina;Islândia;Abril;2026;1
Aérea;Distrito Federal;Islândia;Abril;2026;4
Terrestre;Acre;Islândia;Abril;2026;1
Terrestre;Paraná;Islândia;Abril;2026;19
Marítima;Rio de Janeiro;Islândia;Abril;2026;5
Aérea;Amazonas;Israel;Abril;2026;7
Aérea;Pará;Israel;Abril;2026;4
Aérea;Ceará;Israel;Abril;2026;1
Aérea;Bahia;Israel;Abril;2026;1
Aérea;Bahia;Israel;Abril;2026;13
Aérea;Rio de Janeiro;Israel;Abril;2026;358
Aérea;São Paulo;Israel;Abril;2026;4
Aérea;São Paulo;Israel;Abril;2026;707
Aérea;Paraná;Israel;Abril;2026;1
Aérea;Paraná;Israel;Abril;2026;2
Aérea;Santa Catarina;Israel;Abril;2026;2
Aérea;Distrito Federal;Israel;Abril;2026;7
Terrestre;Rondônia;Israel;Abril;2026;1
Terrestre;Acre;Israel;Abril;2026;1
Terrestre;Paraná;Israel;Abril;2026;9
Terrestre;Paraná;Israel;Abril;2026;167
Terrestre;Rio Grande do Sul;Israel;Abril;2026;6
Terrestre;Mato Grosso do Sul;Israel;Abril;2026;2
Marítima;Pernambuco;Israel;Abril;2026;2
Marítima;Rio de Janeiro;Israel;Abril;2026;4
Fluvial;Amapá;Israel;Abril;2026;1
Aérea;Amazonas;Itália;Abril;2026;15
Aérea;Pará;Itália;Abril;2026;16
Aérea;Ceará;Itália;Abril;2026;710
Aérea;Rio Grande do Norte;Itália;Abril;2026;128
Aérea;Pernambuco;Itália;Abril;2026;228
Aérea;Alagoas;Itália;Abril;2026;26
Aérea;Bahia;Itália;Abril;2026;2
Aérea;Bahia;Itália;Abril;2026;271
Aérea;Minas Gerais;Itália;Abril;2026;132
Aérea;Rio de Janeiro;Itália;Abril;2026;3324
Aérea;São Paulo;Itália;Abril;2026;34
Aérea;São Paulo;Itália;Abril;2026;5899
Aérea;Paraná;Itália;Abril;2026;3
Aérea;Paraná;Itália;Abril;2026;8
Aérea;Santa Catarina;Itália;Abril;2026;204
Aérea;Rio Grande do Sul;Itália;Abril;2026;68
Aérea;Distrito Federal;Itália;Abril;2026;73
Terrestre;Rondônia;Itália;Abril;2026;2
Terrestre;Acre;Itália;Abril;2026;2
Terrestre;Acre;Itália;Abril;2026;2
Terrestre;Amazonas;Itália;Abril;2026;4
Terrestre;Roraima;Itália;Abril;2026;2
Terrestre;Roraima;Itália;Abril;2026;1
Terrestre;Amapá;Itália;Abril;2026;2
Terrestre;Paraná;Itália;Abril;2026;57
Terrestre;Paraná;Itália;Abril;2026;349
Terrestre;Santa Catarina;Itália;Abril;2026;1
Terrestre;Rio Grande do Sul;Itália;Abril;2026;1
Terrestre;Rio Grande do Sul;Itália;Abril;2026;10
Terrestre;Rio Grande do Sul;Itália;Abril;2026;5
Terrestre;Rio Grande do Sul;Itália;Abril;2026;1
Terrestre;Rio Grande do Sul;Itália;Abril;2026;2
Terrestre;Rio Grande do Sul;Itália;Abril;2026;2
Terrestre;Rio Grande do Sul;Itália;Abril;2026;15
Terrestre;Mato Grosso do Sul;Itália;Abril;2026;1
Terrestre;Mato Grosso do Sul;Itália;Abril;2026;4
Marítima;Pernambuco;Itália;Abril;2026;3
Marítima;Pernambuco;Itália;Abril;2026;1
Marítima;Bahia;Itália;Abril;2026;4
Marítima;Rio de Janeiro;Itália;Abril;2026;26
Fluvial;Amapá;Itália;Abril;2026;6
Fluvial;Rio Grande do Sul;Itália;Abril;2026;1
Aérea;Rio de Janeiro;Iêmen;Abril;2026;2
Aérea;São Paulo;Iêmen;Abril;2026;19
Aérea;Amazonas;Jamaica;Abril;2026;1
Aérea;Bahia;Jamaica;Abril;2026;2
Aérea;Minas Gerais;Jamaica;Abril;2026;1
Aérea;Rio de Janeiro;Jamaica;Abril;2026;60
Aérea;São Paulo;Jamaica;Abril;2026;2
Aérea;São Paulo;Jamaica;Abril;2026;53
Aérea;Distrito Federal;Jamaica;Abril;2026;5
Terrestre;Roraima;Jamaica;Abril;2026;3
Terrestre;Paraná;Jamaica;Abril;2026;2
Aérea;Amazonas;Japão;Abril;2026;13
Aérea;Pernambuco;Japão;Abril;2026;4
Aérea;Bahia;Japão;Abril;2026;2
Aérea;Minas Gerais;Japão;Abril;2026;2
Aérea;Rio de Janeiro;Japão;Abril;2026;453
Aérea;São Paulo;Japão;Abril;2026;4650
Aérea;Paraná;Japão;Abril;2026;5
Aérea;Paraná;Japão;Abril;2026;3
Aérea;Santa Catarina;Japão;Abril;2026;3
Aérea;Rio Grande do Sul;Japão;Abril;2026;3
Aérea;Distrito Federal;Japão;Abril;2026;13
Terrestre;Rondônia;Japão;Abril;2026;2
Terrestre;Acre;Japão;Abril;2026;1
Terrestre;Amazonas;Japão;Abril;2026;2
Terrestre;Paraná;Japão;Abril;2026;89
Terrestre;Paraná;Japão;Abril;2026;127
Terrestre;Santa Catarina;Japão;Abril;2026;1
Terrestre;Rio Grande do Sul;Japão;Abril;2026;1
Terrestre;Rio Grande do Sul;Japão;Abril;2026;4
Terrestre;Mato Grosso do Sul;Japão;Abril;2026;6
Terrestre;Mato Grosso do Sul;Japão;Abril;2026;2
Terrestre;Mato Grosso;Japão;Abril;2026;1
Marítima;Rio de Janeiro;Japão;Abril;2026;2
Aérea;Rio de Janeiro;Jordânia;Abril;2026;7
Aérea;São Paulo;Jordânia;Abril;2026;20
Aérea;Rio de Janeiro;Kuwait;Abril;2026;2
Aérea;São Paulo;Kuwait;Abril;2026;4
Aérea;São Paulo;Laos;Abril;2026;1
Aérea;São Paulo;Lesoto;Abril;2026;2
Aérea;Ceará;Letônia;Abril;2026;1
Aérea;Pernambuco;Letônia;Abril;2026;1
Aérea;Bahia;Letônia;Abril;2026;1
Aérea;Rio de Janeiro;Letônia;Abril;2026;36
Aérea;São Paulo;Letônia;Abril;2026;6
Aérea;São Paulo;Letônia;Abril;2026;74
Aérea;Distrito Federal;Letônia;Abril;2026;1
Terrestre;Paraná;Letônia;Abril;2026;16
Marítima;Santa Catarina;Letônia;Abril;2026;1
Aérea;São Paulo;Libéria;Abril;2026;4
Aérea;Ceará;Liechtenstein;Abril;2026;2
Aérea;São Paulo;Liechtenstein;Abril;2026;9
Terrestre;Paraná;Liechtenstein;Abril;2026;1
Terrestre;Mato Grosso do Sul;Liechtenstein;Abril;2026;2
Aérea;Ceará;Lituânia;Abril;2026;2
Aérea;Pernambuco;Lituânia;Abril;2026;3
Aérea;Bahia;Lituânia;Abril;2026;2
Aérea;Minas Gerais;Lituânia;Abril;2026;2
Aérea;Rio de Janeiro;Lituânia;Abril;2026;63
Aérea;São Paulo;Lituânia;Abril;2026;5
Aérea;São Paulo;Lituânia;Abril;2026;103
Aérea;Santa Catarina;Lituânia;Abril;2026;6
Aérea;Distrito Federal;Lituânia;Abril;2026;1
Terrestre;Amazonas;Lituânia;Abril;2026;1
Terrestre;Paraná;Lituânia;Abril;2026;21
Terrestre;Mato Grosso do Sul;Lituânia;Abril;2026;2
Marítima;Rio de Janeiro;Lituânia;Abril;2026;1
Aérea;Pará;Luxemburgo;Abril;2026;1
Aérea;Ceará;Luxemburgo;Abril;2026;3
Aérea;Rio Grande do Norte;Luxemburgo;Abril;2026;2
Aérea;Pernambuco;Luxemburgo;Abril;2026;3
Aérea;Bahia;Luxemburgo;Abril;2026;5
Aérea;Minas Gerais;Luxemburgo;Abril;2026;1
Aérea;Rio de Janeiro;Luxemburgo;Abril;2026;63
Aérea;São Paulo;Luxemburgo;Abril;2026;2
Aérea;São Paulo;Luxemburgo;Abril;2026;80
Aérea;Santa Catarina;Luxemburgo;Abril;2026;3
Aérea;Distrito Federal;Luxemburgo;Abril;2026;1
Terrestre;Amapá;Luxemburgo;Abril;2026;1
Terrestre;Paraná;Luxemburgo;Abril;2026;10
Marítima;Rio de Janeiro;Luxemburgo;Abril;2026;1
Fluvial;Rio Grande do Sul;Luxemburgo;Abril;2026;1
Aérea;Bahia;Líbano;Abril;2026;1
Aérea;Rio de Janeiro;Líbano;Abril;2026;13
Aérea;São Paulo;Líbano;Abril;2026;103
Aérea;Paraná;Líbano;Abril;2026;2
Aérea;Rio Grande do Sul;Líbano;Abril;2026;1
Terrestre;Roraima;Líbano;Abril;2026;1
Terrestre;Paraná;Líbano;Abril;2026;7
Terrestre;Paraná;Líbano;Abril;2026;2
Marítima;Ceará;Líbano;Abril;2026;1
Aérea;São Paulo;Líbia;Abril;2026;26
Aérea;Pará;Macedônia;Abril;2026;1
Aérea;Rio de Janeiro;Macedônia;Abril;2026;39
Aérea;São Paulo;Macedônia;Abril;2026;1
Aérea;São Paulo;Macedônia;Abril;2026;12
Aérea;Rio de Janeiro;Madagascar;Abril;2026;7
Aérea;São Paulo;Madagascar;Abril;2026;3
Marítima;Rio de Janeiro;Madagascar;Abril;2026;7
Aérea;São Paulo;Malauí;Abril;2026;7
Aérea;Bahia;Mali;Abril;2026;1
Aérea;Rio de Janeiro;Mali;Abril;2026;5
Aérea;São Paulo;Mali;Abril;2026;12
Aérea;Pernambuco;Malta;Abril;2026;1
Aérea;Rio de Janeiro;Malta;Abril;2026;29
Aérea;São Paulo;Malta;Abril;2026;52
Aérea;Distrito Federal;Malta;Abril;2026;1
Terrestre;Paraná;Malta;Abril;2026;9
Aérea;Amazonas;Malásia;Abril;2026;1
Aérea;Pernambuco;Malásia;Abril;2026;1
Aérea;Rio de Janeiro;Malásia;Abril;2026;158
Aérea;São Paulo;Malásia;Abril;2026;1
Aérea;São Paulo;Malásia;Abril;2026;119
Aérea;Paraná;Malásia;Abril;2026;1
Terrestre;Roraima;Malásia;Abril;2026;1
Terrestre;Paraná;Malásia;Abril;2026;2
Terrestre;Paraná;Malásia;Abril;2026;90
Marítima;Rio de Janeiro;Malásia;Abril;2026;2
Aérea;Pará;Marrocos;Abril;2026;14
Aérea;Ceará;Marrocos;Abril;2026;12
Aérea;Rio Grande do Norte;Marrocos;Abril;2026;1
Aérea;Pernambuco;Marrocos;Abril;2026;2
Aérea;Bahia;Marrocos;Abril;2026;9
Aérea;Rio de Janeiro;Marrocos;Abril;2026;84
Aérea;São Paulo;Marrocos;Abril;2026;1
Aérea;São Paulo;Marrocos;Abril;2026;628
Aérea;Santa Catarina;Marrocos;Abril;2026;1
Aérea;Rio Grande do Sul;Marrocos;Abril;2026;1
Aérea;Distrito Federal;Marrocos;Abril;2026;2
Terrestre;Amapá;Marrocos;Abril;2026;1
Terrestre;Paraná;Marrocos;Abril;2026;2
Terrestre;Paraná;Marrocos;Abril;2026;3
Terrestre;Rio Grande do Sul;Marrocos;Abril;2026;3
Terrestre;Mato Grosso do Sul;Marrocos;Abril;2026;3
Fluvial;Amapá;Marrocos;Abril;2026;1
Aérea;Rio de Janeiro;Mauritânia;Abril;2026;1
Aérea;São Paulo;Mauritânia;Abril;2026;24
Aérea;Rio de Janeiro;Maurício;Abril;2026;1
Aérea;São Paulo;Maurício;Abril;2026;153
Marítima;Rio de Janeiro;Maurício;Abril;2026;12
Aérea;Rio de Janeiro;Mianma;Abril;2026;1
Aérea;São Paulo;Mianma;Abril;2026;2
Marítima;Rio de Janeiro;Mianma;Abril;2026;1
Aérea;Rio de Janeiro;Micronésia;Abril;2026;1
Aérea;Rio de Janeiro;Moldávia;Abril;2026;4
Aérea;São Paulo;Moldávia;Abril;2026;1
Aérea;São Paulo;Moldávia;Abril;2026;8
Aérea;Distrito Federal;Moldávia;Abril;2026;1
Aérea;Rio de Janeiro;Mongólia;Abril;2026;5
Aérea;São Paulo;Mongólia;Abril;2026;1
Aérea;São Paulo;Mongólia;Abril;2026;12
Terrestre;Paraná;Mongólia;Abril;2026;1
Terrestre;Paraná;Mongólia;Abril;2026;7
Aérea;Rio de Janeiro;Montenegro;Abril;2026;6
Aérea;São Paulo;Montenegro;Abril;2026;6
Terrestre;Paraná;Montenegro;Abril;2026;1
Marítima;Rio de Janeiro;Montenegro;Abril;2026;1
Aérea;Pernambuco;Moçambique;Abril;2026;1
Aérea;Bahia;Moçambique;Abril;2026;2
Aérea;Rio de Janeiro;Moçambique;Abril;2026;1
Aérea;São Paulo;Moçambique;Abril;2026;270
Aérea;Santa Catarina;Moçambique;Abril;2026;1
Aérea;Amazonas;México;Abril;2026;42
Aérea;Pará;México;Abril;2026;1
Aérea;Ceará;México;Abril;2026;4
Aérea;Rio Grande do Norte;México;Abril;2026;2
Aérea;Pernambuco;México;Abril;2026;1
Aérea;Bahia;México;Abril;2026;43
Aérea;Minas Gerais;México;Abril;2026;27
Aérea;Rio de Janeiro;México;Abril;2026;3199
Aérea;São Paulo;México;Abril;2026;4
Aérea;São Paulo;México;Abril;2026;7148
Aérea;Paraná;México;Abril;2026;8
Aérea;Paraná;México;Abril;2026;11
Aérea;Santa Catarina;México;Abril;2026;39
Aérea;Rio Grande do Sul;México;Abril;2026;21
Aérea;Distrito Federal;México;Abril;2026;139
Terrestre;Rondônia;México;Abril;2026;1
Terrestre;Acre;México;Abril;2026;1
Terrestre;Amazonas;México;Abril;2026;12
Terrestre;Roraima;México;Abril;2026;2
Terrestre;Paraná;México;Abril;2026;36
Terrestre;Paraná;México;Abril;2026;695
Terrestre;Paraná;México;Abril;2026;1
Terrestre;Rio Grande do Sul;México;Abril;2026;6
Terrestre;Rio Grande do Sul;México;Abril;2026;1
Terrestre;Rio Grande do Sul;México;Abril;2026;1
Terrestre;Rio Grande do Sul;México;Abril;2026;1
Terrestre;Rio Grande do Sul;México;Abril;2026;5
Terrestre;Mato Grosso do Sul;México;Abril;2026;39
Terrestre;Mato Grosso do Sul;México;Abril;2026;21
Marítima;Rio de Janeiro;México;Abril;2026;24
Marítima;Santa Catarina;México;Abril;2026;1
Fluvial;Rio Grande do Sul;México;Abril;2026;2
Aérea;Ceará;Mônaco;Abril;2026;1
Aérea;Rio de Janeiro;Mônaco;Abril;2026;3
Terrestre;Paraná;Mônaco;Abril;2026;2
Aérea;Ceará;Namíbia;Abril;2026;1
Aérea;São Paulo;Namíbia;Abril;2026;17
Aérea;Rio de Janeiro;Nepal;Abril;2026;7
Aérea;São Paulo;Nepal;Abril;2026;15
Marítima;Rio de Janeiro;Nepal;Abril;2026;3
Aérea;Minas Gerais;Nicarágua;Abril;2026;4
Aérea;Rio de Janeiro;Nicarágua;Abril;2026;95
Aérea;São Paulo;Nicarágua;Abril;2026;111
Aérea;Santa Catarina;Nicarágua;Abril;2026;2
Aérea;Distrito Federal;Nicarágua;Abril;2026;2
Terrestre;Paraná;Nicarágua;Abril;2026;4
Terrestre;Paraná;Nicarágua;Abril;2026;2
Terrestre;Rio Grande do Sul;Nicarágua;Abril;2026;2
Aérea;Amazonas;Nigéria;Abril;2026;1
Aérea;Bahia;Nigéria;Abril;2026;1
Aérea;Rio de Janeiro;Nigéria;Abril;2026;19
Aérea;São Paulo;Nigéria;Abril;2026;131
Aérea;Amazonas;Noruega;Abril;2026;2
Aérea;Pará;Noruega;Abril;2026;3
Aérea;Ceará;Noruega;Abril;2026;48
Aérea;Rio Grande do Norte;Noruega;Abril;2026;12
Aérea;Pernambuco;Noruega;Abril;2026;7
Aérea;Bahia;Noruega;Abril;2026;14
Aérea;Minas Gerais;Noruega;Abril;2026;3
Aérea;Rio de Janeiro;Noruega;Abril;2026;455
Aérea;São Paulo;Noruega;Abril;2026;6
Aérea;São Paulo;Noruega;Abril;2026;201
Aérea;Santa Catarina;Noruega;Abril;2026;11
Aérea;Rio Grande do Sul;Noruega;Abril;2026;5
Aérea;Distrito Federal;Noruega;Abril;2026;10
Terrestre;Amazonas;Noruega;Abril;2026;3
Terrestre;Paraná;Noruega;Abril;2026;7
Terrestre;Paraná;Noruega;Abril;2026;38
Terrestre;Rio Grande do Sul;Noruega;Abril;2026;1
Terrestre;Rio Grande do Sul;Noruega;Abril;2026;1
Terrestre;Mato Grosso do Sul;Noruega;Abril;2026;1
Marítima;Pernambuco;Noruega;Abril;2026;2
Marítima;Rio de Janeiro;Noruega;Abril;2026;21
Marítima;Santa Catarina;Noruega;Abril;2026;3
Aérea;Amazonas;Nova Zelândia;Abril;2026;1
Aérea;Pará;Nova Zelândia;Abril;2026;1
Aérea;Minas Gerais;Nova Zelândia;Abril;2026;2
Aérea;Rio de Janeiro;Nova Zelândia;Abril;2026;286
Aérea;São Paulo;Nova Zelândia;Abril;2026;420
Aérea;Paraná;Nova Zelândia;Abril;2026;4
Aérea;Santa Catarina;Nova Zelândia;Abril;2026;8
Aérea;Rio Grande do Sul;Nova Zelândia;Abril;2026;2
Aérea;Distrito Federal;Nova Zelândia;Abril;2026;23
Terrestre;Acre;Nova Zelândia;Abril;2026;3
Terrestre;Roraima;Nova Zelândia;Abril;2026;1
Terrestre;Paraná;Nova Zelândia;Abril;2026;3
Terrestre;Paraná;Nova Zelândia;Abril;2026;86
Terrestre;Rio Grande do Sul;Nova Zelândia;Abril;2026;2
Terrestre;Rio Grande do Sul;Nova Zelândia;Abril;2026;1
Terrestre;Mato Grosso do Sul;Nova Zelândia;Abril;2026;2
Marítima;Pernambuco;Nova Zelândia;Abril;2026;3
Marítima;Rio de Janeiro;Nova Zelândia;Abril;2026;8
Marítima;São Paulo;Nova Zelândia;Abril;2026;1
Marítima;Santa Catarina;Nova Zelândia;Abril;2026;1
Aérea;Rio de Janeiro;Níger;Abril;2026;1
Aérea;Rio de Janeiro;Omã;Abril;2026;11
Aérea;São Paulo;Omã;Abril;2026;5
Aérea;Rio de Janeiro;Palestina;Abril;2026;5
Aérea;São Paulo;Palestina;Abril;2026;61
Aérea;Amazonas;Panamá;Abril;2026;9
Aérea;Pará;Panamá;Abril;2026;1
Aérea;Bahia;Panamá;Abril;2026;21
Aérea;Minas Gerais;Panamá;Abril;2026;48
Aérea;Rio de Janeiro;Panamá;Abril;2026;572
Aérea;São Paulo;Panamá;Abril;2026;662
Aérea;Santa Catarina;Panamá;Abril;2026;33
Aérea;Rio Grande do Sul;Panamá;Abril;2026;15
Aérea;Distrito Federal;Panamá;Abril;2026;22
Terrestre;Roraima;Panamá;Abril;2026;1
Terrestre;Paraná;Panamá;Abril;2026;5
Terrestre;Rio Grande do Sul;Panamá;Abril;2026;1
Terrestre;Rio Grande do Sul;Panamá;Abril;2026;1
Terrestre;Rio Grande do Sul;Panamá;Abril;2026;1
Marítima;Rio de Janeiro;Panamá;Abril;2026;4
Fluvial;Rio Grande do Sul;Panamá;Abril;2026;2
Aérea;Amazonas;Paquistão;Abril;2026;1
Aérea;Rio de Janeiro;Paquistão;Abril;2026;29
Aérea;São Paulo;Paquistão;Abril;2026;1
Aérea;São Paulo;Paquistão;Abril;2026;66
Aérea;Paraná;Paquistão;Abril;2026;1
Aérea;Rio Grande do Sul;Paquistão;Abril;2026;2
Aérea;Distrito Federal;Paquistão;Abril;2026;1
Terrestre;Paraná;Paquistão;Abril;2026;1
Terrestre;Rio Grande do Sul;Paquistão;Abril;2026;1
Aérea;Amazonas;Paraguai;Abril;2026;4
Aérea;Ceará;Paraguai;Abril;2026;1
Aérea;Rio Grande do Norte;Paraguai;Abril;2026;9
Aérea;Pernambuco;Paraguai;Abril;2026;14
Aérea;Alagoas;Paraguai;Abril;2026;5
Aérea;Bahia;Paraguai;Abril;2026;9
Aérea;Minas Gerais;Paraguai;Abril;2026;2
Aérea;Rio de Janeiro;Paraguai;Abril;2026;1802
Aérea;São Paulo;Paraguai;Abril;2026;9
Aérea;São Paulo;Paraguai;Abril;2026;3649
Aérea;São Paulo;Paraguai;Abril;2026;1
Aérea;Paraná;Paraguai;Abril;2026;90
Aérea;Paraná;Paraguai;Abril;2026;11
Aérea;Santa Catarina;Paraguai;Abril;2026;66
Aérea;Santa Catarina;Paraguai;Abril;2026;9
Aérea;Rio Grande do Sul;Paraguai;Abril;2026;6
Aérea;Mato Grosso do Sul;Paraguai;Abril;2026;2
Aérea;Mato Grosso do Sul;Paraguai;Abril;2026;7
Aérea;Mato Grosso;Paraguai;Abril;2026;3
Aérea;Distrito Federal;Paraguai;Abril;2026;13
Terrestre;Rondônia;Paraguai;Abril;2026;1
Terrestre;Roraima;Paraguai;Abril;2026;1
Terrestre;Paraná;Paraguai;Abril;2026;4
Terrestre;Paraná;Paraguai;Abril;2026;22242
Terrestre;Paraná;Paraguai;Abril;2026;138
Terrestre;Paraná;Paraguai;Abril;2026;860
Terrestre;Paraná;Paraguai;Abril;2026;699
Terrestre;Paraná;Paraguai;Abril;2026;245
Terrestre;Paraná;Paraguai;Abril;2026;7
Terrestre;Santa Catarina;Paraguai;Abril;2026;61
Terrestre;Rio Grande do Sul;Paraguai;Abril;2026;11
Terrestre;Rio Grande do Sul;Paraguai;Abril;2026;29
Terrestre;Rio Grande do Sul;Paraguai;Abril;2026;5
Terrestre;Rio Grande do Sul;Paraguai;Abril;2026;13
Terrestre;Rio Grande do Sul;Paraguai;Abril;2026;20
Terrestre;Rio Grande do Sul;Paraguai;Abril;2026;425
Terrestre;Rio Grande do Sul;Paraguai;Abril;2026;65
Terrestre;Mato Grosso do Sul;Paraguai;Abril;2026;55
Terrestre;Mato Grosso do Sul;Paraguai;Abril;2026;1648
Marítima;Rio de Janeiro;Paraguai;Abril;2026;2
Fluvial;Rio Grande do Sul;Paraguai;Abril;2026;263
Fluvial;Rio Grande do Sul;Paraguai;Abril;2026;185
Aérea;Pernambuco;Países não especificados;Abril;2026;1
Aérea;São Paulo;Países não especificados;Abril;2026;2
Terrestre;Rio Grande do Sul;Países não especificados;Abril;2026;1
Aérea;Amazonas;Peru;Abril;2026;17
Aérea;Pará;Peru;Abril;2026;6
Aérea;Ceará;Peru;Abril;2026;5
Aérea;Rio Grande do Norte;Peru;Abril;2026;1
Aérea;Pernambuco;Peru;Abril;2026;8
Aérea;Alagoas;Peru;Abril;2026;1
Aérea;Bahia;Peru;Abril;2026;8
Aérea;Minas Gerais;Peru;Abril;2026;8
Aérea;Rio de Janeiro;Peru;Abril;2026;3880
Aérea;São Paulo;Peru;Abril;2026;4
Aérea;São Paulo;Peru;Abril;2026;7872
Aérea;Paraná;Peru;Abril;2026;28
Aérea;Paraná;Peru;Abril;2026;228
Aérea;Santa Catarina;Peru;Abril;2026;181
Aérea;Rio Grande do Sul;Peru;Abril;2026;142
Aérea;Distrito Federal;Peru;Abril;2026;642
Terrestre;Rondônia;Peru;Abril;2026;1
Terrestre;Acre;Peru;Abril;2026;1101
Terrestre;Acre;Peru;Abril;2026;65
Terrestre;Amazonas;Peru;Abril;2026;85
Terrestre;Roraima;Peru;Abril;2026;3
Terrestre;Amapá;Peru;Abril;2026;21
Terrestre;Paraná;Peru;Abril;2026;71
Terrestre;Paraná;Peru;Abril;2026;697
Terrestre;Santa Catarina;Peru;Abril;2026;4
Terrestre;Rio Grande do Sul;Peru;Abril;2026;2
Terrestre;Rio Grande do Sul;Peru;Abril;2026;2
Terrestre;Rio Grande do Sul;Peru;Abril;2026;9
Terrestre;Rio Grande do Sul;Peru;Abril;2026;1
Terrestre;Rio Grande do Sul;Peru;Abril;2026;18
Terrestre;Mato Grosso do Sul;Peru;Abril;2026;59
Terrestre;Mato Grosso do Sul;Peru;Abril;2026;2
Marítima;Rio de Janeiro;Peru;Abril;2026;9
Fluvial;Amapá;Peru;Abril;2026;5
Fluvial;Rio Grande do Sul;Peru;Abril;2026;2
Fluvial;Rio Grande do Sul;Peru;Abril;2026;2
Aérea;Amazonas;Polônia;Abril;2026;1
Aérea;Pará;Polônia;Abril;2026;1
Aérea;Ceará;Polônia;Abril;2026;19
Aérea;Rio Grande do Norte;Polônia;Abril;2026;3
Aérea;Pernambuco;Polônia;Abril;2026;9
Aérea;Bahia;Polônia;Abril;2026;27
Aérea;Minas Gerais;Polônia;Abril;2026;6
Aérea;Rio de Janeiro;Polônia;Abril;2026;987
Aérea;São Paulo;Polônia;Abril;2026;16
Aérea;São Paulo;Polônia;Abril;2026;1082
Aérea;Paraná;Polônia;Abril;2026;1
Aérea;Santa Catarina;Polônia;Abril;2026;6
Aérea;Rio Grande do Sul;Polônia;Abril;2026;2
Aérea;Distrito Federal;Polônia;Abril;2026;13
Terrestre;Amazonas;Polônia;Abril;2026;1
Terrestre;Roraima;Polônia;Abril;2026;1
Terrestre;Amapá;Polônia;Abril;2026;1
Terrestre;Paraná;Polônia;Abril;2026;25
Terrestre;Paraná;Polônia;Abril;2026;238
Terrestre;Rio Grande do Sul;Polônia;Abril;2026;1
Marítima;Rio de Janeiro;Polônia;Abril;2026;7
Marítima;Rio de Janeiro;Polônia;Abril;2026;11
Marítima;Santa Catarina;Polônia;Abril;2026;1
Marítima;Rio Grande do Sul;Polônia;Abril;2026;1
Aérea;São Paulo;Porto Rico;Abril;2026;1
Terrestre;Rio Grande do Sul;Porto Rico;Abril;2026;1
Aérea;Amazonas;Portugal;Abril;2026;59
Aérea;Pará;Portugal;Abril;2026;121
Aérea;Ceará;Portugal;Abril;2026;1354
Aérea;Rio Grande do Norte;Portugal;Abril;2026;594
Aérea;Pernambuco;Portugal;Abril;2026;1892
Aérea;Alagoas;Portugal;Abril;2026;257
Aérea;Bahia;Portugal;Abril;2026;1903
Aérea;Minas Gerais;Portugal;Abril;2026;1128
Aérea;Rio de Janeiro;Portugal;Abril;2026;3675
Aérea;São Paulo;Portugal;Abril;2026;2604
Aérea;São Paulo;Portugal;Abril;2026;6393
Aérea;São Paulo;Portugal;Abril;2026;1
Aérea;São Paulo;Portugal;Abril;2026;6
Aérea;Paraná;Portugal;Abril;2026;2
Aérea;Santa Catarina;Portugal;Abril;2026;207
Aérea;Rio Grande do Sul;Portugal;Abril;2026;90
Aérea;Distrito Federal;Portugal;Abril;2026;458
Terrestre;Acre;Portugal;Abril;2026;4
Terrestre;Amazonas;Portugal;Abril;2026;1
Terrestre;Roraima;Portugal;Abril;2026;1
Terrestre;Roraima;Portugal;Abril;2026;2
Terrestre;Amapá;Portugal;Abril;2026;8
Terrestre;Paraná;Portugal;Abril;2026;7
Terrestre;Paraná;Portugal;Abril;2026;78
Terrestre;Paraná;Portugal;Abril;2026;1
Terrestre;Rio Grande do Sul;Portugal;Abril;2026;1
Terrestre;Rio Grande do Sul;Portugal;Abril;2026;1
Terrestre;Rio Grande do Sul;Portugal;Abril;2026;1
Marítima;Rio de Janeiro;Portugal;Abril;2026;13
Fluvial;Amapá;Portugal;Abril;2026;1
Fluvial;Rio Grande do Sul;Portugal;Abril;2026;1
Aérea;Rio de Janeiro;Quirguistão;Abril;2026;3
Aérea;São Paulo;Quirguistão;Abril;2026;32
Aérea;Rio de Janeiro;Quênia;Abril;2026;12
Aérea;São Paulo;Quênia;Abril;2026;143
Terrestre;Paraná;Quênia;Abril;2026;1
Marítima;Rio de Janeiro;Quênia;Abril;2026;10
Aérea;Amazonas;Reino Unido;Abril;2026;41
Aérea;Pará;Reino Unido;Abril;2026;8
Aérea;Ceará;Reino Unido;Abril;2026;93
Aérea;Rio Grande do Norte;Reino Unido;Abril;2026;9
Aérea;Pernambuco;Reino Unido;Abril;2026;88
Aérea;Alagoas;Reino Unido;Abril;2026;7
Aérea;Bahia;Reino Unido;Abril;2026;2
Aérea;Bahia;Reino Unido;Abril;2026;208
Aérea;Minas Gerais;Reino Unido;Abril;2026;60
Aérea;Rio de Janeiro;Reino Unido;Abril;2026;4957
Aérea;São Paulo;Reino Unido;Abril;2026;72
Aérea;São Paulo;Reino Unido;Abril;2026;5885
Aérea;São Paulo;Reino Unido;Abril;2026;2
Aérea;Paraná;Reino Unido;Abril;2026;13
Aérea;Paraná;Reino Unido;Abril;2026;4
Aérea;Santa Catarina;Reino Unido;Abril;2026;80
Aérea;Rio Grande do Sul;Reino Unido;Abril;2026;21
Aérea;Mato Grosso do Sul;Reino Unido;Abril;2026;1
Aérea;Distrito Federal;Reino Unido;Abril;2026;63
Terrestre;Rondônia;Reino Unido;Abril;2026;1
Terrestre;Acre;Reino Unido;Abril;2026;1
Terrestre;Acre;Reino Unido;Abril;2026;4
Terrestre;Amazonas;Reino Unido;Abril;2026;17
Terrestre;Roraima;Reino Unido;Abril;2026;22
Terrestre;Amapá;Reino Unido;Abril;2026;5
Terrestre;Paraná;Reino Unido;Abril;2026;68
Terrestre;Paraná;Reino Unido;Abril;2026;1456
Terrestre;Santa Catarina;Reino Unido;Abril;2026;2
Terrestre;Rio Grande do Sul;Reino Unido;Abril;2026;15
Terrestre;Rio Grande do Sul;Reino Unido;Abril;2026;2
Terrestre;Rio Grande do Sul;Reino Unido;Abril;2026;1
Terrestre;Rio Grande do Sul;Reino Unido;Abril;2026;2
Terrestre;Mato Grosso do Sul;Reino Unido;Abril;2026;6
Terrestre;Mato Grosso do Sul;Reino Unido;Abril;2026;2
Marítima;Ceará;Reino Unido;Abril;2026;7
Marítima;Rio de Janeiro;Reino Unido;Abril;2026;331
Marítima;São Paulo;Reino Unido;Abril;2026;2
Marítima;Santa Catarina;Reino Unido;Abril;2026;101
Fluvial;Amapá;Reino Unido;Abril;2026;1
Aérea;Rio de Janeiro;República Democrática do Congo;Abril;2026;6
Aérea;São Paulo;República Democrática do Congo;Abril;2026;46
Aérea;Amazonas;República Dominicana;Abril;2026;3
Aérea;Pará;República Dominicana;Abril;2026;7
Aérea;Ceará;República Dominicana;Abril;2026;1
Aérea;Pernambuco;República Dominicana;Abril;2026;1
Aérea;Bahia;República Dominicana;Abril;2026;4
Aérea;Minas Gerais;República Dominicana;Abril;2026;2
Aérea;Rio de Janeiro;República Dominicana;Abril;2026;186
Aérea;São Paulo;República Dominicana;Abril;2026;1
Aérea;São Paulo;República Dominicana;Abril;2026;1239
Aérea;Paraná;República Dominicana;Abril;2026;1
Aérea;Santa Catarina;República Dominicana;Abril;2026;16
Aérea;Rio Grande do Sul;República Dominicana;Abril;2026;17
Aérea;Distrito Federal;República Dominicana;Abril;2026;28
Terrestre;Acre;República Dominicana;Abril;2026;2
Terrestre;Amazonas;República Dominicana;Abril;2026;1
Terrestre;Amapá;República Dominicana;Abril;2026;12
Terrestre;Paraná;República Dominicana;Abril;2026;12
Terrestre;Paraná;República Dominicana;Abril;2026;45
Terrestre;Rio Grande do Sul;República Dominicana;Abril;2026;4
Terrestre;Rio Grande do Sul;República Dominicana;Abril;2026;1
Terrestre;Mato Grosso do Sul;República Dominicana;Abril;2026;1
Fluvial;Amapá;República Dominicana;Abril;2026;1
Aérea;Ceará;República Tcheca;Abril;2026;3
Aérea;Rio Grande do Norte;República Tcheca;Abril;2026;2
Aérea;Bahia;República Tcheca;Abril;2026;11
Aérea;Rio de Janeiro;República Tcheca;Abril;2026;284
Aérea;São Paulo;República Tcheca;Abril;2026;2
Aérea;São Paulo;República Tcheca;Abril;2026;169
Aérea;São Paulo;República Tcheca;Abril;2026;3
Aérea;Santa Catarina;República Tcheca;Abril;2026;7
Aérea;Rio Grande do Sul;República Tcheca;Abril;2026;1
Aérea;Distrito Federal;República Tcheca;Abril;2026;3
Terrestre;Paraná;República Tcheca;Abril;2026;8
Terrestre;Paraná;República Tcheca;Abril;2026;161
Terrestre;Rio Grande do Sul;República Tcheca;Abril;2026;1
Terrestre;Mato Grosso do Sul;República Tcheca;Abril;2026;1
Marítima;Rio de Janeiro;República Tcheca;Abril;2026;1
Marítima;Santa Catarina;República Tcheca;Abril;2026;2
Aérea;Amazonas;República da Coreia;Abril;2026;13
Aérea;Bahia;República da Coreia;Abril;2026;6
Aérea;Rio de Janeiro;República da Coreia;Abril;2026;600
Aérea;São Paulo;República da Coreia;Abril;2026;1
Aérea;São Paulo;República da Coreia;Abril;2026;1556
Aérea;Paraná;República da Coreia;Abril;2026;9
Aérea;Paraná;República da Coreia;Abril;2026;1
Aérea;Santa Catarina;República da Coreia;Abril;2026;1
Aérea;Rio Grande do Sul;República da Coreia;Abril;2026;2
Aérea;Distrito Federal;República da Coreia;Abril;2026;1
Terrestre;Paraná;República da Coreia;Abril;2026;50
Terrestre;Paraná;República da Coreia;Abril;2026;643
Terrestre;Rio Grande do Sul;República da Coreia;Abril;2026;1
Terrestre;Mato Grosso do Sul;República da Coreia;Abril;2026;1
Marítima;Ceará;República da Coreia;Abril;2026;1
Marítima;Rio de Janeiro;República da Coreia;Abril;2026;1
Aérea;Rio de Janeiro;República do Kosovo;Abril;2026;3
Aérea;São Paulo;República do Kosovo;Abril;2026;7
Aérea;Pará;Romênia;Abril;2026;2
Aérea;Ceará;Romênia;Abril;2026;4
Aérea;Rio Grande do Norte;Romênia;Abril;2026;3
Aérea;Pernambuco;Romênia;Abril;2026;5
Aérea;Bahia;Romênia;Abril;2026;8
Aérea;Minas Gerais;Romênia;Abril;2026;1
Aérea;Rio de Janeiro;Romênia;Abril;2026;1
Aérea;Rio de Janeiro;Romênia;Abril;2026;403
Aérea;São Paulo;Romênia;Abril;2026;12
Aérea;São Paulo;Romênia;Abril;2026;369
Aérea;Santa Catarina;Romênia;Abril;2026;3
Aérea;Rio Grande do Sul;Romênia;Abril;2026;2
Aérea;Distrito Federal;Romênia;Abril;2026;4
Terrestre;Acre;Romênia;Abril;2026;1
Terrestre;Paraná;Romênia;Abril;2026;3
Terrestre;Paraná;Romênia;Abril;2026;109
Terrestre;Rio Grande do Sul;Romênia;Abril;2026;1
Terrestre;Mato Grosso do Sul;Romênia;Abril;2026;1
Marítima;Ceará;Romênia;Abril;2026;5
Marítima;Rio de Janeiro;Romênia;Abril;2026;1
Marítima;Rio de Janeiro;Romênia;Abril;2026;2
Aérea;Rio de Janeiro;Ruanda;Abril;2026;2
Aérea;São Paulo;Ruanda;Abril;2026;12
Aérea;Amazonas;Rússia;Abril;2026;5
Aérea;Ceará;Rússia;Abril;2026;6
Aérea;Rio Grande do Norte;Rússia;Abril;2026;3
Aérea;Pernambuco;Rússia;Abril;2026;7
Aérea;Bahia;Rússia;Abril;2026;2
Aérea;Minas Gerais;Rússia;Abril;2026;2
Aérea;Rio de Janeiro;Rússia;Abril;2026;506
Aérea;São Paulo;Rússia;Abril;2026;20
Aérea;São Paulo;Rússia;Abril;2026;2776
Aérea;Paraná;Rússia;Abril;2026;13
Aérea;Paraná;Rússia;Abril;2026;2
Aérea;Santa Catarina;Rússia;Abril;2026;54
Aérea;Rio Grande do Sul;Rússia;Abril;2026;3
Aérea;Distrito Federal;Rússia;Abril;2026;6
Terrestre;Acre;Rússia;Abril;2026;1
Terrestre;Roraima;Rússia;Abril;2026;1
Terrestre;Amapá;Rússia;Abril;2026;4
Terrestre;Paraná;Rússia;Abril;2026;74
Terrestre;Paraná;Rússia;Abril;2026;245
Terrestre;Santa Catarina;Rússia;Abril;2026;5
Terrestre;Rio Grande do Sul;Rússia;Abril;2026;17
Terrestre;Rio Grande do Sul;Rússia;Abril;2026;6
Terrestre;Rio Grande do Sul;Rússia;Abril;2026;6
Marítima;Pernambuco;Rússia;Abril;2026;1
Marítima;Rio de Janeiro;Rússia;Abril;2026;10
Marítima;Paraná;Rússia;Abril;2026;2
Marítima;Santa Catarina;Rússia;Abril;2026;3
Marítima;Santa Catarina;Rússia;Abril;2026;14
Marítima;Rio Grande do Sul;Rússia;Abril;2026;11
Aérea;São Paulo;San Marino;Abril;2026;1
Aérea;Ceará;Santa Lúcia;Abril;2026;1
Aérea;Pernambuco;Santa Lúcia;Abril;2026;1
Aérea;Rio de Janeiro;Santa Lúcia;Abril;2026;5
Aérea;São Paulo;Santa Lúcia;Abril;2026;19
Terrestre;Amapá;Santa Lúcia;Abril;2026;1
Terrestre;Paraná;Santa Lúcia;Abril;2026;1
Marítima;Pernambuco;Seichelles;Abril;2026;1
Aérea;Rio de Janeiro;Senegal;Abril;2026;2
Aérea;São Paulo;Senegal;Abril;2026;5
Aérea;Distrito Federal;Senegal;Abril;2026;1
Aérea;Rio de Janeiro;Serra Leoa;Abril;2026;1
Aérea;São Paulo;Serra Leoa;Abril;2026;2
Aérea;São Paulo;Somália;Abril;2026;1
Aérea;Minas Gerais;Sri Lanka;Abril;2026;1
Aérea;Rio de Janeiro;Sri Lanka;Abril;2026;16
Aérea;São Paulo;Sri Lanka;Abril;2026;16
Aérea;Rio de Janeiro;Suazilândia;Abril;2026;1
Aérea;São Paulo;Suazilândia;Abril;2026;3
Aérea;Pará;Sudão;Abril;2026;2
Aérea;Rio de Janeiro;Sudão;Abril;2026;3
Aérea;São Paulo;Sudão;Abril;2026;20
Aérea;Distrito Federal;Sudão;Abril;2026;1
Terrestre;Roraima;Sudão;Abril;2026;1
Aérea;São Paulo;Sudão do Sul;Abril;2026;25
Aérea;Pará;Suriname;Abril;2026;797
Aérea;Rio de Janeiro;Suriname;Abril;2026;13
Aérea;São Paulo;Suriname;Abril;2026;1
Aérea;São Paulo;Suriname;Abril;2026;28
Terrestre;Roraima;Suriname;Abril;2026;25
Terrestre;Amapá;Suriname;Abril;2026;52
Fluvial;Amapá;Suriname;Abril;2026;3
Aérea;Amazonas;Suécia;Abril;2026;2
Aérea;Pará;Suécia;Abril;2026;1
Aérea;Ceará;Suécia;Abril;2026;31
Aérea;Rio Grande do Norte;Suécia;Abril;2026;12
Aérea;Pernambuco;Suécia;Abril;2026;16
Aérea;Bahia;Suécia;Abril;2026;14
Aérea;Minas Gerais;Suécia;Abril;2026;6
Aérea;Rio de Janeiro;Suécia;Abril;2026;539
Aérea;São Paulo;Suécia;Abril;2026;7
Aérea;São Paulo;Suécia;Abril;2026;586
Aérea;Paraná;Suécia;Abril;2026;5
Aérea;Santa Catarina;Suécia;Abril;2026;4
Aérea;Rio Grande do Sul;Suécia;Abril;2026;1
Aérea;Distrito Federal;Suécia;Abril;2026;11
Terrestre;Rondônia;Suécia;Abril;2026;4
Terrestre;Acre;Suécia;Abril;2026;1
Terrestre;Amazonas;Suécia;Abril;2026;2
Terrestre;Paraná;Suécia;Abril;2026;4
Terrestre;Paraná;Suécia;Abril;2026;26
Terrestre;Rio Grande do Sul;Suécia;Abril;2026;2
Marítima;Pernambuco;Suécia;Abril;2026;2
Marítima;Rio de Janeiro;Suécia;Abril;2026;17
Fluvial;Amapá;Suécia;Abril;2026;1
Aérea;Amazonas;Suíça;Abril;2026;19
Aérea;Pará;Suíça;Abril;2026;20
Aérea;Ceará;Suíça;Abril;2026;129
Aérea;Rio Grande do Norte;Suíça;Abril;2026;50
Aérea;Pernambuco;Suíça;Abril;2026;528
Aérea;Alagoas;Suíça;Abril;2026;4
Aérea;Bahia;Suíça;Abril;2026;172
Aérea;Minas Gerais;Suíça;Abril;2026;28
Aérea;Rio de Janeiro;Suíça;Abril;2026;1509
Aérea;São Paulo;Suíça;Abril;2026;4
Aérea;São Paulo;Suíça;Abril;2026;2352
Aérea;São Paulo;Suíça;Abril;2026;2
Aérea;Paraná;Suíça;Abril;2026;1
Aérea;Paraná;Suíça;Abril;2026;4
Aérea;Santa Catarina;Suíça;Abril;2026;30
Aérea;Rio Grande do Sul;Suíça;Abril;2026;7
Aérea;Distrito Federal;Suíça;Abril;2026;66
Terrestre;Rondônia;Suíça;Abril;2026;3
Terrestre;Acre;Suíça;Abril;2026;2
Terrestre;Acre;Suíça;Abril;2026;2
Terrestre;Amazonas;Suíça;Abril;2026;39
Terrestre;Roraima;Suíça;Abril;2026;3
Terrestre;Paraná;Suíça;Abril;2026;31
Terrestre;Paraná;Suíça;Abril;2026;357
Terrestre;Paraná;Suíça;Abril;2026;1
Terrestre;Rio Grande do Sul;Suíça;Abril;2026;1
Terrestre;Rio Grande do Sul;Suíça;Abril;2026;10
Terrestre;Rio Grande do Sul;Suíça;Abril;2026;1
Terrestre;Rio Grande do Sul;Suíça;Abril;2026;1
Terrestre;Rio Grande do Sul;Suíça;Abril;2026;2
Terrestre;Mato Grosso do Sul;Suíça;Abril;2026;4
Terrestre;Mato Grosso do Sul;Suíça;Abril;2026;2
Marítima;Pernambuco;Suíça;Abril;2026;1
Marítima;Rio de Janeiro;Suíça;Abril;2026;1
Marítima;Rio de Janeiro;Suíça;Abril;2026;11
Marítima;Santa Catarina;Suíça;Abril;2026;1
Fluvial;Rio Grande do Sul;Suíça;Abril;2026;1
Aérea;Rio de Janeiro;São Cristóvão e Nevis;Abril;2026;4
Aérea;São Paulo;São Cristóvão e Nevis;Abril;2026;12
Aérea;Distrito Federal;São Cristóvão e Nevis;Abril;2026;1
Terrestre;Roraima;São Cristóvão e Nevis;Abril;2026;1
Terrestre;Paraná;São Cristóvão e Nevis;Abril;2026;2
Terrestre;Paraná;São Cristóvão e Nevis;Abril;2026;1
Aérea;Minas Gerais;São Tome e Príncipe;Abril;2026;2
Aérea;São Paulo;São Tome e Príncipe;Abril;2026;2
Aérea;São Paulo;São Tome e Príncipe;Abril;2026;2
Aérea;Rio de Janeiro;São Vicente e Granadinas;Abril;2026;3
Aérea;São Paulo;São Vicente e Granadinas;Abril;2026;3
Aérea;Distrito Federal;São Vicente e Granadinas;Abril;2026;1
Aérea;Ceará;Sérvia;Abril;2026;3
Aérea;Pernambuco;Sérvia;Abril;2026;1
Aérea;Bahia;Sérvia;Abril;2026;1
Aérea;Minas Gerais;Sérvia;Abril;2026;1
Aérea;Rio de Janeiro;Sérvia;Abril;2026;148
Aérea;São Paulo;Sérvia;Abril;2026;2
Aérea;São Paulo;Sérvia;Abril;2026;228
Aérea;Santa Catarina;Sérvia;Abril;2026;1
Aérea;Rio Grande do Sul;Sérvia;Abril;2026;2
Aérea;Distrito Federal;Sérvia;Abril;2026;1
Terrestre;Paraná;Sérvia;Abril;2026;1
Terrestre;Paraná;Sérvia;Abril;2026;30
Aérea;Pará;Síria;Abril;2026;1
Aérea;Rio de Janeiro;Síria;Abril;2026;9
Aérea;São Paulo;Síria;Abril;2026;39
Terrestre;Amazonas;Síria;Abril;2026;1
Aérea;São Paulo;Tadjiquistão;Abril;2026;7
Aérea;Bahia;Tailândia;Abril;2026;1
Aérea;Minas Gerais;Tailândia;Abril;2026;2
Aérea;Rio de Janeiro;Tailândia;Abril;2026;110
Aérea;São Paulo;Tailândia;Abril;2026;590
Aérea;Paraná;Tailândia;Abril;2026;1
Aérea;Paraná;Tailândia;Abril;2026;2
Aérea;Santa Catarina;Tailândia;Abril;2026;1
Aérea;Rio Grande do Sul;Tailândia;Abril;2026;1
Aérea;Distrito Federal;Tailândia;Abril;2026;1
Terrestre;Paraná;Tailândia;Abril;2026;1
Terrestre;Paraná;Tailândia;Abril;2026;122
Marítima;Ceará;Tailândia;Abril;2026;1
Marítima;Rio de Janeiro;Tailândia;Abril;2026;2
Aérea;Amazonas;Taiwan;Abril;2026;2
Aérea;Ceará;Taiwan;Abril;2026;1
Aérea;Minas Gerais;Taiwan;Abril;2026;1
Aérea;Rio de Janeiro;Taiwan;Abril;2026;86
Aérea;São Paulo;Taiwan;Abril;2026;1
Aérea;São Paulo;Taiwan;Abril;2026;150
Aérea;Paraná;Taiwan;Abril;2026;2
Aérea;Rio Grande do Sul;Taiwan;Abril;2026;2
Aérea;Distrito Federal;Taiwan;Abril;2026;4
Terrestre;Amazonas;Taiwan;Abril;2026;1
Terrestre;Paraná;Taiwan;Abril;2026;18
Terrestre;Paraná;Taiwan;Abril;2026;50
Terrestre;Mato Grosso do Sul;Taiwan;Abril;2026;4
Aérea;Pará;Tanzânia;Abril;2026;1
Aérea;Rio de Janeiro;Tanzânia;Abril;2026;5
Aérea;São Paulo;Tanzânia;Abril;2026;39
Aérea;Rio de Janeiro;Timor Leste;Abril;2026;3
Aérea;Bahia;Togo;Abril;2026;1
Aérea;Rio de Janeiro;Togo;Abril;2026;2
Aérea;São Paulo;Togo;Abril;2026;20
Aérea;Bahia;Trinidad e Tobago;Abril;2026;1
Aérea;Rio de Janeiro;Trinidad e Tobago;Abril;2026;46
Aérea;São Paulo;Trinidad e Tobago;Abril;2026;47
Aérea;Rio Grande do Sul;Trinidad e Tobago;Abril;2026;2
Aérea;Distrito Federal;Trinidad e Tobago;Abril;2026;4
Terrestre;Roraima;Trinidad e Tobago;Abril;2026;23
Terrestre;Paraná;Trinidad e Tobago;Abril;2026;1
Marítima;Bahia;Trinidad e Tobago;Abril;2026;1
Aérea;Amazonas;Tunísia;Abril;2026;1
Aérea;Pará;Tunísia;Abril;2026;1
Aérea;Ceará;Tunísia;Abril;2026;5
Aérea;Rio de Janeiro;Tunísia;Abril;2026;71
Aérea;São Paulo;Tunísia;Abril;2026;173
Aérea;Amazonas;Turquia;Abril;2026;3
Aérea;Pará;Turquia;Abril;2026;2
Aérea;Ceará;Turquia;Abril;2026;1
Aérea;Rio Grande do Norte;Turquia;Abril;2026;1
Aérea;Pernambuco;Turquia;Abril;2026;2
Aérea;Bahia;Turquia;Abril;2026;4
Aérea;Minas Gerais;Turquia;Abril;2026;4
Aérea;Rio de Janeiro;Turquia;Abril;2026;180
Aérea;São Paulo;Turquia;Abril;2026;8
Aérea;São Paulo;Turquia;Abril;2026;1199
Aérea;Paraná;Turquia;Abril;2026;1
Aérea;Santa Catarina;Turquia;Abril;2026;2
Aérea;Distrito Federal;Turquia;Abril;2026;5
Terrestre;Paraná;Turquia;Abril;2026;9
Terrestre;Paraná;Turquia;Abril;2026;31
Terrestre;Rio Grande do Sul;Turquia;Abril;2026;1
Terrestre;Rio Grande do Sul;Turquia;Abril;2026;1
Terrestre;Mato Grosso do Sul;Turquia;Abril;2026;2
Marítima;Rio de Janeiro;Turquia;Abril;2026;2
Aérea;Amazonas;Ucrânia;Abril;2026;6
Aérea;Pará;Ucrânia;Abril;2026;3
Aérea;Ceará;Ucrânia;Abril;2026;6
Aérea;Rio Grande do Norte;Ucrânia;Abril;2026;4
Aérea;Pernambuco;Ucrânia;Abril;2026;8
Aérea;Alagoas;Ucrânia;Abril;2026;1
Aérea;Bahia;Ucrânia;Abril;2026;5
Aérea;Minas Gerais;Ucrânia;Abril;2026;2
Aérea;Rio de Janeiro;Ucrânia;Abril;2026;231
Aérea;São Paulo;Ucrânia;Abril;2026;20
Aérea;São Paulo;Ucrânia;Abril;2026;361
Aérea;Santa Catarina;Ucrânia;Abril;2026;14
Aérea;Rio Grande do Sul;Ucrânia;Abril;2026;1
Aérea;Distrito Federal;Ucrânia;Abril;2026;3
Terrestre;Roraima;Ucrânia;Abril;2026;1
Terrestre;Amapá;Ucrânia;Abril;2026;2
Terrestre;Paraná;Ucrânia;Abril;2026;6
Terrestre;Paraná;Ucrânia;Abril;2026;23
Terrestre;Rio Grande do Sul;Ucrânia;Abril;2026;3
Marítima;Rio de Janeiro;Ucrânia;Abril;2026;4
Marítima;Rio de Janeiro;Ucrânia;Abril;2026;5
Marítima;Santa Catarina;Ucrânia;Abril;2026;1
Marítima;Rio Grande do Sul;Ucrânia;Abril;2026;1
Fluvial;Rio Grande do Sul;Ucrânia;Abril;2026;13
Aérea;Rio de Janeiro;Uganda;Abril;2026;13
Aérea;São Paulo;Uganda;Abril;2026;10
Terrestre;Rio Grande do Sul;Uganda;Abril;2026;1
Aérea;Amazonas;Uruguai;Abril;2026;3
Aérea;Ceará;Uruguai;Abril;2026;251
Aérea;Rio Grande do Norte;Uruguai;Abril;2026;57
Aérea;Pernambuco;Uruguai;Abril;2026;774
Aérea;Alagoas;Uruguai;Abril;2026;4
Aérea;Bahia;Uruguai;Abril;2026;5
Aérea;Bahia;Uruguai;Abril;2026;956
Aérea;Minas Gerais;Uruguai;Abril;2026;153
Aérea;Rio de Janeiro;Uruguai;Abril;2026;1
Aérea;Rio de Janeiro;Uruguai;Abril;2026;7533
Aérea;São Paulo;Uruguai;Abril;2026;3
Aérea;São Paulo;Uruguai;Abril;2026;5333
Aérea;São Paulo;Uruguai;Abril;2026;1
Aérea;Paraná;Uruguai;Abril;2026;9
Aérea;Santa Catarina;Uruguai;Abril;2026;101
Aérea;Rio Grande do Sul;Uruguai;Abril;2026;200
Aérea;Distrito Federal;Uruguai;Abril;2026;11
Terrestre;Roraima;Uruguai;Abril;2026;3
Terrestre;Paraná;Uruguai;Abril;2026;82
Terrestre;Paraná;Uruguai;Abril;2026;997
Terrestre;Paraná;Uruguai;Abril;2026;2
Terrestre;Paraná;Uruguai;Abril;2026;4
Terrestre;Santa Catarina;Uruguai;Abril;2026;22
Terrestre;Rio Grande do Sul;Uruguai;Abril;2026;946
Terrestre;Rio Grande do Sul;Uruguai;Abril;2026;4
Terrestre;Rio Grande do Sul;Uruguai;Abril;2026;5512
Terrestre;Rio Grande do Sul;Uruguai;Abril;2026;4420
Terrestre;Rio Grande do Sul;Uruguai;Abril;2026;1019
Terrestre;Rio Grande do Sul;Uruguai;Abril;2026;3881
Terrestre;Rio Grande do Sul;Uruguai;Abril;2026;1
Terrestre;Rio Grande do Sul;Uruguai;Abril;2026;73
Terrestre;Rio Grande do Sul;Uruguai;Abril;2026;327
Terrestre;Mato Grosso do Sul;Uruguai;Abril;2026;3
Terrestre;Mato Grosso do Sul;Uruguai;Abril;2026;5
Marítima;Rio de Janeiro;Uruguai;Abril;2026;11
Fluvial;Rio Grande do Sul;Uruguai;Abril;2026;63
Fluvial;Rio Grande do Sul;Uruguai;Abril;2026;21
Aérea;Rio de Janeiro;Uzbequistão;Abril;2026;3
Aérea;São Paulo;Uzbequistão;Abril;2026;35
Aérea;Distrito Federal;Uzbequistão;Abril;2026;1
Terrestre;Rio Grande do Sul;Vanuatu;Abril;2026;2
Aérea;Amazonas;Venezuela;Abril;2026;23
Aérea;Roraima;Venezuela;Abril;2026;94
Aérea;Pará;Venezuela;Abril;2026;6
Aérea;Ceará;Venezuela;Abril;2026;9
Aérea;Rio Grande do Norte;Venezuela;Abril;2026;9
Aérea;Pernambuco;Venezuela;Abril;2026;40
Aérea;Alagoas;Venezuela;Abril;2026;3
Aérea;Bahia;Venezuela;Abril;2026;25
Aérea;Minas Gerais;Venezuela;Abril;2026;7
Aérea;Rio de Janeiro;Venezuela;Abril;2026;1914
Aérea;São Paulo;Venezuela;Abril;2026;6
Aérea;São Paulo;Venezuela;Abril;2026;1985
Aérea;São Paulo;Venezuela;Abril;2026;1
Aérea;Paraná;Venezuela;Abril;2026;39
Aérea;Paraná;Venezuela;Abril;2026;26
Aérea;Santa Catarina;Venezuela;Abril;2026;496
Aérea;Rio Grande do Sul;Venezuela;Abril;2026;24
Aérea;Distrito Federal;Venezuela;Abril;2026;80
Terrestre;Rondônia;Venezuela;Abril;2026;4
Terrestre;Acre;Venezuela;Abril;2026;35
Terrestre;Acre;Venezuela;Abril;2026;1
Terrestre;Amazonas;Venezuela;Abril;2026;17
Terrestre;Roraima;Venezuela;Abril;2026;51
Terrestre;Roraima;Venezuela;Abril;2026;5640
Terrestre;Amapá;Venezuela;Abril;2026;1
Terrestre;Paraná;Venezuela;Abril;2026;38
Terrestre;Paraná;Venezuela;Abril;2026;167
Terrestre;Paraná;Venezuela;Abril;2026;2
Terrestre;Santa Catarina;Venezuela;Abril;2026;4
Terrestre;Rio Grande do Sul;Venezuela;Abril;2026;10
Terrestre;Rio Grande do Sul;Venezuela;Abril;2026;35
Terrestre;Rio Grande do Sul;Venezuela;Abril;2026;9
Terrestre;Rio Grande do Sul;Venezuela;Abril;2026;1
Terrestre;Rio Grande do Sul;Venezuela;Abril;2026;13
Terrestre;Rio Grande do Sul;Venezuela;Abril;2026;3
Terrestre;Rio Grande do Sul;Venezuela;Abril;2026;75
Terrestre;Mato Grosso do Sul;Venezuela;Abril;2026;63
Terrestre;Mato Grosso;Venezuela;Abril;2026;2
Marítima;Rio de Janeiro;Venezuela;Abril;2026;3
Fluvial;Rio Grande do Sul;Venezuela;Abril;2026;2
Aérea;Pará;Vietnã;Abril;2026;1
Aérea;Ceará;Vietnã;Abril;2026;1
Aérea;Rio de Janeiro;Vietnã;Abril;2026;28
Aérea;São Paulo;Vietnã;Abril;2026;49
Aérea;Distrito Federal;Vietnã;Abril;2026;2
Terrestre;Paraná;Vietnã;Abril;2026;1
Aérea;Pará;Zimbábue;Abril;2026;1
Aérea;Rio de Janeiro;Zimbábue;Abril;2026;3
Aérea;São Paulo;Zimbábue;Abril;2026;41
Marítima;Rio de Janeiro;Zimbábue;Abril;2026;7
Aérea;Amazonas;Zâmbia;Abril;2026;1
Aérea;São Paulo;Zâmbia;Abril;2026;2
Aérea;São Paulo;Zâmbia;Abril;2026;70
Aérea;Amazonas;África do Sul;Abril;2026;1
Aérea;Pará;África do Sul;Abril;2026;1
Aérea;Ceará;África do Sul;Abril;2026;2
Aérea;Pernambuco;África do Sul;Abril;2026;2
Aérea;Bahia;África do Sul;Abril;2026;1
Aérea;Minas Gerais;África do Sul;Abril;2026;3
Aérea;Rio de Janeiro;África do Sul;Abril;2026;119
Aérea;São Paulo;África do Sul;Abril;2026;3
Aérea;São Paulo;África do Sul;Abril;2026;1366
Aérea;Paraná;África do Sul;Abril;2026;1
Aérea;Santa Catarina;África do Sul;Abril;2026;1
Aérea;Distrito Federal;África do Sul;Abril;2026;4
Terrestre;Paraná;África do Sul;Abril;2026;5
Terrestre;Paraná;África do Sul;Abril;2026;40
Terrestre;Paraná;África do Sul;Abril;2026;1
Terrestre;Mato Grosso do Sul;África do Sul;Abril;2026;1
Marítima;Pernambuco;África do Sul;Abril;2026;4
Marítima;Bahia;África do Sul;Abril;2026;2
Marítima;Santa Catarina;África do Sul;Abril;2026;1
Marítima;Santa Catarina;África do Sul;Abril;2026;1
Aérea;Amazonas;Áustria;Abril;2026;6
Aérea;Ceará;Áustria;Abril;2026;23
Aérea;Pernambuco;Áustria;Abril;2026;38
Aérea;Alagoas;Áustria;Abril;2026;1
Aérea;Bahia;Áustria;Abril;2026;35
Aérea;Minas Gerais;Áustria;Abril;2026;7
Aérea;Rio de Janeiro;Áustria;Abril;2026;404
Aérea;São Paulo;Áustria;Abril;2026;4
Aérea;São Paulo;Áustria;Abril;2026;852
Aérea;Paraná;Áustria;Abril;2026;1
Aérea;Santa Catarina;Áustria;Abril;2026;5
Aérea;Rio Grande do Sul;Áustria;Abril;2026;6
Aérea;Distrito Federal;Áustria;Abril;2026;5
Terrestre;Rondônia;Áustria;Abril;2026;1
Terrestre;Acre;Áustria;Abril;2026;1
Terrestre;Amazonas;Áustria;Abril;2026;16
Terrestre;Paraná;Áustria;Abril;2026;23
Terrestre;Paraná;Áustria;Abril;2026;133
Terrestre;Paraná;Áustria;Abril;2026;2
Terrestre;Rio Grande do Sul;Áustria;Abril;2026;2
Terrestre;Rio Grande do Sul;Áustria;Abril;2026;1
Terrestre;Rio Grande do Sul;Áustria;Abril;2026;2
Terrestre;Mato Grosso do Sul;Áustria;Abril;2026;4
Marítima;Pernambuco;Áustria;Abril;2026;1
Marítima;Rio de Janeiro;Áustria;Abril;2026;15
Aérea;Amazonas;Índia;Abril;2026;3
Aérea;Pará;Índia;Abril;2026;3
Aérea;Ceará;Índia;Abril;2026;1
Aérea;Pernambuco;Índia;Abril;2026;4
Aérea;Bahia;Índia;Abril;2026;1
Aérea;Minas Gerais;Índia;Abril;2026;4
Aérea;Rio de Janeiro;Índia;Abril;2026;477
Aérea;São Paulo;Índia;Abril;2026;4
Aérea;São Paulo;Índia;Abril;2026;1064
Aérea;Paraná;Índia;Abril;2026;3
Aérea;Paraná;Índia;Abril;2026;5
Aérea;Santa Catarina;Índia;Abril;2026;1
Aérea;Rio Grande do Sul;Índia;Abril;2026;2
Aérea;Distrito Federal;Índia;Abril;2026;8
Terrestre;Amazonas;Índia;Abril;2026;1
Terrestre;Paraná;Índia;Abril;2026;34
Terrestre;Rio Grande do Sul;Índia;Abril;2026;1
Terrestre;Rio Grande do Sul;Índia;Abril;2026;1
Terrestre;Rio Grande do Sul;Índia;Abril;2026;1
Marítima;Ceará;Índia;Abril;2026;1
Marítima;Bahia;Índia;Abril;2026;1
Marítima;Rio de Janeiro;Índia;Abril;2026;3
Marítima;Santa Catarina;Índia;Abril;2026;1
Aérea;São Paulo;Afeganistão;Maio;2026;5
Aérea;Amazonas;Albânia;Maio;2026;1
Aérea;Pernambuco;Albânia;Maio;2026;1
Aérea;Rio de Janeiro;Albânia;Maio;2026;32
Aérea;São Paulo;Albânia;Maio;2026;28
Terrestre;Paraná;Albânia;Maio;2026;1
Terrestre;Paraná;Albânia;Maio;2026;3
Aérea;Amazonas;Alemanha;Maio;2026;40
Aérea;Pará;Alemanha;Maio;2026;33
Aérea;Ceará;Alemanha;Maio;2026;251
Aérea;Rio Grande do Norte;Alemanha;Maio;2026;40
Aérea;Pernambuco;Alemanha;Maio;2026;175
Aérea;Alagoas;Alemanha;Maio;2026;6
Aérea;Bahia;Alemanha;Maio;2026;368
Aérea;Minas Gerais;Alemanha;Maio;2026;57
Aérea;Rio de Janeiro;Alemanha;Maio;2026;3291
Aérea;São Paulo;Alemanha;Maio;2026;40
Aérea;São Paulo;Alemanha;Maio;2026;5777
Aérea;São Paulo;Alemanha;Maio;2026;1
Aérea;São Paulo;Alemanha;Maio;2026;1
Aérea;Paraná;Alemanha;Maio;2026;19
Aérea;Paraná;Alemanha;Maio;2026;8
Aérea;Santa Catarina;Alemanha;Maio;2026;23
Aérea;Rio Grande do Sul;Alemanha;Maio;2026;17
Aérea;Distrito Federal;Alemanha;Maio;2026;73
Terrestre;Rondônia;Alemanha;Maio;2026;11
Terrestre;Acre;Alemanha;Maio;2026;9
Terrestre;Acre;Alemanha;Maio;2026;12
Terrestre;Amazonas;Alemanha;Maio;2026;38
Terrestre;Roraima;Alemanha;Maio;2026;1
Terrestre;Roraima;Alemanha;Maio;2026;3
Terrestre;Amapá;Alemanha;Maio;2026;2
Terrestre;Paraná;Alemanha;Maio;2026;193
Terrestre;Paraná;Alemanha;Maio;2026;726
Terrestre;Santa Catarina;Alemanha;Maio;2026;1
Terrestre;Rio Grande do Sul;Alemanha;Maio;2026;3
Terrestre;Rio Grande do Sul;Alemanha;Maio;2026;19
Terrestre;Rio Grande do Sul;Alemanha;Maio;2026;4
Terrestre;Rio Grande do Sul;Alemanha;Maio;2026;2
Terrestre;Rio Grande do Sul;Alemanha;Maio;2026;2
Terrestre;Rio Grande do Sul;Alemanha;Maio;2026;2
Terrestre;Mato Grosso do Sul;Alemanha;Maio;2026;14
Terrestre;Mato Grosso do Sul;Alemanha;Maio;2026;20
Marítima;Pernambuco;Alemanha;Maio;2026;2
Fluvial;Pará;Alemanha;Maio;2026;1
Fluvial;Rio Grande do Sul;Alemanha;Maio;2026;4
Aérea;Ceará;Andorra;Maio;2026;3
Aérea;Rio de Janeiro;Andorra;Maio;2026;9
Aérea;São Paulo;Andorra;Maio;2026;3
Aérea;Pernambuco;Angola;Maio;2026;3
Aérea;Bahia;Angola;Maio;2026;2
Aérea;Minas Gerais;Angola;Maio;2026;1
Aérea;Rio de Janeiro;Angola;Maio;2026;16
Aérea;São Paulo;Angola;Maio;2026;617
Aérea;Distrito Federal;Angola;Maio;2026;2
Aérea;Rio de Janeiro;Antígua e Barbuda;Maio;2026;5
Aérea;São Paulo;Antígua e Barbuda;Maio;2026;4
Aérea;Rio Grande do Sul;Antígua e Barbuda;Maio;2026;4
Aérea;Amazonas;Argentina;Maio;2026;17
Aérea;Pará;Argentina;Maio;2026;2
Aérea;Ceará;Argentina;Maio;2026;444
Aérea;Rio Grande do Norte;Argentina;Maio;2026;2485
Aérea;Paraíba;Argentina;Maio;2026;44
Aérea;Pernambuco;Argentina;Maio;2026;3981
Aérea;Alagoas;Argentina;Maio;2026;923
Aérea;Bahia;Argentina;Maio;2026;954
Aérea;Bahia;Argentina;Maio;2026;1238
Aérea;Minas Gerais;Argentina;Maio;2026;80
Aérea;Rio de Janeiro;Argentina;Maio;2026;37259
Aérea;São Paulo;Argentina;Maio;2026;51
Aérea;São Paulo;Argentina;Maio;2026;20801
Aérea;São Paulo;Argentina;Maio;2026;1
Aérea;São Paulo;Argentina;Maio;2026;5
Aérea;Paraná;Argentina;Maio;2026;15
Aérea;Paraná;Argentina;Maio;2026;306
Aérea;Santa Catarina;Argentina;Maio;2026;1598
Aérea;Rio Grande do Sul;Argentina;Maio;2026;882
Aérea;Mato Grosso do Sul;Argentina;Maio;2026;3
Aérea;Distrito Federal;Argentina;Maio;2026;1129
Terrestre;Acre;Argentina;Maio;2026;13
Terrestre;Acre;Argentina;Maio;2026;1
Terrestre;Amazonas;Argentina;Maio;2026;11
Terrestre;Roraima;Argentina;Maio;2026;1
Terrestre;Roraima;Argentina;Maio;2026;8
Terrestre;Paraná;Argentina;Maio;2026;194
Terrestre;Paraná;Argentina;Maio;2026;381
Terrestre;Paraná;Argentina;Maio;2026;12048
Terrestre;Paraná;Argentina;Maio;2026;21
Terrestre;Paraná;Argentina;Maio;2026;6
Terrestre;Paraná;Argentina;Maio;2026;127
Terrestre;Santa Catarina;Argentina;Maio;2026;1845
Terrestre;Rio Grande do Sul;Argentina;Maio;2026;21
Terrestre;Rio Grande do Sul;Argentina;Maio;2026;138
Terrestre;Rio Grande do Sul;Argentina;Maio;2026;56
Terrestre;Rio Grande do Sul;Argentina;Maio;2026;31
Terrestre;Rio Grande do Sul;Argentina;Maio;2026;667
Terrestre;Rio Grande do Sul;Argentina;Maio;2026;69
Terrestre;Rio Grande do Sul;Argentina;Maio;2026;3311
Terrestre;Rio Grande do Sul;Argentina;Maio;2026;4907
Terrestre;Mato Grosso do Sul;Argentina;Maio;2026;23
Terrestre;Mato Grosso do Sul;Argentina;Maio;2026;35
Marítima;Paraíba;Argentina;Maio;2026;2
Marítima;Santa Catarina;Argentina;Maio;2026;2
Marítima;Rio Grande do Sul;Argentina;Maio;2026;4
Fluvial;Amapá;Argentina;Maio;2026;1
Fluvial;Rio Grande do Sul;Argentina;Maio;2026;4834
Fluvial;Rio Grande do Sul;Argentina;Maio;2026;3481
Aérea;Pernambuco;Argélia;Maio;2026;1
Aérea;Rio de Janeiro;Argélia;Maio;2026;17
Aérea;São Paulo;Argélia;Maio;2026;16
Aérea;Rio Grande do Norte;Armênia;Maio;2026;1
Aérea;Rio de Janeiro;Armênia;Maio;2026;18
Aérea;São Paulo;Armênia;Maio;2026;32
Aérea;Distrito Federal;Armênia;Maio;2026;3
Terrestre;Paraná;Armênia;Maio;2026;3
Terrestre;Paraná;Armênia;Maio;2026;17
Terrestre;Santa Catarina;Armênia;Maio;2026;2
Aérea;Amazonas;Arábia Saudita;Maio;2026;1
Aérea;Rio de Janeiro;Arábia Saudita;Maio;2026;35
Aérea;São Paulo;Arábia Saudita;Maio;2026;207
Terrestre;Paraná;Arábia Saudita;Maio;2026;1
Terrestre;Paraná;Arábia Saudita;Maio;2026;7
Aérea;Amazonas;Austrália;Maio;2026;4
Aérea;Pará;Austrália;Maio;2026;2
Aérea;Ceará;Austrália;Maio;2026;4
Aérea;Pernambuco;Austrália;Maio;2026;1
Aérea;Bahia;Austrália;Maio;2026;3
Aérea;Minas Gerais;Austrália;Maio;2026;12
Aérea;Rio de Janeiro;Austrália;Maio;2026;622
Aérea;São Paulo;Austrália;Maio;2026;1
Aérea;São Paulo;Austrália;Maio;2026;1541
Aérea;Paraná;Austrália;Maio;2026;2
Aérea;Paraná;Austrália;Maio;2026;22
Aérea;Santa Catarina;Austrália;Maio;2026;26
Aérea;Rio Grande do Sul;Austrália;Maio;2026;15
Aérea;Distrito Federal;Austrália;Maio;2026;51
Terrestre;Acre;Austrália;Maio;2026;1
Terrestre;Acre;Austrália;Maio;2026;1
Terrestre;Amazonas;Austrália;Maio;2026;1
Terrestre;Paraná;Austrália;Maio;2026;6
Terrestre;Paraná;Austrália;Maio;2026;783
Terrestre;Rio Grande do Sul;Austrália;Maio;2026;1
Terrestre;Mato Grosso do Sul;Austrália;Maio;2026;1
Terrestre;Mato Grosso do Sul;Austrália;Maio;2026;2
Aérea;Ceará;Azerbaijão;Maio;2026;1
Aérea;Rio de Janeiro;Azerbaijão;Maio;2026;5
Aérea;São Paulo;Azerbaijão;Maio;2026;16
Aérea;Distrito Federal;Azerbaijão;Maio;2026;1
Aérea;Rio de Janeiro;Bahamas;Maio;2026;16
Aérea;São Paulo;Bahamas;Maio;2026;14
Aérea;Santa Catarina;Bahamas;Maio;2026;1
Aérea;Distrito Federal;Bahamas;Maio;2026;3
Aérea;Rio de Janeiro;Bangladesh;Maio;2026;6
Aérea;São Paulo;Bangladesh;Maio;2026;42
Aérea;Bahia;Barbados;Maio;2026;3
Aérea;Rio de Janeiro;Barbados;Maio;2026;14
Aérea;São Paulo;Barbados;Maio;2026;14
Aérea;Distrito Federal;Barbados;Maio;2026;4
Terrestre;Roraima;Barbados;Maio;2026;15
Terrestre;Paraná;Barbados;Maio;2026;2
Aérea;São Paulo;Barein;Maio;2026;5
Aérea;Rio de Janeiro;Belize;Maio;2026;7
Aérea;São Paulo;Belize;Maio;2026;4
Terrestre;Amazonas;Belize;Maio;2026;2
Terrestre;Mato Grosso do Sul;Belize;Maio;2026;1
Aérea;Rio de Janeiro;Benin;Maio;2026;3
Aérea;São Paulo;Benin;Maio;2026;41
Terrestre;Paraná;Benin;Maio;2026;3
Aérea;Bahia;Bielorússia;Maio;2026;1
Aérea;Rio de Janeiro;Bielorússia;Maio;2026;14
Aérea;São Paulo;Bielorússia;Maio;2026;4
Aérea;São Paulo;Bielorússia;Maio;2026;49
Terrestre;Paraná;Bielorússia;Maio;2026;4
Terrestre;Paraná;Bielorússia;Maio;2026;4
Fluvial;Amapá;Bielorússia;Maio;2026;1
Aérea;Amazonas;Bolívia;Maio;2026;1
Aérea;Pará;Bolívia;Maio;2026;1
Aérea;Ceará;Bolívia;Maio;2026;1
Aérea;Rio Grande do Norte;Bolívia;Maio;2026;1
Aérea;Paraíba;Bolívia;Maio;2026;1
Aérea;Pernambuco;Bolívia;Maio;2026;4
Aérea;Bahia;Bolívia;Maio;2026;1
Aérea;Bahia;Bolívia;Maio;2026;2
Aérea;Minas Gerais;Bolívia;Maio;2026;2
Aérea;Rio de Janeiro;Bolívia;Maio;2026;637
Aérea;São Paulo;Bolívia;Maio;2026;1
Aérea;São Paulo;Bolívia;Maio;2026;4050
Aérea;São Paulo;Bolívia;Maio;2026;1
Aérea;Paraná;Bolívia;Maio;2026;1
Aérea;Santa Catarina;Bolívia;Maio;2026;5
Aérea;Rio Grande do Sul;Bolívia;Maio;2026;4
Aérea;Mato Grosso do Sul;Bolívia;Maio;2026;1
Aérea;Mato Grosso;Bolívia;Maio;2026;4
Aérea;Distrito Federal;Bolívia;Maio;2026;11
Terrestre;Rondônia;Bolívia;Maio;2026;340
Terrestre;Rondônia;Bolívia;Maio;2026;3
Terrestre;Acre;Bolívia;Maio;2026;34
Terrestre;Acre;Bolívia;Maio;2026;335
Terrestre;Amazonas;Bolívia;Maio;2026;2
Terrestre;Roraima;Bolívia;Maio;2026;3
Terrestre;Amapá;Bolívia;Maio;2026;4
Terrestre;Paraná;Bolívia;Maio;2026;74
Terrestre;Paraná;Bolívia;Maio;2026;51
Terrestre;Paraná;Bolívia;Maio;2026;1
Terrestre;Rio Grande do Sul;Bolívia;Maio;2026;5
Terrestre;Rio Grande do Sul;Bolívia;Maio;2026;3
Terrestre;Rio Grande do Sul;Bolívia;Maio;2026;6
Terrestre;Rio Grande do Sul;Bolívia;Maio;2026;9
Terrestre;Mato Grosso do Sul;Bolívia;Maio;2026;1834
Terrestre;Mato Grosso do Sul;Bolívia;Maio;2026;15
Terrestre;Mato Grosso;Bolívia;Maio;2026;58
Fluvial;Rio Grande do Sul;Bolívia;Maio;2026;3
Aérea;Rio de Janeiro;Botsuana;Maio;2026;3
Aérea;São Paulo;Botsuana;Maio;2026;11
Terrestre;Paraná;Brunei;Maio;2026;1
Aérea;Amazonas;Bulgária;Maio;2026;2
Aérea;Pará;Bulgária;Maio;2026;1
Aérea;Ceará;Bulgária;Maio;2026;1
Aérea;Rio de Janeiro;Bulgária;Maio;2026;58
Aérea;São Paulo;Bulgária;Maio;2026;242
Aérea;Paraná;Bulgária;Maio;2026;1
Aérea;Rio Grande do Sul;Bulgária;Maio;2026;1
Aérea;Distrito Federal;Bulgária;Maio;2026;1
Terrestre;Paraná;Bulgária;Maio;2026;1
Terrestre;Paraná;Bulgária;Maio;2026;41
Terrestre;Rio Grande do Sul;Bulgária;Maio;2026;1
Marítima;Rio de Janeiro;Bulgária;Maio;2026;3
Aérea;São Paulo;Burkina Faso;Maio;2026;11
Aérea;Rio de Janeiro;Burundi;Maio;2026;1
Aérea;São Paulo;Burundi;Maio;2026;1
Aérea;Amazonas;Bélgica;Maio;2026;5
Aérea;Pará;Bélgica;Maio;2026;8
Aérea;Ceará;Bélgica;Maio;2026;47
Aérea;Rio Grande do Norte;Bélgica;Maio;2026;6
Aérea;Pernambuco;Bélgica;Maio;2026;15
Aérea;Bahia;Bélgica;Maio;2026;42
Aérea;Minas Gerais;Bélgica;Maio;2026;27
Aérea;Rio de Janeiro;Bélgica;Maio;2026;502
Aérea;São Paulo;Bélgica;Maio;2026;8
Aérea;São Paulo;Bélgica;Maio;2026;784
Aérea;Santa Catarina;Bélgica;Maio;2026;6
Aérea;Rio Grande do Sul;Bélgica;Maio;2026;1
Aérea;Distrito Federal;Bélgica;Maio;2026;35
Terrestre;Rondônia;Bélgica;Maio;2026;1
Terrestre;Acre;Bélgica;Maio;2026;1
Terrestre;Acre;Bélgica;Maio;2026;2
Terrestre;Roraima;Bélgica;Maio;2026;2
Terrestre;Roraima;Bélgica;Maio;2026;2
Terrestre;Amapá;Bélgica;Maio;2026;3
Terrestre;Paraná;Bélgica;Maio;2026;7
Terrestre;Paraná;Bélgica;Maio;2026;56
Terrestre;Rio Grande do Sul;Bélgica;Maio;2026;1
Terrestre;Rio Grande do Sul;Bélgica;Maio;2026;1
Terrestre;Mato Grosso do Sul;Bélgica;Maio;2026;4
Marítima;Rio Grande do Norte;Bélgica;Maio;2026;1
Marítima;Bahia;Bélgica;Maio;2026;2
Marítima;Rio de Janeiro;Bélgica;Maio;2026;1
Aérea;Rio de Janeiro;Bósnia-Herzegovina;Maio;2026;10
Aérea;São Paulo;Bósnia-Herzegovina;Maio;2026;44
Aérea;Distrito Federal;Bósnia-Herzegovina;Maio;2026;1
Terrestre;Paraná;Bósnia-Herzegovina;Maio;2026;1
Aérea;Pará;Cabo Verde;Maio;2026;1
Aérea;Ceará;Cabo Verde;Maio;2026;1
Aérea;Pernambuco;Cabo Verde;Maio;2026;77
Aérea;Bahia;Cabo Verde;Maio;2026;3
Aérea;Rio de Janeiro;Cabo Verde;Maio;2026;13
Aérea;São Paulo;Cabo Verde;Maio;2026;20
Aérea;Distrito Federal;Cabo Verde;Maio;2026;3
Aérea;Rio de Janeiro;Camarões;Maio;2026;3
Aérea;São Paulo;Camarões;Maio;2026;51
Aérea;Distrito Federal;Camarões;Maio;2026;1
Aérea;São Paulo;Camboja;Maio;2026;1
Aérea;Amazonas;Canadá;Maio;2026;48
Aérea;Pará;Canadá;Maio;2026;3
Aérea;Ceará;Canadá;Maio;2026;4
Aérea;Rio Grande do Norte;Canadá;Maio;2026;1
Aérea;Pernambuco;Canadá;Maio;2026;6
Aérea;Bahia;Canadá;Maio;2026;1
Aérea;Bahia;Canadá;Maio;2026;44
Aérea;Minas Gerais;Canadá;Maio;2026;18
Aérea;Rio de Janeiro;Canadá;Maio;2026;2360
Aérea;São Paulo;Canadá;Maio;2026;2
Aérea;São Paulo;Canadá;Maio;2026;5162
Aérea;Paraná;Canadá;Maio;2026;2
Aérea;Paraná;Canadá;Maio;2026;1
Aérea;Santa Catarina;Canadá;Maio;2026;12
Aérea;Rio Grande do Sul;Canadá;Maio;2026;11
Aérea;Distrito Federal;Canadá;Maio;2026;71
Terrestre;Acre;Canadá;Maio;2026;1
Terrestre;Amazonas;Canadá;Maio;2026;2
Terrestre;Roraima;Canadá;Maio;2026;1
Terrestre;Paraná;Canadá;Maio;2026;17
Terrestre;Paraná;Canadá;Maio;2026;277
Terrestre;Rio Grande do Sul;Canadá;Maio;2026;5
Terrestre;Mato Grosso do Sul;Canadá;Maio;2026;1
Marítima;Ceará;Canadá;Maio;2026;1
Fluvial;Rio Grande do Sul;Canadá;Maio;2026;1
Aérea;Ceará;Casaquistão;Maio;2026;1
Aérea;Rio Grande do Norte;Casaquistão;Maio;2026;2
Aérea;Rio de Janeiro;Casaquistão;Maio;2026;20
Aérea;São Paulo;Casaquistão;Maio;2026;71
Terrestre;Amazonas;Casaquistão;Maio;2026;1
Terrestre;Paraná;Casaquistão;Maio;2026;2
Aérea;Rio de Janeiro;Catar;Maio;2026;3
Aérea;São Paulo;Catar;Maio;2026;24
Aérea;Rio de Janeiro;Chade;Maio;2026;1
Aérea;São Paulo;Chade;Maio;2026;1
Aérea;Amazonas;Chile;Maio;2026;3
Aérea;Roraima;Chile;Maio;2026;1
Aérea;Ceará;Chile;Maio;2026;190
Aérea;Rio Grande do Norte;Chile;Maio;2026;20
Aérea;Pernambuco;Chile;Maio;2026;576
Aérea;Alagoas;Chile;Maio;2026;1
Aérea;Bahia;Chile;Maio;2026;3
Aérea;Bahia;Chile;Maio;2026;191
Aérea;Minas Gerais;Chile;Maio;2026;197
Aérea;Rio de Janeiro;Chile;Maio;2026;24003
Aérea;São Paulo;Chile;Maio;2026;1
Aérea;São Paulo;Chile;Maio;2026;11775
Aérea;São Paulo;Chile;Maio;2026;1
Aérea;Paraná;Chile;Maio;2026;954
Aérea;Paraná;Chile;Maio;2026;157
Aérea;Santa Catarina;Chile;Maio;2026;8486
Aérea;Rio Grande do Sul;Chile;Maio;2026;295
Aérea;Mato Grosso do Sul;Chile;Maio;2026;6
Aérea;Distrito Federal;Chile;Maio;2026;257
Terrestre;Acre;Chile;Maio;2026;4
Terrestre;Amazonas;Chile;Maio;2026;3
Terrestre;Roraima;Chile;Maio;2026;3
Terrestre;Paraná;Chile;Maio;2026;1
Terrestre;Paraná;Chile;Maio;2026;115
Terrestre;Paraná;Chile;Maio;2026;254
Terrestre;Santa Catarina;Chile;Maio;2026;3
Terrestre;Rio Grande do Sul;Chile;Maio;2026;2
Terrestre;Rio Grande do Sul;Chile;Maio;2026;26
Terrestre;Rio Grande do Sul;Chile;Maio;2026;1
Terrestre;Rio Grande do Sul;Chile;Maio;2026;2
Terrestre;Rio Grande do Sul;Chile;Maio;2026;70
Terrestre;Mato Grosso do Sul;Chile;Maio;2026;22
Terrestre;Mato Grosso do Sul;Chile;Maio;2026;1
Marítima;Santa Catarina;Chile;Maio;2026;2
Fluvial;Rio Grande do Sul;Chile;Maio;2026;2
Aérea;Amazonas;China;Maio;2026;34
Aérea;Pará;China;Maio;2026;29
Aérea;Ceará;China;Maio;2026;24
Aérea;Rio Grande do Norte;China;Maio;2026;1
Aérea;Pernambuco;China;Maio;2026;7
Aérea;Bahia;China;Maio;2026;90
Aérea;Minas Gerais;China;Maio;2026;16
Aérea;Rio de Janeiro;China;Maio;2026;1361
Aérea;São Paulo;China;Maio;2026;8
Aérea;São Paulo;China;Maio;2026;12414
Aérea;São Paulo;China;Maio;2026;2
Aérea;Paraná;China;Maio;2026;2
Aérea;Paraná;China;Maio;2026;9
Aérea;Santa Catarina;China;Maio;2026;14
Aérea;Rio Grande do Sul;China;Maio;2026;15
Aérea;Distrito Federal;China;Maio;2026;36
Terrestre;Acre;China;Maio;2026;2
Terrestre;Amazonas;China;Maio;2026;3
Terrestre;Roraima;China;Maio;2026;6
Terrestre;Roraima;China;Maio;2026;3
Terrestre;Amapá;China;Maio;2026;1
Terrestre;Paraná;China;Maio;2026;33
Terrestre;Paraná;China;Maio;2026;317
Terrestre;Rio Grande do Sul;China;Maio;2026;4
Terrestre;Rio Grande do Sul;China;Maio;2026;1
Terrestre;Rio Grande do Sul;China;Maio;2026;4
Terrestre;Mato Grosso do Sul;China;Maio;2026;10
Marítima;Maranhão;China;Maio;2026;21
Marítima;Rio Grande do Norte;China;Maio;2026;21
Marítima;Paraíba;China;Maio;2026;10
Marítima;Pernambuco;China;Maio;2026;20
Marítima;Pernambuco;China;Maio;2026;2
Marítima;Bahia;China;Maio;2026;4
Marítima;Espírito Santo;China;Maio;2026;128
Marítima;Rio de Janeiro;China;Maio;2026;1
Marítima;Rio de Janeiro;China;Maio;2026;13
Marítima;Rio de Janeiro;China;Maio;2026;10
Marítima;Rio de Janeiro;China;Maio;2026;22
Marítima;São Paulo;China;Maio;2026;351
Marítima;Paraná;China;Maio;2026;160
Marítima;Santa Catarina;China;Maio;2026;39
Marítima;Santa Catarina;China;Maio;2026;3
Fluvial;Pará;China;Maio;2026;99
Fluvial;Amapá;China;Maio;2026;30
Aérea;Amazonas;China, Hong Kong;Maio;2026;5
Aérea;Pará;China, Hong Kong;Maio;2026;1
Aérea;Bahia;China, Hong Kong;Maio;2026;1
Aérea;Rio de Janeiro;China, Hong Kong;Maio;2026;32
Aérea;São Paulo;China, Hong Kong;Maio;2026;414
Aérea;Paraná;China, Hong Kong;Maio;2026;2
Aérea;Santa Catarina;China, Hong Kong;Maio;2026;1
Terrestre;Paraná;China, Hong Kong;Maio;2026;2
Terrestre;Paraná;China, Hong Kong;Maio;2026;29
Aérea;São Paulo;China, Macao;Maio;2026;8
Terrestre;Paraná;China, Macao;Maio;2026;1
Aérea;Amazonas;Chipre;Maio;2026;1
Aérea;Pernambuco;Chipre;Maio;2026;1
Aérea;Rio de Janeiro;Chipre;Maio;2026;10
Aérea;São Paulo;Chipre;Maio;2026;22
Aérea;Rio Grande do Sul;Chipre;Maio;2026;1
Aérea;Distrito Federal;Chipre;Maio;2026;2
Terrestre;Paraná;Chipre;Maio;2026;1
Terrestre;Paraná;Chipre;Maio;2026;5
Aérea;Pará;Cingapura;Maio;2026;1
Aérea;Rio Grande do Norte;Cingapura;Maio;2026;1
Aérea;Bahia;Cingapura;Maio;2026;1
Aérea;Rio de Janeiro;Cingapura;Maio;2026;92
Aérea;São Paulo;Cingapura;Maio;2026;208
Aérea;São Paulo;Cingapura;Maio;2026;1
Aérea;Paraná;Cingapura;Maio;2026;1
Aérea;Santa Catarina;Cingapura;Maio;2026;1
Aérea;Rio Grande do Sul;Cingapura;Maio;2026;3
Aérea;Distrito Federal;Cingapura;Maio;2026;1
Terrestre;Paraná;Cingapura;Maio;2026;25
Marítima;Pernambuco;Cingapura;Maio;2026;1
Aérea;Amazonas;Colômbia;Maio;2026;179
Aérea;Roraima;Colômbia;Maio;2026;2
Aérea;Pará;Colômbia;Maio;2026;243
Aérea;Ceará;Colômbia;Maio;2026;12
Aérea;Rio Grande do Norte;Colômbia;Maio;2026;2
Aérea;Pernambuco;Colômbia;Maio;2026;11
Aérea;Alagoas;Colômbia;Maio;2026;2
Aérea;Bahia;Colômbia;Maio;2026;96
Aérea;Minas Gerais;Colômbia;Maio;2026;139
Aérea;Rio de Janeiro;Colômbia;Maio;2026;8598
Aérea;São Paulo;Colômbia;Maio;2026;15
Aérea;São Paulo;Colômbia;Maio;2026;8321
Aérea;São Paulo;Colômbia;Maio;2026;1
Aérea;Paraná;Colômbia;Maio;2026;20
Aérea;Paraná;Colômbia;Maio;2026;46
Aérea;Santa Catarina;Colômbia;Maio;2026;136
Aérea;Rio Grande do Sul;Colômbia;Maio;2026;113
Aérea;Distrito Federal;Colômbia;Maio;2026;586
Terrestre;Rondônia;Colômbia;Maio;2026;5
Terrestre;Acre;Colômbia;Maio;2026;26
Terrestre;Acre;Colômbia;Maio;2026;10
Terrestre;Amazonas;Colômbia;Maio;2026;269
Terrestre;Roraima;Colômbia;Maio;2026;6
Terrestre;Roraima;Colômbia;Maio;2026;50
Terrestre;Amapá;Colômbia;Maio;2026;2
Terrestre;Paraná;Colômbia;Maio;2026;209
Terrestre;Paraná;Colômbia;Maio;2026;642
Terrestre;Paraná;Colômbia;Maio;2026;3
Terrestre;Santa Catarina;Colômbia;Maio;2026;4
Terrestre;Rio Grande do Sul;Colômbia;Maio;2026;67
Terrestre;Rio Grande do Sul;Colômbia;Maio;2026;26
Terrestre;Rio Grande do Sul;Colômbia;Maio;2026;3
Terrestre;Rio Grande do Sul;Colômbia;Maio;2026;32
Terrestre;Rio Grande do Sul;Colômbia;Maio;2026;3
Terrestre;Rio Grande do Sul;Colômbia;Maio;2026;10
Terrestre;Mato Grosso do Sul;Colômbia;Maio;2026;42
Terrestre;Mato Grosso do Sul;Colômbia;Maio;2026;10
Marítima;Rio de Janeiro;Colômbia;Maio;2026;2
Fluvial;Amapá;Colômbia;Maio;2026;1
Fluvial;Rio Grande do Sul;Colômbia;Maio;2026;9
Fluvial;Rio Grande do Sul;Colômbia;Maio;2026;4
Aérea;São Paulo;Comores;Maio;2026;1
Aérea;Ceará;Congo;Maio;2026;1
Aérea;Rio de Janeiro;Congo;Maio;2026;1
Aérea;São Paulo;Congo;Maio;2026;121
Aérea;Amazonas;Costa Rica;Maio;2026;5
Aérea;Pará;Costa Rica;Maio;2026;3
Aérea;Bahia;Costa Rica;Maio;2026;17
Aérea;Minas Gerais;Costa Rica;Maio;2026;15
Aérea;Rio de Janeiro;Costa Rica;Maio;2026;1287
Aérea;São Paulo;Costa Rica;Maio;2026;864
Aérea;Paraná;Costa Rica;Maio;2026;6
Aérea;Santa Catarina;Costa Rica;Maio;2026;17
Aérea;Rio Grande do Sul;Costa Rica;Maio;2026;20
Aérea;Distrito Federal;Costa Rica;Maio;2026;32
Terrestre;Paraná;Costa Rica;Maio;2026;9
Terrestre;Paraná;Costa Rica;Maio;2026;122
Terrestre;Rio Grande do Sul;Costa Rica;Maio;2026;5
Aérea;Rio de Janeiro;Costa do Marfim;Maio;2026;7
Aérea;São Paulo;Costa do Marfim;Maio;2026;8
Aérea;Pará;Croácia;Maio;2026;5
Aérea;Ceará;Croácia;Maio;2026;3
Aérea;Pernambuco;Croácia;Maio;2026;3
Aérea;Alagoas;Croácia;Maio;2026;1
Aérea;Bahia;Croácia;Maio;2026;1
Aérea;Minas Gerais;Croácia;Maio;2026;2
Aérea;Rio de Janeiro;Croácia;Maio;2026;174
Aérea;São Paulo;Croácia;Maio;2026;94
Aérea;Distrito Federal;Croácia;Maio;2026;4
Terrestre;Amazonas;Croácia;Maio;2026;1
Terrestre;Paraná;Croácia;Maio;2026;4
Aérea;Amazonas;Cuba;Maio;2026;5
Aérea;Pará;Cuba;Maio;2026;2
Aérea;Ceará;Cuba;Maio;2026;3
Aérea;Bahia;Cuba;Maio;2026;11
Aérea;Minas Gerais;Cuba;Maio;2026;8
Aérea;Rio de Janeiro;Cuba;Maio;2026;80
Aérea;São Paulo;Cuba;Maio;2026;1
Aérea;São Paulo;Cuba;Maio;2026;252
Aérea;Santa Catarina;Cuba;Maio;2026;35
Aérea;Rio Grande do Sul;Cuba;Maio;2026;21
Aérea;Distrito Federal;Cuba;Maio;2026;20
Terrestre;Roraima;Cuba;Maio;2026;1
Terrestre;Paraná;Cuba;Maio;2026;1
Terrestre;Rio Grande do Sul;Cuba;Maio;2026;7
Terrestre;Rio Grande do Sul;Cuba;Maio;2026;1
Terrestre;Rio Grande do Sul;Cuba;Maio;2026;3
Terrestre;Rio Grande do Sul;Cuba;Maio;2026;1
Aérea;Amazonas;Dinamarca;Maio;2026;4
Aérea;Pará;Dinamarca;Maio;2026;3
Aérea;Ceará;Dinamarca;Maio;2026;60
Aérea;Rio Grande do Norte;Dinamarca;Maio;2026;5
Aérea;Pernambuco;Dinamarca;Maio;2026;5
Aérea;Bahia;Dinamarca;Maio;2026;8
Aérea;Minas Gerais;Dinamarca;Maio;2026;3
Aérea;Rio de Janeiro;Dinamarca;Maio;2026;271
Aérea;São Paulo;Dinamarca;Maio;2026;2
Aérea;São Paulo;Dinamarca;Maio;2026;249
Aérea;Paraná;Dinamarca;Maio;2026;2
Aérea;Santa Catarina;Dinamarca;Maio;2026;3
Aérea;Rio Grande do Sul;Dinamarca;Maio;2026;2
Aérea;Distrito Federal;Dinamarca;Maio;2026;8
Terrestre;Acre;Dinamarca;Maio;2026;1
Terrestre;Paraná;Dinamarca;Maio;2026;15
Terrestre;Paraná;Dinamarca;Maio;2026;46
Marítima;Ceará;Dinamarca;Maio;2026;1
Aérea;Rio de Janeiro;Dominica;Maio;2026;4
Aérea;São Paulo;Dominica;Maio;2026;15
Aérea;Distrito Federal;Dominica;Maio;2026;1
Terrestre;Roraima;Dominica;Maio;2026;1
Terrestre;Roraima;Dominica;Maio;2026;1
Aérea;Amazonas;Egito;Maio;2026;2
Aérea;Pará;Egito;Maio;2026;5
Aérea;Rio Grande do Norte;Egito;Maio;2026;1
Aérea;Bahia;Egito;Maio;2026;1
Aérea;Rio de Janeiro;Egito;Maio;2026;82
Aérea;São Paulo;Egito;Maio;2026;179
Terrestre;Amazonas;Egito;Maio;2026;1
Terrestre;Roraima;Egito;Maio;2026;4
Terrestre;Paraná;Egito;Maio;2026;1
Terrestre;Rio Grande do Sul;Egito;Maio;2026;1
Marítima;Maranhão;Egito;Maio;2026;1
Marítima;Santa Catarina;Egito;Maio;2026;4
Aérea;Amazonas;El Salvador;Maio;2026;1
Aérea;Pará;El Salvador;Maio;2026;1
Aérea;Minas Gerais;El Salvador;Maio;2026;9
Aérea;Rio de Janeiro;El Salvador;Maio;2026;210
Aérea;São Paulo;El Salvador;Maio;2026;3
Aérea;São Paulo;El Salvador;Maio;2026;212
Aérea;Paraná;El Salvador;Maio;2026;1
Aérea;Santa Catarina;El Salvador;Maio;2026;2
Aérea;Rio Grande do Sul;El Salvador;Maio;2026;1
Aérea;Distrito Federal;El Salvador;Maio;2026;4
Terrestre;Amazonas;El Salvador;Maio;2026;1
Terrestre;Paraná;El Salvador;Maio;2026;6
Terrestre;Paraná;El Salvador;Maio;2026;14
Terrestre;Paraná;El Salvador;Maio;2026;2
Terrestre;Rio Grande do Sul;El Salvador;Maio;2026;2
Aérea;Rio de Janeiro;Emirados Árabes Unidos;Maio;2026;25
Aérea;São Paulo;Emirados Árabes Unidos;Maio;2026;60
Aérea;Distrito Federal;Emirados Árabes Unidos;Maio;2026;2
Terrestre;Paraná;Emirados Árabes Unidos;Maio;2026;6
Aérea;Amazonas;Equador;Maio;2026;23
Aérea;Pará;Equador;Maio;2026;3
Aérea;Ceará;Equador;Maio;2026;1
Aérea;Rio Grande do Norte;Equador;Maio;2026;2
Aérea;Pernambuco;Equador;Maio;2026;5
Aérea;Alagoas;Equador;Maio;2026;2
Aérea;Bahia;Equador;Maio;2026;30
Aérea;Minas Gerais;Equador;Maio;2026;65
Aérea;Rio de Janeiro;Equador;Maio;2026;1969
Aérea;São Paulo;Equador;Maio;2026;2075
Aérea;São Paulo;Equador;Maio;2026;43
Aérea;Paraná;Equador;Maio;2026;4
Aérea;Paraná;Equador;Maio;2026;69
Aérea;Santa Catarina;Equador;Maio;2026;88
Aérea;Rio Grande do Sul;Equador;Maio;2026;64
Aérea;Distrito Federal;Equador;Maio;2026;279
Terrestre;Acre;Equador;Maio;2026;32
Terrestre;Acre;Equador;Maio;2026;2
Terrestre;Amazonas;Equador;Maio;2026;5
Terrestre;Roraima;Equador;Maio;2026;1
Terrestre;Roraima;Equador;Maio;2026;2
Terrestre;Paraná;Equador;Maio;2026;58
Terrestre;Paraná;Equador;Maio;2026;509
Terrestre;Rio Grande do Sul;Equador;Maio;2026;5
Terrestre;Rio Grande do Sul;Equador;Maio;2026;4
Terrestre;Rio Grande do Sul;Equador;Maio;2026;6
Terrestre;Mato Grosso do Sul;Equador;Maio;2026;11
Terrestre;Mato Grosso do Sul;Equador;Maio;2026;2
Marítima;Rio de Janeiro;Equador;Maio;2026;2
Fluvial;Rio Grande do Sul;Equador;Maio;2026;1
Aérea;São Paulo;Eritréia;Maio;2026;1
Aérea;Amazonas;Eslováquia;Maio;2026;1
Aérea;Ceará;Eslováquia;Maio;2026;2
Aérea;Pernambuco;Eslováquia;Maio;2026;2
Aérea;Alagoas;Eslováquia;Maio;2026;1
Aérea;Bahia;Eslováquia;Maio;2026;8
Aérea;Minas Gerais;Eslováquia;Maio;2026;2
Aérea;Rio de Janeiro;Eslováquia;Maio;2026;80
Aérea;São Paulo;Eslováquia;Maio;2026;65
Aérea;Paraná;Eslováquia;Maio;2026;1
Aérea;Santa Catarina;Eslováquia;Maio;2026;1
Terrestre;Acre;Eslováquia;Maio;2026;1
Terrestre;Amazonas;Eslováquia;Maio;2026;1
Terrestre;Amapá;Eslováquia;Maio;2026;2
Terrestre;Paraná;Eslováquia;Maio;2026;11
Terrestre;Paraná;Eslováquia;Maio;2026;97
Terrestre;Mato Grosso do Sul;Eslováquia;Maio;2026;1
Aérea;Pará;Eslovênia;Maio;2026;1
Aérea;Ceará;Eslovênia;Maio;2026;3
Aérea;Pernambuco;Eslovênia;Maio;2026;4
Aérea;Bahia;Eslovênia;Maio;2026;9
Aérea;Minas Gerais;Eslovênia;Maio;2026;1
Aérea;Rio de Janeiro;Eslovênia;Maio;2026;33
Aérea;São Paulo;Eslovênia;Maio;2026;54
Aérea;Santa Catarina;Eslovênia;Maio;2026;4
Terrestre;Paraná;Eslovênia;Maio;2026;6
Terrestre;Mato Grosso do Sul;Eslovênia;Maio;2026;1
Aérea;Amazonas;Espanha;Maio;2026;47
Aérea;Pará;Espanha;Maio;2026;24
Aérea;Ceará;Espanha;Maio;2026;267
Aérea;Rio Grande do Norte;Espanha;Maio;2026;39
Aérea;Paraíba;Espanha;Maio;2026;1
Aérea;Pernambuco;Espanha;Maio;2026;271
Aérea;Alagoas;Espanha;Maio;2026;3
Aérea;Bahia;Espanha;Maio;2026;250
Aérea;Minas Gerais;Espanha;Maio;2026;34
Aérea;Rio de Janeiro;Espanha;Maio;2026;2503
Aérea;São Paulo;Espanha;Maio;2026;45
Aérea;São Paulo;Espanha;Maio;2026;4717
Aérea;São Paulo;Espanha;Maio;2026;2
Aérea;Paraná;Espanha;Maio;2026;20
Aérea;Paraná;Espanha;Maio;2026;7
Aérea;Santa Catarina;Espanha;Maio;2026;32
Aérea;Rio Grande do Sul;Espanha;Maio;2026;50
Aérea;Distrito Federal;Espanha;Maio;2026;82
Terrestre;Rondônia;Espanha;Maio;2026;1
Terrestre;Acre;Espanha;Maio;2026;4
Terrestre;Acre;Espanha;Maio;2026;3
Terrestre;Amazonas;Espanha;Maio;2026;12
Terrestre;Roraima;Espanha;Maio;2026;3
Terrestre;Amapá;Espanha;Maio;2026;3
Terrestre;Paraná;Espanha;Maio;2026;147
Terrestre;Paraná;Espanha;Maio;2026;508
Terrestre;Paraná;Espanha;Maio;2026;1
Terrestre;Paraná;Espanha;Maio;2026;1
Terrestre;Santa Catarina;Espanha;Maio;2026;2
Terrestre;Rio Grande do Sul;Espanha;Maio;2026;4
Terrestre;Rio Grande do Sul;Espanha;Maio;2026;9
Terrestre;Rio Grande do Sul;Espanha;Maio;2026;3
Terrestre;Rio Grande do Sul;Espanha;Maio;2026;2
Terrestre;Rio Grande do Sul;Espanha;Maio;2026;4
Terrestre;Rio Grande do Sul;Espanha;Maio;2026;4
Terrestre;Rio Grande do Sul;Espanha;Maio;2026;3
Terrestre;Mato Grosso do Sul;Espanha;Maio;2026;7
Terrestre;Mato Grosso do Sul;Espanha;Maio;2026;3
Marítima;Ceará;Espanha;Maio;2026;1
Marítima;Paraíba;Espanha;Maio;2026;2
Fluvial;Rio Grande do Sul;Espanha;Maio;2026;2
Fluvial;Rio Grande do Sul;Espanha;Maio;2026;2
Aérea;Amazonas;Estados Unidos;Maio;2026;1446
Aérea;Pará;Estados Unidos;Maio;2026;115
Aérea;Ceará;Estados Unidos;Maio;2026;392
Aérea;Rio Grande do Norte;Estados Unidos;Maio;2026;3
Aérea;Pernambuco;Estados Unidos;Maio;2026;21
Aérea;Alagoas;Estados Unidos;Maio;2026;3
Aérea;Bahia;Estados Unidos;Maio;2026;2
Aérea;Bahia;Estados Unidos;Maio;2026;254
Aérea;Minas Gerais;Estados Unidos;Maio;2026;320
Aérea;Rio de Janeiro;Estados Unidos;Maio;2026;16316
Aérea;São Paulo;Estados Unidos;Maio;2026;2035
Aérea;São Paulo;Estados Unidos;Maio;2026;29241
Aérea;São Paulo;Estados Unidos;Maio;2026;7
Aérea;São Paulo;Estados Unidos;Maio;2026;12
Aérea;Paraná;Estados Unidos;Maio;2026;12
Aérea;Paraná;Estados Unidos;Maio;2026;42
Aérea;Santa Catarina;Estados Unidos;Maio;2026;138
Aérea;Rio Grande do Sul;Estados Unidos;Maio;2026;238
Aérea;Distrito Federal;Estados Unidos;Maio;2026;742
Terrestre;Acre;Estados Unidos;Maio;2026;1
Terrestre;Acre;Estados Unidos;Maio;2026;1
Terrestre;Amazonas;Estados Unidos;Maio;2026;4
Terrestre;Roraima;Estados Unidos;Maio;2026;8
Terrestre;Paraná;Estados Unidos;Maio;2026;124
Terrestre;Paraná;Estados Unidos;Maio;2026;1576
Terrestre;Paraná;Estados Unidos;Maio;2026;1
Terrestre;Santa Catarina;Estados Unidos;Maio;2026;3
Terrestre;Rio Grande do Sul;Estados Unidos;Maio;2026;5
Terrestre;Rio Grande do Sul;Estados Unidos;Maio;2026;11
Terrestre;Rio Grande do Sul;Estados Unidos;Maio;2026;6
Terrestre;Rio Grande do Sul;Estados Unidos;Maio;2026;2
Terrestre;Rio Grande do Sul;Estados Unidos;Maio;2026;1
Terrestre;Rio Grande do Sul;Estados Unidos;Maio;2026;1
Terrestre;Mato Grosso do Sul;Estados Unidos;Maio;2026;3
Terrestre;Mato Grosso do Sul;Estados Unidos;Maio;2026;3
Marítima;Ceará;Estados Unidos;Maio;2026;3
Marítima;Pernambuco;Estados Unidos;Maio;2026;2
Marítima;Pernambuco;Estados Unidos;Maio;2026;2
Marítima;Rio de Janeiro;Estados Unidos;Maio;2026;40
Fluvial;Rio Grande do Sul;Estados Unidos;Maio;2026;4
Aérea;Ceará;Estônia;Maio;2026;1
Aérea;Pernambuco;Estônia;Maio;2026;2
Aérea;Rio de Janeiro;Estônia;Maio;2026;11
Aérea;São Paulo;Estônia;Maio;2026;38
Aérea;Santa Catarina;Estônia;Maio;2026;1
Aérea;Rio Grande do Sul;Estônia;Maio;2026;1
Aérea;Distrito Federal;Estônia;Maio;2026;2
Terrestre;Paraná;Estônia;Maio;2026;1
Terrestre;Paraná;Estônia;Maio;2026;4
Marítima;Ceará;Estônia;Maio;2026;1
Aérea;Rio de Janeiro;Etiópia;Maio;2026;3
Aérea;São Paulo;Etiópia;Maio;2026;34
Marítima;Rio Grande do Norte;Etiópia;Maio;2026;2
Marítima;Rio de Janeiro;Etiópia;Maio;2026;1
Marítima;Santa Catarina;Etiópia;Maio;2026;3
Aérea;Rio de Janeiro;Fiji;Maio;2026;1
Aérea;Pará;Filipinas;Maio;2026;1
Aérea;Minas Gerais;Filipinas;Maio;2026;1
Aérea;Rio de Janeiro;Filipinas;Maio;2026;133
Aérea;São Paulo;Filipinas;Maio;2026;2
Aérea;São Paulo;Filipinas;Maio;2026;293
Aérea;Distrito Federal;Filipinas;Maio;2026;1
Terrestre;Roraima;Filipinas;Maio;2026;1
Terrestre;Paraná;Filipinas;Maio;2026;8
Terrestre;Paraná;Filipinas;Maio;2026;5
Marítima;Rio de Janeiro;Filipinas;Maio;2026;41
Marítima;São Paulo;Filipinas;Maio;2026;1
Fluvial;Rio Grande do Sul;Filipinas;Maio;2026;1
Aérea;Amazonas;Finlândia;Maio;2026;3
Aérea;Pará;Finlândia;Maio;2026;1
Aérea;Ceará;Finlândia;Maio;2026;21
Aérea;Rio Grande do Norte;Finlândia;Maio;2026;4
Aérea;Pernambuco;Finlândia;Maio;2026;12
Aérea;Bahia;Finlândia;Maio;2026;1
Aérea;Minas Gerais;Finlândia;Maio;2026;2
Aérea;Rio de Janeiro;Finlândia;Maio;2026;104
Aérea;São Paulo;Finlândia;Maio;2026;2
Aérea;São Paulo;Finlândia;Maio;2026;201
Aérea;Paraná;Finlândia;Maio;2026;1
Aérea;Paraná;Finlândia;Maio;2026;1
Aérea;Santa Catarina;Finlândia;Maio;2026;3
Aérea;Distrito Federal;Finlândia;Maio;2026;1
Terrestre;Paraná;Finlândia;Maio;2026;2
Terrestre;Paraná;Finlândia;Maio;2026;12
Terrestre;Mato Grosso do Sul;Finlândia;Maio;2026;1
Aérea;Amazonas;França;Maio;2026;35
Aérea;Pará;França;Maio;2026;355
Aérea;Ceará;França;Maio;2026;1060
Aérea;Rio Grande do Norte;França;Maio;2026;35
Aérea;Pernambuco;França;Maio;2026;114
Aérea;Alagoas;França;Maio;2026;3
Aérea;Bahia;França;Maio;2026;1
Aérea;Bahia;França;Maio;2026;723
Aérea;Minas Gerais;França;Maio;2026;41
Aérea;Rio de Janeiro;França;Maio;2026;6195
Aérea;São Paulo;França;Maio;2026;60
Aérea;São Paulo;França;Maio;2026;4508
Aérea;São Paulo;França;Maio;2026;1
Aérea;Paraná;França;Maio;2026;3
Aérea;Paraná;França;Maio;2026;7
Aérea;Santa Catarina;França;Maio;2026;42
Aérea;Rio Grande do Sul;França;Maio;2026;8
Aérea;Distrito Federal;França;Maio;2026;106
Terrestre;Rondônia;França;Maio;2026;1
Terrestre;Acre;França;Maio;2026;2
Terrestre;Acre;França;Maio;2026;25
Terrestre;Amazonas;França;Maio;2026;18
Terrestre;Roraima;França;Maio;2026;6
Terrestre;Roraima;França;Maio;2026;3
Terrestre;Amapá;França;Maio;2026;3308
Terrestre;Paraná;França;Maio;2026;89
Terrestre;Paraná;França;Maio;2026;712
Terrestre;Rio Grande do Sul;França;Maio;2026;24
Terrestre;Rio Grande do Sul;França;Maio;2026;1
Terrestre;Rio Grande do Sul;França;Maio;2026;3
Terrestre;Rio Grande do Sul;França;Maio;2026;1
Terrestre;Rio Grande do Sul;França;Maio;2026;3
Terrestre;Mato Grosso do Sul;França;Maio;2026;12
Terrestre;Mato Grosso do Sul;França;Maio;2026;10
Marítima;Ceará;França;Maio;2026;2
Marítima;Rio Grande do Norte;França;Maio;2026;4
Marítima;Paraíba;França;Maio;2026;6
Marítima;Pernambuco;França;Maio;2026;5
Marítima;Pernambuco;França;Maio;2026;1
Marítima;Bahia;França;Maio;2026;4
Marítima;Rio de Janeiro;França;Maio;2026;8
Marítima;Santa Catarina;França;Maio;2026;2
Fluvial;Amapá;França;Maio;2026;704
Fluvial;Rio Grande do Sul;França;Maio;2026;9
Aérea;Rio de Janeiro;Gabão;Maio;2026;3
Aérea;São Paulo;Gabão;Maio;2026;1
Terrestre;Amapá;Gabão;Maio;2026;1
Fluvial;Amapá;Gabão;Maio;2026;1
Aérea;Bahia;Gana;Maio;2026;1
Aérea;Rio de Janeiro;Gana;Maio;2026;5
Aérea;São Paulo;Gana;Maio;2026;33
Aérea;Santa Catarina;Gana;Maio;2026;1
Terrestre;Roraima;Gana;Maio;2026;1
Aérea;Rio de Janeiro;Geórgia;Maio;2026;15
Aérea;São Paulo;Geórgia;Maio;2026;1
Aérea;São Paulo;Geórgia;Maio;2026;31
Terrestre;Paraná;Geórgia;Maio;2026;1
Terrestre;Paraná;Geórgia;Maio;2026;16
Marítima;Rio de Janeiro;Geórgia;Maio;2026;1
Aérea;Rio de Janeiro;Granada;Maio;2026;3
Aérea;São Paulo;Granada;Maio;2026;7
Aérea;Pará;Grécia;Maio;2026;1
Aérea;Ceará;Grécia;Maio;2026;2
Aérea;Pernambuco;Grécia;Maio;2026;5
Aérea;Bahia;Grécia;Maio;2026;5
Aérea;Rio de Janeiro;Grécia;Maio;2026;336
Aérea;São Paulo;Grécia;Maio;2026;452
Aérea;Rio Grande do Sul;Grécia;Maio;2026;3
Aérea;Distrito Federal;Grécia;Maio;2026;2
Terrestre;Paraná;Grécia;Maio;2026;1
Terrestre;Paraná;Grécia;Maio;2026;22
Marítima;Rio de Janeiro;Grécia;Maio;2026;11
Aérea;Amazonas;Guatemala;Maio;2026;24
Aérea;Bahia;Guatemala;Maio;2026;5
Aérea;Minas Gerais;Guatemala;Maio;2026;6
Aérea;Rio de Janeiro;Guatemala;Maio;2026;499
Aérea;São Paulo;Guatemala;Maio;2026;300
Aérea;Santa Catarina;Guatemala;Maio;2026;1
Aérea;Rio Grande do Sul;Guatemala;Maio;2026;3
Aérea;Distrito Federal;Guatemala;Maio;2026;22
Terrestre;Paraná;Guatemala;Maio;2026;3
Terrestre;Paraná;Guatemala;Maio;2026;18
Terrestre;Rio Grande do Sul;Guatemala;Maio;2026;1
Aérea;Amazonas;Guiana;Maio;2026;3
Aérea;Pará;Guiana;Maio;2026;5
Aérea;Ceará;Guiana;Maio;2026;1
Aérea;Rio de Janeiro;Guiana;Maio;2026;20
Aérea;São Paulo;Guiana;Maio;2026;16
Aérea;Distrito Federal;Guiana;Maio;2026;4
Terrestre;Roraima;Guiana;Maio;2026;497
Terrestre;Roraima;Guiana;Maio;2026;8
Terrestre;Amapá;Guiana;Maio;2026;9
Terrestre;Paraná;Guiana;Maio;2026;1
Marítima;Rio de Janeiro;Guiana;Maio;2026;1
Aérea;Pará;Guiana Francesa;Maio;2026;1
Terrestre;Amapá;Guiana Francesa;Maio;2026;1
Aérea;Pernambuco;Guiné;Maio;2026;2
Aérea;Rio de Janeiro;Guiné;Maio;2026;3
Aérea;São Paulo;Guiné;Maio;2026;50
Aérea;Bahia;Guiné Equatorial;Maio;2026;1
Aérea;Rio de Janeiro;Guiné Equatorial;Maio;2026;3
Aérea;São Paulo;Guiné Equatorial;Maio;2026;2
Aérea;Ceará;Guiné-Bissau;Maio;2026;1
Aérea;Pernambuco;Guiné-Bissau;Maio;2026;2
Aérea;Rio de Janeiro;Guiné-Bissau;Maio;2026;1
Aérea;São Paulo;Guiné-Bissau;Maio;2026;2
Aérea;São Paulo;Guiné-Bissau;Maio;2026;9
Aérea;Distrito Federal;Guiné-Bissau;Maio;2026;1
Aérea;São Paulo;Gâmbia;Maio;2026;7
Aérea;Ceará;Haiti;Maio;2026;2
Aérea;Minas Gerais;Haiti;Maio;2026;1
Aérea;Rio de Janeiro;Haiti;Maio;2026;7
Aérea;São Paulo;Haiti;Maio;2026;44
Aérea;São Paulo;Haiti;Maio;2026;1
Aérea;Paraná;Haiti;Maio;2026;1
Aérea;Paraná;Haiti;Maio;2026;4
Aérea;Santa Catarina;Haiti;Maio;2026;16
Aérea;Rio Grande do Sul;Haiti;Maio;2026;6
Aérea;Distrito Federal;Haiti;Maio;2026;8
Terrestre;Amapá;Haiti;Maio;2026;4
Fluvial;Amapá;Haiti;Maio;2026;2
Aérea;Amazonas;Holanda;Maio;2026;8
Aérea;Pará;Holanda;Maio;2026;73
Aérea;Ceará;Holanda;Maio;2026;105
Aérea;Rio Grande do Norte;Holanda;Maio;2026;21
Aérea;Pernambuco;Holanda;Maio;2026;37
Aérea;Alagoas;Holanda;Maio;2026;2
Aérea;Bahia;Holanda;Maio;2026;60
Aérea;Minas Gerais;Holanda;Maio;2026;17
Aérea;Rio de Janeiro;Holanda;Maio;2026;1478
Aérea;São Paulo;Holanda;Maio;2026;18
Aérea;São Paulo;Holanda;Maio;2026;1795
Aérea;Paraná;Holanda;Maio;2026;1
Aérea;Paraná;Holanda;Maio;2026;5
Aérea;Santa Catarina;Holanda;Maio;2026;10
Aérea;Rio Grande do Sul;Holanda;Maio;2026;10
Aérea;Distrito Federal;Holanda;Maio;2026;32
Terrestre;Rondônia;Holanda;Maio;2026;2
Terrestre;Acre;Holanda;Maio;2026;1
Terrestre;Amazonas;Holanda;Maio;2026;3
Terrestre;Roraima;Holanda;Maio;2026;1
Terrestre;Amapá;Holanda;Maio;2026;6
Terrestre;Paraná;Holanda;Maio;2026;50
Terrestre;Paraná;Holanda;Maio;2026;235
Terrestre;Santa Catarina;Holanda;Maio;2026;3
Terrestre;Rio Grande do Sul;Holanda;Maio;2026;2
Terrestre;Rio Grande do Sul;Holanda;Maio;2026;5
Terrestre;Rio Grande do Sul;Holanda;Maio;2026;1
Terrestre;Mato Grosso do Sul;Holanda;Maio;2026;6
Terrestre;Mato Grosso do Sul;Holanda;Maio;2026;1
Marítima;Paraíba;Holanda;Maio;2026;1
Fluvial;Pará;Holanda;Maio;2026;3
Aérea;Amazonas;Honduras;Maio;2026;4
Aérea;Bahia;Honduras;Maio;2026;3
Aérea;Minas Gerais;Honduras;Maio;2026;6
Aérea;Rio de Janeiro;Honduras;Maio;2026;169
Aérea;São Paulo;Honduras;Maio;2026;1
Aérea;São Paulo;Honduras;Maio;2026;240
Aérea;Paraná;Honduras;Maio;2026;2
Aérea;Santa Catarina;Honduras;Maio;2026;8
Aérea;Rio Grande do Sul;Honduras;Maio;2026;2
Aérea;Distrito Federal;Honduras;Maio;2026;12
Terrestre;Paraná;Honduras;Maio;2026;2
Aérea;Pará;Hungria;Maio;2026;3
Aérea;Ceará;Hungria;Maio;2026;9
Aérea;Rio Grande do Norte;Hungria;Maio;2026;1
Aérea;Pernambuco;Hungria;Maio;2026;2
Aérea;Bahia;Hungria;Maio;2026;4
Aérea;Rio de Janeiro;Hungria;Maio;2026;208
Aérea;São Paulo;Hungria;Maio;2026;1
Aérea;São Paulo;Hungria;Maio;2026;124
Aérea;Rio Grande do Sul;Hungria;Maio;2026;2
Aérea;Distrito Federal;Hungria;Maio;2026;2
Terrestre;Acre;Hungria;Maio;2026;1
Terrestre;Amapá;Hungria;Maio;2026;1
Terrestre;Paraná;Hungria;Maio;2026;4
Terrestre;Paraná;Hungria;Maio;2026;30
Terrestre;Rio Grande do Sul;Hungria;Maio;2026;1
Terrestre;Rio Grande do Sul;Hungria;Maio;2026;1
Aérea;Amazonas;Indonésia;Maio;2026;3
Aérea;Minas Gerais;Indonésia;Maio;2026;1
Aérea;Rio de Janeiro;Indonésia;Maio;2026;30
Aérea;São Paulo;Indonésia;Maio;2026;384
Aérea;Paraná;Indonésia;Maio;2026;6
Aérea;Rio Grande do Sul;Indonésia;Maio;2026;1
Terrestre;Paraná;Indonésia;Maio;2026;3
Terrestre;Paraná;Indonésia;Maio;2026;4
Aérea;São Paulo;Iraque;Maio;2026;16
Aérea;Amazonas;Irlanda;Maio;2026;6
Aérea;Pará;Irlanda;Maio;2026;5
Aérea;Ceará;Irlanda;Maio;2026;13
Aérea;Rio Grande do Norte;Irlanda;Maio;2026;4
Aérea;Pernambuco;Irlanda;Maio;2026;30
Aérea;Bahia;Irlanda;Maio;2026;36
Aérea;Minas Gerais;Irlanda;Maio;2026;13
Aérea;Rio de Janeiro;Irlanda;Maio;2026;1051
Aérea;São Paulo;Irlanda;Maio;2026;10
Aérea;São Paulo;Irlanda;Maio;2026;1898
Aérea;São Paulo;Irlanda;Maio;2026;1
Aérea;Santa Catarina;Irlanda;Maio;2026;7
Aérea;Rio Grande do Sul;Irlanda;Maio;2026;4
Aérea;Distrito Federal;Irlanda;Maio;2026;15
Terrestre;Acre;Irlanda;Maio;2026;2
Terrestre;Acre;Irlanda;Maio;2026;2
Terrestre;Amazonas;Irlanda;Maio;2026;1
Terrestre;Paraná;Irlanda;Maio;2026;5
Terrestre;Paraná;Irlanda;Maio;2026;78
Terrestre;Rio Grande do Sul;Irlanda;Maio;2026;2
Terrestre;Rio Grande do Sul;Irlanda;Maio;2026;1
Marítima;Rio Grande do Sul;Irlanda;Maio;2026;2
Aérea;Pará;Irã;Maio;2026;1
Aérea;Rio de Janeiro;Irã;Maio;2026;5
Aérea;São Paulo;Irã;Maio;2026;60
Aérea;Distrito Federal;Irã;Maio;2026;1
Terrestre;Amazonas;Irã;Maio;2026;1
Terrestre;Mato Grosso do Sul;Irã;Maio;2026;1
Aérea;Rio Grande do Norte;Islândia;Maio;2026;2
Aérea;Pernambuco;Islândia;Maio;2026;1
Aérea;Rio de Janeiro;Islândia;Maio;2026;24
Aérea;São Paulo;Islândia;Maio;2026;19
Terrestre;Paraná;Islândia;Maio;2026;2
Aérea;Ceará;Israel;Maio;2026;6
Aérea;Rio Grande do Norte;Israel;Maio;2026;1
Aérea;Pernambuco;Israel;Maio;2026;9
Aérea;Alagoas;Israel;Maio;2026;1
Aérea;Bahia;Israel;Maio;2026;18
Aérea;Minas Gerais;Israel;Maio;2026;4
Aérea;Rio de Janeiro;Israel;Maio;2026;227
Aérea;São Paulo;Israel;Maio;2026;3
Aérea;São Paulo;Israel;Maio;2026;675
Aérea;Santa Catarina;Israel;Maio;2026;1
Aérea;Rio Grande do Sul;Israel;Maio;2026;2
Aérea;Distrito Federal;Israel;Maio;2026;11
Terrestre;Amazonas;Israel;Maio;2026;1
Terrestre;Roraima;Israel;Maio;2026;1
Terrestre;Paraná;Israel;Maio;2026;4
Terrestre;Paraná;Israel;Maio;2026;67
Terrestre;Rio Grande do Sul;Israel;Maio;2026;1
Terrestre;Rio Grande do Sul;Israel;Maio;2026;1
Terrestre;Mato Grosso do Sul;Israel;Maio;2026;5
Marítima;Paraíba;Israel;Maio;2026;1
Aérea;Amazonas;Itália;Maio;2026;21
Aérea;Pará;Itália;Maio;2026;18
Aérea;Ceará;Itália;Maio;2026;712
Aérea;Rio Grande do Norte;Itália;Maio;2026;167
Aérea;Pernambuco;Itália;Maio;2026;264
Aérea;Alagoas;Itália;Maio;2026;19
Aérea;Bahia;Itália;Maio;2026;1
Aérea;Bahia;Itália;Maio;2026;230
Aérea;Minas Gerais;Itália;Maio;2026;122
Aérea;Rio de Janeiro;Itália;Maio;2026;2437
Aérea;São Paulo;Itália;Maio;2026;17
Aérea;São Paulo;Itália;Maio;2026;5199
Aérea;São Paulo;Itália;Maio;2026;1
Aérea;Paraná;Itália;Maio;2026;2
Aérea;Paraná;Itália;Maio;2026;5
Aérea;Santa Catarina;Itália;Maio;2026;99
Aérea;Rio Grande do Sul;Itália;Maio;2026;75
Aérea;Distrito Federal;Itália;Maio;2026;85
Terrestre;Rondônia;Itália;Maio;2026;1
Terrestre;Acre;Itália;Maio;2026;2
Terrestre;Acre;Itália;Maio;2026;1
Terrestre;Amazonas;Itália;Maio;2026;9
Terrestre;Roraima;Itália;Maio;2026;2
Terrestre;Amapá;Itália;Maio;2026;10
Terrestre;Paraná;Itália;Maio;2026;36
Terrestre;Paraná;Itália;Maio;2026;280
Terrestre;Rio Grande do Sul;Itália;Maio;2026;7
Terrestre;Rio Grande do Sul;Itália;Maio;2026;1
Terrestre;Rio Grande do Sul;Itália;Maio;2026;1
Terrestre;Rio Grande do Sul;Itália;Maio;2026;3
Terrestre;Rio Grande do Sul;Itália;Maio;2026;5
Terrestre;Mato Grosso do Sul;Itália;Maio;2026;4
Fluvial;Rio Grande do Sul;Itália;Maio;2026;2
Fluvial;Rio Grande do Sul;Itália;Maio;2026;1
Aérea;Rio de Janeiro;Iêmen;Maio;2026;2
Aérea;São Paulo;Iêmen;Maio;2026;10
Aérea;Bahia;Jamaica;Maio;2026;3
Aérea;Rio de Janeiro;Jamaica;Maio;2026;65
Aérea;São Paulo;Jamaica;Maio;2026;1
Aérea;São Paulo;Jamaica;Maio;2026;133
Aérea;Santa Catarina;Jamaica;Maio;2026;1
Aérea;Rio Grande do Sul;Jamaica;Maio;2026;1
Aérea;Distrito Federal;Jamaica;Maio;2026;8
Terrestre;Roraima;Jamaica;Maio;2026;1
Terrestre;Paraná;Jamaica;Maio;2026;1
Aérea;Amazonas;Japão;Maio;2026;17
Aérea;Ceará;Japão;Maio;2026;1
Aérea;Pernambuco;Japão;Maio;2026;1
Aérea;Bahia;Japão;Maio;2026;3
Aérea;Minas Gerais;Japão;Maio;2026;1
Aérea;Rio de Janeiro;Japão;Maio;2026;441
Aérea;São Paulo;Japão;Maio;2026;4
Aérea;São Paulo;Japão;Maio;2026;5040
Aérea;Paraná;Japão;Maio;2026;8
Aérea;Santa Catarina;Japão;Maio;2026;2
Aérea;Rio Grande do Sul;Japão;Maio;2026;5
Aérea;Distrito Federal;Japão;Maio;2026;9
Terrestre;Acre;Japão;Maio;2026;1
Terrestre;Amazonas;Japão;Maio;2026;3
Terrestre;Roraima;Japão;Maio;2026;3
Terrestre;Roraima;Japão;Maio;2026;2
Terrestre;Paraná;Japão;Maio;2026;70
Terrestre;Paraná;Japão;Maio;2026;156
Terrestre;Rio Grande do Sul;Japão;Maio;2026;2
Terrestre;Mato Grosso do Sul;Japão;Maio;2026;5
Terrestre;Mato Grosso do Sul;Japão;Maio;2026;2
Terrestre;Mato Grosso;Japão;Maio;2026;1
Aérea;Bahia;Jordânia;Maio;2026;1
Aérea;Rio de Janeiro;Jordânia;Maio;2026;5
Aérea;São Paulo;Jordânia;Maio;2026;25
Aérea;Distrito Federal;Jordânia;Maio;2026;1
Aérea;Rio de Janeiro;Kuwait;Maio;2026;7
Aérea;São Paulo;Kuwait;Maio;2026;5
Terrestre;Paraná;Kuwait;Maio;2026;4
Aérea;Ceará;Letônia;Maio;2026;1
Aérea;Pernambuco;Letônia;Maio;2026;1
Aérea;Rio de Janeiro;Letônia;Maio;2026;24
Aérea;São Paulo;Letônia;Maio;2026;61
Aérea;Paraná;Letônia;Maio;2026;1
Aérea;Distrito Federal;Letônia;Maio;2026;1
Terrestre;Paraná;Letônia;Maio;2026;1
Terrestre;Paraná;Letônia;Maio;2026;3
Aérea;São Paulo;Liechtenstein;Maio;2026;2
Terrestre;Paraná;Liechtenstein;Maio;2026;1
Aérea;Amazonas;Lituânia;Maio;2026;2
Aérea;Rio Grande do Norte;Lituânia;Maio;2026;1
Aérea;Pernambuco;Lituânia;Maio;2026;2
Aérea;Bahia;Lituânia;Maio;2026;2
Aérea;Rio de Janeiro;Lituânia;Maio;2026;51
Aérea;São Paulo;Lituânia;Maio;2026;1
Aérea;São Paulo;Lituânia;Maio;2026;59
Aérea;Santa Catarina;Lituânia;Maio;2026;2
Aérea;Rio Grande do Sul;Lituânia;Maio;2026;1
Aérea;Distrito Federal;Lituânia;Maio;2026;5
Terrestre;Amazonas;Lituânia;Maio;2026;1
Terrestre;Paraná;Lituânia;Maio;2026;15
Marítima;Ceará;Lituânia;Maio;2026;4
Marítima;Pernambuco;Lituânia;Maio;2026;4
Aérea;Pará;Luxemburgo;Maio;2026;1
Aérea;Ceará;Luxemburgo;Maio;2026;1
Aérea;Rio Grande do Norte;Luxemburgo;Maio;2026;2
Aérea;Pernambuco;Luxemburgo;Maio;2026;4
Aérea;Bahia;Luxemburgo;Maio;2026;4
Aérea;Minas Gerais;Luxemburgo;Maio;2026;1
Aérea;Rio de Janeiro;Luxemburgo;Maio;2026;36
Aérea;São Paulo;Luxemburgo;Maio;2026;30
Terrestre;Amapá;Luxemburgo;Maio;2026;1
Terrestre;Paraná;Luxemburgo;Maio;2026;2
Terrestre;Paraná;Luxemburgo;Maio;2026;5
Aérea;Pará;Líbano;Maio;2026;1
Aérea;Pernambuco;Líbano;Maio;2026;1
Aérea;Bahia;Líbano;Maio;2026;1
Aérea;Rio de Janeiro;Líbano;Maio;2026;15
Aérea;São Paulo;Líbano;Maio;2026;158
Aérea;Paraná;Líbano;Maio;2026;1
Terrestre;Paraná;Líbano;Maio;2026;1
Aérea;Rio de Janeiro;Líbia;Maio;2026;1
Aérea;São Paulo;Líbia;Maio;2026;35
Aérea;Ceará;Macedônia;Maio;2026;1
Aérea;Rio de Janeiro;Macedônia;Maio;2026;17
Aérea;São Paulo;Macedônia;Maio;2026;16
Aérea;Distrito Federal;Macedônia;Maio;2026;1
Terrestre;Paraná;Macedônia;Maio;2026;36
Aérea;Rio de Janeiro;Madagascar;Maio;2026;2
Aérea;São Paulo;Madagascar;Maio;2026;8
Aérea;São Paulo;Malauí;Maio;2026;5
Aérea;Rio de Janeiro;Mali;Maio;2026;3
Aérea;São Paulo;Mali;Maio;2026;18
Aérea;Ceará;Malta;Maio;2026;1
Aérea;Rio de Janeiro;Malta;Maio;2026;14
Aérea;São Paulo;Malta;Maio;2026;13
Aérea;Distrito Federal;Malta;Maio;2026;1
Aérea;Pará;Malásia;Maio;2026;1
Aérea;Rio de Janeiro;Malásia;Maio;2026;92
Aérea;São Paulo;Malásia;Maio;2026;118
Aérea;Paraná;Malásia;Maio;2026;3
Aérea;Santa Catarina;Malásia;Maio;2026;6
Terrestre;Paraná;Malásia;Maio;2026;55
Marítima;Ceará;Malásia;Maio;2026;3
Aérea;Pará;Marrocos;Maio;2026;1
Aérea;Ceará;Marrocos;Maio;2026;4
Aérea;Pernambuco;Marrocos;Maio;2026;8
Aérea;Bahia;Marrocos;Maio;2026;6
Aérea;Rio de Janeiro;Marrocos;Maio;2026;94
Aérea;São Paulo;Marrocos;Maio;2026;4
Aérea;São Paulo;Marrocos;Maio;2026;547
Aérea;Rio Grande do Sul;Marrocos;Maio;2026;2
Aérea;Distrito Federal;Marrocos;Maio;2026;3
Terrestre;Amapá;Marrocos;Maio;2026;4
Terrestre;Rio Grande do Sul;Marrocos;Maio;2026;4
Terrestre;Rio Grande do Sul;Marrocos;Maio;2026;1
Terrestre;Mato Grosso do Sul;Marrocos;Maio;2026;1
Fluvial;Amapá;Marrocos;Maio;2026;2
Aérea;São Paulo;Mauritânia;Maio;2026;11
Aérea;Pará;Maurício;Maio;2026;2
Aérea;Rio de Janeiro;Maurício;Maio;2026;10
Aérea;São Paulo;Maurício;Maio;2026;8
Aérea;São Paulo;Mianma;Maio;2026;3
Aérea;Ceará;Moldávia;Maio;2026;2
Aérea;Bahia;Moldávia;Maio;2026;1
Aérea;Rio de Janeiro;Moldávia;Maio;2026;8
Aérea;São Paulo;Moldávia;Maio;2026;10
Aérea;Santa Catarina;Moldávia;Maio;2026;1
Terrestre;Paraná;Moldávia;Maio;2026;1
Aérea;Rio de Janeiro;Mongólia;Maio;2026;1
Aérea;São Paulo;Mongólia;Maio;2026;9
Aérea;Paraná;Mongólia;Maio;2026;1
Aérea;Rio Grande do Norte;Montenegro;Maio;2026;3
Aérea;Rio de Janeiro;Montenegro;Maio;2026;7
Aérea;São Paulo;Montenegro;Maio;2026;1
Aérea;São Paulo;Montenegro;Maio;2026;15
Terrestre;Paraná;Montenegro;Maio;2026;1
Aérea;Pernambuco;Moçambique;Maio;2026;1
Aérea;Minas Gerais;Moçambique;Maio;2026;2
Aérea;Rio de Janeiro;Moçambique;Maio;2026;4
Aérea;São Paulo;Moçambique;Maio;2026;318
Aérea;Santa Catarina;Moçambique;Maio;2026;1
Terrestre;Roraima;Moçambique;Maio;2026;1
Aérea;Amazonas;México;Maio;2026;52
Aérea;Pará;México;Maio;2026;6
Aérea;Paraíba;México;Maio;2026;1
Aérea;Pernambuco;México;Maio;2026;3
Aérea;Bahia;México;Maio;2026;66
Aérea;Minas Gerais;México;Maio;2026;27
Aérea;Rio de Janeiro;México;Maio;2026;4322
Aérea;São Paulo;México;Maio;2026;7
Aérea;São Paulo;México;Maio;2026;7422
Aérea;São Paulo;México;Maio;2026;4
Aérea;Paraná;México;Maio;2026;18
Aérea;Santa Catarina;México;Maio;2026;35
Aérea;Rio Grande do Sul;México;Maio;2026;43
Aérea;Distrito Federal;México;Maio;2026;101
Terrestre;Acre;México;Maio;2026;5
Terrestre;Amazonas;México;Maio;2026;4
Terrestre;Amapá;México;Maio;2026;1
Terrestre;Paraná;México;Maio;2026;49
Terrestre;Paraná;México;Maio;2026;439
Terrestre;Rio Grande do Sul;México;Maio;2026;3
Terrestre;Rio Grande do Sul;México;Maio;2026;1
Terrestre;Mato Grosso do Sul;México;Maio;2026;13
Terrestre;Mato Grosso do Sul;México;Maio;2026;21
Aérea;Rio de Janeiro;Mônaco;Maio;2026;1
Aérea;São Paulo;Namíbia;Maio;2026;14
Aérea;Distrito Federal;Namíbia;Maio;2026;1
Terrestre;Paraná;Namíbia;Maio;2026;1
Aérea;Ceará;Nepal;Maio;2026;1
Aérea;Rio de Janeiro;Nepal;Maio;2026;1
Aérea;São Paulo;Nepal;Maio;2026;10
Aérea;Distrito Federal;Nepal;Maio;2026;1
Aérea;Amazonas;Nicarágua;Maio;2026;2
Aérea;Pernambuco;Nicarágua;Maio;2026;1
Aérea;Bahia;Nicarágua;Maio;2026;5
Aérea;Minas Gerais;Nicarágua;Maio;2026;16
Aérea;Rio de Janeiro;Nicarágua;Maio;2026;102
Aérea;São Paulo;Nicarágua;Maio;2026;141
Aérea;Santa Catarina;Nicarágua;Maio;2026;3
Aérea;Rio Grande do Sul;Nicarágua;Maio;2026;4
Aérea;Distrito Federal;Nicarágua;Maio;2026;6
Terrestre;Paraná;Nicarágua;Maio;2026;4
Terrestre;Paraná;Nicarágua;Maio;2026;1
Terrestre;Rio Grande do Sul;Nicarágua;Maio;2026;1
Terrestre;Mato Grosso do Sul;Nicarágua;Maio;2026;1
Aérea;Ceará;Nigéria;Maio;2026;1
Aérea;Bahia;Nigéria;Maio;2026;2
Aérea;Rio de Janeiro;Nigéria;Maio;2026;42
Aérea;São Paulo;Nigéria;Maio;2026;148
Aérea;Distrito Federal;Nigéria;Maio;2026;2
Aérea;Amazonas;Noruega;Maio;2026;2
Aérea;Pará;Noruega;Maio;2026;8
Aérea;Ceará;Noruega;Maio;2026;24
Aérea;Rio Grande do Norte;Noruega;Maio;2026;9
Aérea;Pernambuco;Noruega;Maio;2026;7
Aérea;Bahia;Noruega;Maio;2026;4
Aérea;Rio de Janeiro;Noruega;Maio;2026;304
Aérea;São Paulo;Noruega;Maio;2026;1
Aérea;São Paulo;Noruega;Maio;2026;159
Aérea;Santa Catarina;Noruega;Maio;2026;3
Aérea;Distrito Federal;Noruega;Maio;2026;7
Terrestre;Paraná;Noruega;Maio;2026;5
Terrestre;Paraná;Noruega;Maio;2026;9
Terrestre;Rio Grande do Sul;Noruega;Maio;2026;1
Marítima;Ceará;Noruega;Maio;2026;4
Marítima;Rio de Janeiro;Noruega;Maio;2026;1
Aérea;Amazonas;Nova Zelândia;Maio;2026;2
Aérea;Rio Grande do Norte;Nova Zelândia;Maio;2026;1
Aérea;Pernambuco;Nova Zelândia;Maio;2026;2
Aérea;Bahia;Nova Zelândia;Maio;2026;3
Aérea;Minas Gerais;Nova Zelândia;Maio;2026;8
Aérea;Rio de Janeiro;Nova Zelândia;Maio;2026;125
Aérea;São Paulo;Nova Zelândia;Maio;2026;1
Aérea;São Paulo;Nova Zelândia;Maio;2026;410
Aérea;Paraná;Nova Zelândia;Maio;2026;3
Aérea;Santa Catarina;Nova Zelândia;Maio;2026;7
Aérea;Rio Grande do Sul;Nova Zelândia;Maio;2026;9
Aérea;Distrito Federal;Nova Zelândia;Maio;2026;1
Terrestre;Acre;Nova Zelândia;Maio;2026;1
Terrestre;Roraima;Nova Zelândia;Maio;2026;2
Terrestre;Amapá;Nova Zelândia;Maio;2026;2
Terrestre;Paraná;Nova Zelândia;Maio;2026;16
Terrestre;Paraná;Nova Zelândia;Maio;2026;159
Terrestre;Mato Grosso do Sul;Nova Zelândia;Maio;2026;3
Aérea;São Paulo;Níger;Maio;2026;1
Aérea;Rio de Janeiro;Omã;Maio;2026;2
Aérea;São Paulo;Omã;Maio;2026;10
Aérea;Minas Gerais;Palestina;Maio;2026;1
Aérea;São Paulo;Palestina;Maio;2026;46
Aérea;Amazonas;Panamá;Maio;2026;22
Aérea;Bahia;Panamá;Maio;2026;17
Aérea;Minas Gerais;Panamá;Maio;2026;7
Aérea;Rio de Janeiro;Panamá;Maio;2026;910
Aérea;São Paulo;Panamá;Maio;2026;604
Aérea;Santa Catarina;Panamá;Maio;2026;9
Aérea;Rio Grande do Sul;Panamá;Maio;2026;21
Aérea;Distrito Federal;Panamá;Maio;2026;26
Terrestre;Paraná;Panamá;Maio;2026;7
Terrestre;Paraná;Panamá;Maio;2026;8
Marítima;Rio de Janeiro;Panamá;Maio;2026;3
Aérea;São Paulo;Papua Nova Guiné;Maio;2026;1
Aérea;Ceará;Paquistão;Maio;2026;1
Aérea;Bahia;Paquistão;Maio;2026;1
Aérea;Rio de Janeiro;Paquistão;Maio;2026;17
Aérea;São Paulo;Paquistão;Maio;2026;1
Aérea;São Paulo;Paquistão;Maio;2026;70
Aérea;Distrito Federal;Paquistão;Maio;2026;3
Terrestre;Rio Grande do Sul;Paquistão;Maio;2026;2
Aérea;Amazonas;Paraguai;Maio;2026;10
Aérea;Ceará;Paraguai;Maio;2026;3
Aérea;Rio Grande do Norte;Paraguai;Maio;2026;5
Aérea;Pernambuco;Paraguai;Maio;2026;8
Aérea;Alagoas;Paraguai;Maio;2026;4
Aérea;Bahia;Paraguai;Maio;2026;1
Aérea;Bahia;Paraguai;Maio;2026;3
Aérea;Minas Gerais;Paraguai;Maio;2026;2
Aérea;Espírito Santo;Paraguai;Maio;2026;2
Aérea;Rio de Janeiro;Paraguai;Maio;2026;1537
Aérea;São Paulo;Paraguai;Maio;2026;13
Aérea;São Paulo;Paraguai;Maio;2026;3392
Aérea;São Paulo;Paraguai;Maio;2026;2
Aérea;Paraná;Paraguai;Maio;2026;56
Aérea;Paraná;Paraguai;Maio;2026;1
Aérea;Santa Catarina;Paraguai;Maio;2026;16
Aérea;Santa Catarina;Paraguai;Maio;2026;10
Aérea;Rio Grande do Sul;Paraguai;Maio;2026;14
Aérea;Mato Grosso do Sul;Paraguai;Maio;2026;3
Aérea;Distrito Federal;Paraguai;Maio;2026;6
Terrestre;Acre;Paraguai;Maio;2026;1
Terrestre;Paraná;Paraguai;Maio;2026;5
Terrestre;Paraná;Paraguai;Maio;2026;20481
Terrestre;Paraná;Paraguai;Maio;2026;148
Terrestre;Paraná;Paraguai;Maio;2026;917
Terrestre;Paraná;Paraguai;Maio;2026;493
Terrestre;Paraná;Paraguai;Maio;2026;213
Terrestre;Paraná;Paraguai;Maio;2026;2
Terrestre;Santa Catarina;Paraguai;Maio;2026;29
Terrestre;Rio Grande do Sul;Paraguai;Maio;2026;19
Terrestre;Rio Grande do Sul;Paraguai;Maio;2026;6
Terrestre;Rio Grande do Sul;Paraguai;Maio;2026;1
Terrestre;Rio Grande do Sul;Paraguai;Maio;2026;11
Terrestre;Rio Grande do Sul;Paraguai;Maio;2026;16
Terrestre;Rio Grande do Sul;Paraguai;Maio;2026;3
Terrestre;Rio Grande do Sul;Paraguai;Maio;2026;268
Terrestre;Rio Grande do Sul;Paraguai;Maio;2026;30
Terrestre;Mato Grosso do Sul;Paraguai;Maio;2026;30
Terrestre;Mato Grosso do Sul;Paraguai;Maio;2026;1252
Fluvial;Rio Grande do Sul;Paraguai;Maio;2026;154
Fluvial;Rio Grande do Sul;Paraguai;Maio;2026;119
Aérea;Rio de Janeiro;Países não especificados;Maio;2026;2
Aérea;São Paulo;Países não especificados;Maio;2026;1
Terrestre;Rio Grande do Sul;Países não especificados;Maio;2026;1
Aérea;Amazonas;Peru;Maio;2026;43
Aérea;Pará;Peru;Maio;2026;3
Aérea;Ceará;Peru;Maio;2026;10
Aérea;Rio Grande do Norte;Peru;Maio;2026;2
Aérea;Pernambuco;Peru;Maio;2026;7
Aérea;Alagoas;Peru;Maio;2026;1
Aérea;Bahia;Peru;Maio;2026;3
Aérea;Minas Gerais;Peru;Maio;2026;5
Aérea;Rio de Janeiro;Peru;Maio;2026;4101
Aérea;São Paulo;Peru;Maio;2026;3
Aérea;São Paulo;Peru;Maio;2026;7197
Aérea;São Paulo;Peru;Maio;2026;1
Aérea;São Paulo;Peru;Maio;2026;1
Aérea;Paraná;Peru;Maio;2026;20
Aérea;Paraná;Peru;Maio;2026;154
Aérea;Santa Catarina;Peru;Maio;2026;139
Aérea;Rio Grande do Sul;Peru;Maio;2026;172
Aérea;Distrito Federal;Peru;Maio;2026;455
Terrestre;Rondônia;Peru;Maio;2026;8
Terrestre;Acre;Peru;Maio;2026;1118
Terrestre;Acre;Peru;Maio;2026;21
Terrestre;Amazonas;Peru;Maio;2026;128
Terrestre;Roraima;Peru;Maio;2026;13
Terrestre;Amapá;Peru;Maio;2026;24
Terrestre;Paraná;Peru;Maio;2026;126
Terrestre;Paraná;Peru;Maio;2026;1022
Terrestre;Paraná;Peru;Maio;2026;6
Terrestre;Santa Catarina;Peru;Maio;2026;2
Terrestre;Rio Grande do Sul;Peru;Maio;2026;14
Terrestre;Rio Grande do Sul;Peru;Maio;2026;1
Terrestre;Rio Grande do Sul;Peru;Maio;2026;3
Terrestre;Rio Grande do Sul;Peru;Maio;2026;1
Terrestre;Rio Grande do Sul;Peru;Maio;2026;9
Terrestre;Mato Grosso do Sul;Peru;Maio;2026;28
Terrestre;Mato Grosso do Sul;Peru;Maio;2026;2
Terrestre;Mato Grosso;Peru;Maio;2026;3
Fluvial;Amapá;Peru;Maio;2026;8
Aérea;Amazonas;Polônia;Maio;2026;3
Aérea;Pará;Polônia;Maio;2026;5
Aérea;Ceará;Polônia;Maio;2026;30
Aérea;Pernambuco;Polônia;Maio;2026;17
Aérea;Bahia;Polônia;Maio;2026;20
Aérea;Minas Gerais;Polônia;Maio;2026;7
Aérea;Rio de Janeiro;Polônia;Maio;2026;587
Aérea;São Paulo;Polônia;Maio;2026;17
Aérea;São Paulo;Polônia;Maio;2026;714
Aérea;Paraná;Polônia;Maio;2026;5
Aérea;Paraná;Polônia;Maio;2026;2
Aérea;Santa Catarina;Polônia;Maio;2026;5
Aérea;Rio Grande do Sul;Polônia;Maio;2026;6
Aérea;Distrito Federal;Polônia;Maio;2026;12
Terrestre;Amazonas;Polônia;Maio;2026;5
Terrestre;Amapá;Polônia;Maio;2026;3
Terrestre;Paraná;Polônia;Maio;2026;24
Terrestre;Paraná;Polônia;Maio;2026;189
Terrestre;Santa Catarina;Polônia;Maio;2026;3
Terrestre;Rio Grande do Sul;Polônia;Maio;2026;1
Terrestre;Rio Grande do Sul;Polônia;Maio;2026;1
Terrestre;Rio Grande do Sul;Polônia;Maio;2026;1
Terrestre;Rio Grande do Sul;Polônia;Maio;2026;1
Terrestre;Mato Grosso do Sul;Polônia;Maio;2026;3
Fluvial;Rio Grande do Sul;Polônia;Maio;2026;3
Aérea;Amazonas;Portugal;Maio;2026;70
Aérea;Pará;Portugal;Maio;2026;79
Aérea;Ceará;Portugal;Maio;2026;862
Aérea;Rio Grande do Norte;Portugal;Maio;2026;287
Aérea;Pernambuco;Portugal;Maio;2026;892
Aérea;Alagoas;Portugal;Maio;2026;80
Aérea;Bahia;Portugal;Maio;2026;1
Aérea;Bahia;Portugal;Maio;2026;772
Aérea;Minas Gerais;Portugal;Maio;2026;1005
Aérea;Rio de Janeiro;Portugal;Maio;2026;2767
Aérea;São Paulo;Portugal;Maio;2026;1806
Aérea;São Paulo;Portugal;Maio;2026;4933
Aérea;São Paulo;Portugal;Maio;2026;4
Aérea;Paraná;Portugal;Maio;2026;2
Aérea;Santa Catarina;Portugal;Maio;2026;106
Aérea;Rio Grande do Sul;Portugal;Maio;2026;112
Aérea;Distrito Federal;Portugal;Maio;2026;348
Terrestre;Acre;Portugal;Maio;2026;2
Terrestre;Acre;Portugal;Maio;2026;1
Terrestre;Amazonas;Portugal;Maio;2026;2
Terrestre;Roraima;Portugal;Maio;2026;1
Terrestre;Roraima;Portugal;Maio;2026;2
Terrestre;Amapá;Portugal;Maio;2026;6
Terrestre;Paraná;Portugal;Maio;2026;8
Terrestre;Paraná;Portugal;Maio;2026;55
Terrestre;Paraná;Portugal;Maio;2026;1
Terrestre;Rio Grande do Sul;Portugal;Maio;2026;7
Terrestre;Rio Grande do Sul;Portugal;Maio;2026;3
Terrestre;Mato Grosso do Sul;Portugal;Maio;2026;1
Terrestre;Mato Grosso do Sul;Portugal;Maio;2026;3
Fluvial;Amapá;Portugal;Maio;2026;1
Aérea;Rio de Janeiro;Quirguistão;Maio;2026;2
Aérea;São Paulo;Quirguistão;Maio;2026;5
Aérea;Rio de Janeiro;Quênia;Maio;2026;21
Aérea;São Paulo;Quênia;Maio;2026;80
Aérea;Distrito Federal;Quênia;Maio;2026;2
Aérea;Amazonas;Reino Unido;Maio;2026;31
Aérea;Pará;Reino Unido;Maio;2026;10
Aérea;Ceará;Reino Unido;Maio;2026;85
Aérea;Rio Grande do Norte;Reino Unido;Maio;2026;21
Aérea;Pernambuco;Reino Unido;Maio;2026;67
Aérea;Alagoas;Reino Unido;Maio;2026;2
Aérea;Bahia;Reino Unido;Maio;2026;259
Aérea;Minas Gerais;Reino Unido;Maio;2026;54
Aérea;Rio de Janeiro;Reino Unido;Maio;2026;3855
Aérea;São Paulo;Reino Unido;Maio;2026;55
Aérea;São Paulo;Reino Unido;Maio;2026;4967
Aérea;Paraná;Reino Unido;Maio;2026;5
Aérea;Paraná;Reino Unido;Maio;2026;3
Aérea;Santa Catarina;Reino Unido;Maio;2026;38
Aérea;Rio Grande do Sul;Reino Unido;Maio;2026;26
Aérea;Distrito Federal;Reino Unido;Maio;2026;70
Terrestre;Acre;Reino Unido;Maio;2026;2
Terrestre;Acre;Reino Unido;Maio;2026;4
Terrestre;Amazonas;Reino Unido;Maio;2026;1
Terrestre;Roraima;Reino Unido;Maio;2026;7
Terrestre;Amapá;Reino Unido;Maio;2026;4
Terrestre;Paraná;Reino Unido;Maio;2026;69
Terrestre;Paraná;Reino Unido;Maio;2026;1043
Terrestre;Rio Grande do Sul;Reino Unido;Maio;2026;8
Terrestre;Rio Grande do Sul;Reino Unido;Maio;2026;2
Terrestre;Rio Grande do Sul;Reino Unido;Maio;2026;2
Terrestre;Rio Grande do Sul;Reino Unido;Maio;2026;1
Terrestre;Mato Grosso do Sul;Reino Unido;Maio;2026;8
Terrestre;Mato Grosso do Sul;Reino Unido;Maio;2026;8
Marítima;Ceará;Reino Unido;Maio;2026;5
Fluvial;Amapá;Reino Unido;Maio;2026;1
Aérea;Rio de Janeiro;República Centro Africana;Maio;2026;1
Aérea;São Paulo;República Centro Africana;Maio;2026;1
Aérea;Rio Grande do Sul;República Centro Africana;Maio;2026;1
Aérea;Bahia;República Democrática do Congo;Maio;2026;2
Aérea;Rio de Janeiro;República Democrática do Congo;Maio;2026;8
Aérea;São Paulo;República Democrática do Congo;Maio;2026;62
Aérea;Distrito Federal;República Democrática do Congo;Maio;2026;1
Aérea;Amazonas;República Dominicana;Maio;2026;9
Aérea;Pará;República Dominicana;Maio;2026;5
Aérea;Ceará;República Dominicana;Maio;2026;1
Aérea;Bahia;República Dominicana;Maio;2026;23
Aérea;Minas Gerais;República Dominicana;Maio;2026;7
Aérea;Rio de Janeiro;República Dominicana;Maio;2026;233
Aérea;São Paulo;República Dominicana;Maio;2026;4
Aérea;São Paulo;República Dominicana;Maio;2026;1116
Aérea;Paraná;República Dominicana;Maio;2026;1
Aérea;Santa Catarina;República Dominicana;Maio;2026;4
Aérea;Rio Grande do Sul;República Dominicana;Maio;2026;37
Aérea;Distrito Federal;República Dominicana;Maio;2026;19
Terrestre;Amazonas;República Dominicana;Maio;2026;12
Terrestre;Amapá;República Dominicana;Maio;2026;10
Terrestre;Paraná;República Dominicana;Maio;2026;5
Terrestre;Paraná;República Dominicana;Maio;2026;16
Terrestre;Rio Grande do Sul;República Dominicana;Maio;2026;2
Terrestre;Rio Grande do Sul;República Dominicana;Maio;2026;2
Terrestre;Rio Grande do Sul;República Dominicana;Maio;2026;3
Terrestre;Mato Grosso do Sul;República Dominicana;Maio;2026;7
Fluvial;Amapá;República Dominicana;Maio;2026;7
Aérea;Amazonas;República Tcheca;Maio;2026;5
Aérea;Ceará;República Tcheca;Maio;2026;1
Aérea;Pernambuco;República Tcheca;Maio;2026;3
Aérea;Bahia;República Tcheca;Maio;2026;13
Aérea;Minas Gerais;República Tcheca;Maio;2026;1
Aérea;Rio de Janeiro;República Tcheca;Maio;2026;133
Aérea;São Paulo;República Tcheca;Maio;2026;2
Aérea;São Paulo;República Tcheca;Maio;2026;156
Aérea;São Paulo;República Tcheca;Maio;2026;1
Aérea;Paraná;República Tcheca;Maio;2026;1
Aérea;Rio Grande do Sul;República Tcheca;Maio;2026;5
Aérea;Distrito Federal;República Tcheca;Maio;2026;2
Terrestre;Acre;República Tcheca;Maio;2026;1
Terrestre;Amazonas;República Tcheca;Maio;2026;4
Terrestre;Amapá;República Tcheca;Maio;2026;1
Terrestre;Paraná;República Tcheca;Maio;2026;3
Terrestre;Paraná;República Tcheca;Maio;2026;41
Terrestre;Rio Grande do Sul;República Tcheca;Maio;2026;1
Terrestre;Mato Grosso do Sul;República Tcheca;Maio;2026;2
Aérea;Amazonas;República da Coreia;Maio;2026;17
Aérea;Ceará;República da Coreia;Maio;2026;3
Aérea;Rio Grande do Norte;República da Coreia;Maio;2026;1
Aérea;Bahia;República da Coreia;Maio;2026;1
Aérea;Minas Gerais;República da Coreia;Maio;2026;7
Aérea;Rio de Janeiro;República da Coreia;Maio;2026;135
Aérea;São Paulo;República da Coreia;Maio;2026;1
Aérea;São Paulo;República da Coreia;Maio;2026;1214
Aérea;Paraná;República da Coreia;Maio;2026;4
Aérea;Paraná;República da Coreia;Maio;2026;6
Aérea;Santa Catarina;República da Coreia;Maio;2026;6
Aérea;Rio Grande do Sul;República da Coreia;Maio;2026;2
Aérea;Distrito Federal;República da Coreia;Maio;2026;10
Terrestre;Roraima;República da Coreia;Maio;2026;2
Terrestre;Paraná;República da Coreia;Maio;2026;47
Terrestre;Paraná;República da Coreia;Maio;2026;224
Terrestre;Paraná;República da Coreia;Maio;2026;1
Terrestre;Rio Grande do Sul;República da Coreia;Maio;2026;1
Aérea;Ceará;República do Kosovo;Maio;2026;1
Aérea;Rio de Janeiro;República do Kosovo;Maio;2026;2
Aérea;São Paulo;República do Kosovo;Maio;2026;3
Aérea;Ceará;Romênia;Maio;2026;12
Aérea;Rio Grande do Norte;Romênia;Maio;2026;1
Aérea;Pernambuco;Romênia;Maio;2026;6
Aérea;Bahia;Romênia;Maio;2026;11
Aérea;Minas Gerais;Romênia;Maio;2026;1
Aérea;Rio de Janeiro;Romênia;Maio;2026;271
Aérea;São Paulo;Romênia;Maio;2026;4
Aérea;São Paulo;Romênia;Maio;2026;208
Aérea;Santa Catarina;Romênia;Maio;2026;1
Aérea;Rio Grande do Sul;Romênia;Maio;2026;1
Aérea;Distrito Federal;Romênia;Maio;2026;1
Terrestre;Amazonas;Romênia;Maio;2026;1
Terrestre;Paraná;Romênia;Maio;2026;2
Terrestre;Paraná;Romênia;Maio;2026;91
Fluvial;Amapá;Romênia;Maio;2026;1
Aérea;Rio de Janeiro;Ruanda;Maio;2026;1
Aérea;São Paulo;Ruanda;Maio;2026;28
Aérea;Amazonas;Rússia;Maio;2026;7
Aérea;Pará;Rússia;Maio;2026;1
Aérea;Rio Grande do Norte;Rússia;Maio;2026;1
Aérea;Paraíba;Rússia;Maio;2026;9
Aérea;Pernambuco;Rússia;Maio;2026;12
Aérea;Bahia;Rússia;Maio;2026;2
Aérea;Bahia;Rússia;Maio;2026;4
Aérea;Minas Gerais;Rússia;Maio;2026;4
Aérea;Rio de Janeiro;Rússia;Maio;2026;350
Aérea;São Paulo;Rússia;Maio;2026;12
Aérea;São Paulo;Rússia;Maio;2026;1643
Aérea;Paraná;Rússia;Maio;2026;14
Aérea;Paraná;Rússia;Maio;2026;3
Aérea;Santa Catarina;Rússia;Maio;2026;29
Aérea;Rio Grande do Sul;Rússia;Maio;2026;4
Aérea;Distrito Federal;Rússia;Maio;2026;45
Terrestre;Acre;Rússia;Maio;2026;2
Terrestre;Roraima;Rússia;Maio;2026;1
Terrestre;Roraima;Rússia;Maio;2026;1
Terrestre;Paraná;Rússia;Maio;2026;58
Terrestre;Paraná;Rússia;Maio;2026;204
Terrestre;Santa Catarina;Rússia;Maio;2026;4
Terrestre;Rio Grande do Sul;Rússia;Maio;2026;13
Terrestre;Rio Grande do Sul;Rússia;Maio;2026;1
Terrestre;Rio Grande do Sul;Rússia;Maio;2026;3
Terrestre;Rio Grande do Sul;Rússia;Maio;2026;4
Terrestre;Mato Grosso do Sul;Rússia;Maio;2026;2
Marítima;Ceará;Rússia;Maio;2026;1
Marítima;Pernambuco;Rússia;Maio;2026;1
Marítima;Santa Catarina;Rússia;Maio;2026;2
Fluvial;Rio Grande do Sul;Rússia;Maio;2026;2
Aérea;Rio de Janeiro;Santa Lúcia;Maio;2026;4
Aérea;São Paulo;Santa Lúcia;Maio;2026;7
Aérea;Distrito Federal;Santa Lúcia;Maio;2026;3
Terrestre;Amapá;Santa Lúcia;Maio;2026;1
Aérea;Pernambuco;Seichelles;Maio;2026;1
Aérea;Rio de Janeiro;Seichelles;Maio;2026;2
Aérea;Ceará;Senegal;Maio;2026;1
Aérea;Bahia;Senegal;Maio;2026;2
Aérea;Rio de Janeiro;Senegal;Maio;2026;3
Aérea;São Paulo;Senegal;Maio;2026;13
Aérea;Pernambuco;Serra Leoa;Maio;2026;1
Aérea;São Paulo;Serra Leoa;Maio;2026;5
Aérea;São Paulo;Somália;Maio;2026;1
Aérea;Amazonas;Sri Lanka;Maio;2026;1
Aérea;Rio de Janeiro;Sri Lanka;Maio;2026;4
Aérea;São Paulo;Sri Lanka;Maio;2026;12
Terrestre;Paraná;Sri Lanka;Maio;2026;1
Aérea;São Paulo;Suazilândia;Maio;2026;1
Aérea;Rio de Janeiro;Sudão;Maio;2026;2
Aérea;São Paulo;Sudão;Maio;2026;20
Aérea;Ceará;Sudão do Sul;Maio;2026;1
Aérea;São Paulo;Sudão do Sul;Maio;2026;1
Aérea;Pará;Suriname;Maio;2026;497
Aérea;Ceará;Suriname;Maio;2026;2
Aérea;Rio de Janeiro;Suriname;Maio;2026;6
Aérea;São Paulo;Suriname;Maio;2026;26
Aérea;Distrito Federal;Suriname;Maio;2026;5
Terrestre;Roraima;Suriname;Maio;2026;1
Terrestre;Amapá;Suriname;Maio;2026;17
Terrestre;Mato Grosso do Sul;Suriname;Maio;2026;1
Fluvial;Amapá;Suriname;Maio;2026;1
Aérea;Amazonas;Suécia;Maio;2026;2
Aérea;Pará;Suécia;Maio;2026;2
Aérea;Ceará;Suécia;Maio;2026;26
Aérea;Rio Grande do Norte;Suécia;Maio;2026;5
Aérea;Pernambuco;Suécia;Maio;2026;6
Aérea;Bahia;Suécia;Maio;2026;8
Aérea;Minas Gerais;Suécia;Maio;2026;3
Aérea;Rio de Janeiro;Suécia;Maio;2026;352
Aérea;São Paulo;Suécia;Maio;2026;2
Aérea;São Paulo;Suécia;Maio;2026;369
Aérea;Santa Catarina;Suécia;Maio;2026;2
Aérea;Rio Grande do Sul;Suécia;Maio;2026;5
Aérea;Distrito Federal;Suécia;Maio;2026;16
Terrestre;Amazonas;Suécia;Maio;2026;1
Terrestre;Paraná;Suécia;Maio;2026;5
Terrestre;Paraná;Suécia;Maio;2026;31
Terrestre;Rio Grande do Sul;Suécia;Maio;2026;3
Fluvial;Pará;Suécia;Maio;2026;2
Aérea;Amazonas;Suíça;Maio;2026;8
Aérea;Pará;Suíça;Maio;2026;12
Aérea;Ceará;Suíça;Maio;2026;99
Aérea;Rio Grande do Norte;Suíça;Maio;2026;38
Aérea;Pernambuco;Suíça;Maio;2026;324
Aérea;Alagoas;Suíça;Maio;2026;4
Aérea;Bahia;Suíça;Maio;2026;116
Aérea;Minas Gerais;Suíça;Maio;2026;13
Aérea;Rio de Janeiro;Suíça;Maio;2026;744
Aérea;São Paulo;Suíça;Maio;2026;11
Aérea;São Paulo;Suíça;Maio;2026;1280
Aérea;São Paulo;Suíça;Maio;2026;1
Aérea;Paraná;Suíça;Maio;2026;1
Aérea;Santa Catarina;Suíça;Maio;2026;10
Aérea;Rio Grande do Sul;Suíça;Maio;2026;1
Aérea;Distrito Federal;Suíça;Maio;2026;24
Terrestre;Rondônia;Suíça;Maio;2026;2
Terrestre;Amazonas;Suíça;Maio;2026;5
Terrestre;Amapá;Suíça;Maio;2026;1
Terrestre;Paraná;Suíça;Maio;2026;28
Terrestre;Paraná;Suíça;Maio;2026;151
Terrestre;Santa Catarina;Suíça;Maio;2026;2
Terrestre;Rio Grande do Sul;Suíça;Maio;2026;16
Terrestre;Rio Grande do Sul;Suíça;Maio;2026;2
Terrestre;Rio Grande do Sul;Suíça;Maio;2026;1
Terrestre;Mato Grosso do Sul;Suíça;Maio;2026;9
Terrestre;Mato Grosso do Sul;Suíça;Maio;2026;2
Marítima;Paraíba;Suíça;Maio;2026;1
Fluvial;Amapá;Suíça;Maio;2026;1
Fluvial;Rio Grande do Sul;Suíça;Maio;2026;1
Aérea;Ceará;São Cristóvão e Nevis;Maio;2026;2
Aérea;Rio de Janeiro;São Cristóvão e Nevis;Maio;2026;12
Aérea;São Paulo;São Cristóvão e Nevis;Maio;2026;1
Aérea;São Paulo;São Cristóvão e Nevis;Maio;2026;26
Terrestre;Roraima;São Cristóvão e Nevis;Maio;2026;1
Terrestre;Paraná;São Cristóvão e Nevis;Maio;2026;2
Aérea;Pará;São Tome e Príncipe;Maio;2026;1
Aérea;Minas Gerais;São Tome e Príncipe;Maio;2026;1
Aérea;Rio de Janeiro;São Tome e Príncipe;Maio;2026;1
Aérea;Distrito Federal;São Tome e Príncipe;Maio;2026;4
Aérea;São Paulo;São Vicente e Granadinas;Maio;2026;3
Aérea;Distrito Federal;São Vicente e Granadinas;Maio;2026;1
Aérea;Rio Grande do Norte;Sérvia;Maio;2026;1
Aérea;Pernambuco;Sérvia;Maio;2026;3
Aérea;Bahia;Sérvia;Maio;2026;1
Aérea;Rio de Janeiro;Sérvia;Maio;2026;54
Aérea;São Paulo;Sérvia;Maio;2026;2
Aérea;São Paulo;Sérvia;Maio;2026;112
Aérea;Santa Catarina;Sérvia;Maio;2026;1
Aérea;Rio Grande do Sul;Sérvia;Maio;2026;1
Terrestre;Paraná;Sérvia;Maio;2026;5
Terrestre;Mato Grosso do Sul;Sérvia;Maio;2026;1
Aérea;Ceará;Síria;Maio;2026;1
Aérea;Rio de Janeiro;Síria;Maio;2026;3
Aérea;São Paulo;Síria;Maio;2026;52
Aérea;São Paulo;Tadjiquistão;Maio;2026;1
Aérea;Ceará;Tailândia;Maio;2026;2
Aérea;Rio de Janeiro;Tailândia;Maio;2026;48
Aérea;São Paulo;Tailândia;Maio;2026;296
Aérea;Paraná;Tailândia;Maio;2026;1
Aérea;Santa Catarina;Tailândia;Maio;2026;1
Aérea;Rio Grande do Sul;Tailândia;Maio;2026;1
Aérea;Distrito Federal;Tailândia;Maio;2026;1
Terrestre;Paraná;Tailândia;Maio;2026;13
Aérea;Amazonas;Taiwan;Maio;2026;3
Aérea;Pará;Taiwan;Maio;2026;2
Aérea;Bahia;Taiwan;Maio;2026;2
Aérea;Minas Gerais;Taiwan;Maio;2026;2
Aérea;Rio de Janeiro;Taiwan;Maio;2026;29
Aérea;São Paulo;Taiwan;Maio;2026;170
Aérea;Distrito Federal;Taiwan;Maio;2026;1
Terrestre;Roraima;Taiwan;Maio;2026;1
Terrestre;Paraná;Taiwan;Maio;2026;19
Terrestre;Paraná;Taiwan;Maio;2026;29
Marítima;Maranhão;Taiwan;Maio;2026;1
Aérea;Rio de Janeiro;Tanzânia;Maio;2026;2
Aérea;São Paulo;Tanzânia;Maio;2026;34
Aérea;São Paulo;Timor Leste;Maio;2026;3
Terrestre;Paraná;Timor Leste;Maio;2026;1
Aérea;Rio de Janeiro;Togo;Maio;2026;1
Aérea;São Paulo;Togo;Maio;2026;18
Aérea;Amazonas;Trinidad e Tobago;Maio;2026;1
Aérea;Bahia;Trinidad e Tobago;Maio;2026;82
Aérea;Minas Gerais;Trinidad e Tobago;Maio;2026;1
Aérea;Rio de Janeiro;Trinidad e Tobago;Maio;2026;36
Aérea;São Paulo;Trinidad e Tobago;Maio;2026;59
Aérea;Santa Catarina;Trinidad e Tobago;Maio;2026;1
Aérea;Distrito Federal;Trinidad e Tobago;Maio;2026;5
Terrestre;Roraima;Trinidad e Tobago;Maio;2026;10
Terrestre;Paraná;Trinidad e Tobago;Maio;2026;1
Aérea;Bahia;Tunísia;Maio;2026;4
Aérea;Rio de Janeiro;Tunísia;Maio;2026;62
Aérea;São Paulo;Tunísia;Maio;2026;1
Aérea;São Paulo;Tunísia;Maio;2026;235
Terrestre;Amapá;Tunísia;Maio;2026;4
Aérea;São Paulo;Turcomenistão;Maio;2026;1
Aérea;Pará;Turquia;Maio;2026;1
Aérea;Ceará;Turquia;Maio;2026;3
Aérea;Pernambuco;Turquia;Maio;2026;4
Aérea;Bahia;Turquia;Maio;2026;4
Aérea;Minas Gerais;Turquia;Maio;2026;3
Aérea;Rio de Janeiro;Turquia;Maio;2026;225
Aérea;São Paulo;Turquia;Maio;2026;3
Aérea;São Paulo;Turquia;Maio;2026;1201
Aérea;São Paulo;Turquia;Maio;2026;3
Aérea;Santa Catarina;Turquia;Maio;2026;1
Aérea;Distrito Federal;Turquia;Maio;2026;2
Terrestre;Acre;Turquia;Maio;2026;1
Terrestre;Amazonas;Turquia;Maio;2026;1
Terrestre;Paraná;Turquia;Maio;2026;11
Terrestre;Paraná;Turquia;Maio;2026;187
Terrestre;Rio Grande do Sul;Turquia;Maio;2026;1
Terrestre;Rio Grande do Sul;Turquia;Maio;2026;3
Terrestre;Rio Grande do Sul;Turquia;Maio;2026;2
Terrestre;Mato Grosso do Sul;Turquia;Maio;2026;1
Marítima;Paraná;Turquia;Maio;2026;1
Fluvial;Pará;Turquia;Maio;2026;1
Aérea;Amazonas;Ucrânia;Maio;2026;2
Aérea;Pará;Ucrânia;Maio;2026;1
Aérea;Ceará;Ucrânia;Maio;2026;7
Aérea;Rio Grande do Norte;Ucrânia;Maio;2026;1
Aérea;Pernambuco;Ucrânia;Maio;2026;2
Aérea;Bahia;Ucrânia;Maio;2026;8
Aérea;Minas Gerais;Ucrânia;Maio;2026;1
Aérea;Rio de Janeiro;Ucrânia;Maio;2026;144
Aérea;São Paulo;Ucrânia;Maio;2026;5
Aérea;São Paulo;Ucrânia;Maio;2026;172
Aérea;Paraná;Ucrânia;Maio;2026;1
Aérea;Santa Catarina;Ucrânia;Maio;2026;11
Aérea;Rio Grande do Sul;Ucrânia;Maio;2026;1
Aérea;Distrito Federal;Ucrânia;Maio;2026;11
Terrestre;Amapá;Ucrânia;Maio;2026;1
Terrestre;Paraná;Ucrânia;Maio;2026;6
Terrestre;Paraná;Ucrânia;Maio;2026;17
Marítima;Ceará;Ucrânia;Maio;2026;3
Marítima;Rio de Janeiro;Ucrânia;Maio;2026;5
Marítima;Paraná;Ucrânia;Maio;2026;4
Aérea;Rio de Janeiro;Uganda;Maio;2026;4
Aérea;São Paulo;Uganda;Maio;2026;37
Terrestre;Rio Grande do Sul;Uganda;Maio;2026;1
Aérea;Amazonas;Uruguai;Maio;2026;2
Aérea;Ceará;Uruguai;Maio;2026;418
Aérea;Rio Grande do Norte;Uruguai;Maio;2026;6
Aérea;Pernambuco;Uruguai;Maio;2026;720
Aérea;Alagoas;Uruguai;Maio;2026;6
Aérea;Bahia;Uruguai;Maio;2026;2
Aérea;Bahia;Uruguai;Maio;2026;808
Aérea;Minas Gerais;Uruguai;Maio;2026;53
Aérea;Rio de Janeiro;Uruguai;Maio;2026;6601
Aérea;São Paulo;Uruguai;Maio;2026;4
Aérea;São Paulo;Uruguai;Maio;2026;4426
Aérea;São Paulo;Uruguai;Maio;2026;1
Aérea;São Paulo;Uruguai;Maio;2026;7
Aérea;Paraná;Uruguai;Maio;2026;1
Aérea;Paraná;Uruguai;Maio;2026;9
Aérea;Santa Catarina;Uruguai;Maio;2026;22
Aérea;Rio Grande do Sul;Uruguai;Maio;2026;81
Aérea;Distrito Federal;Uruguai;Maio;2026;14
Terrestre;Rondônia;Uruguai;Maio;2026;1
Terrestre;Amazonas;Uruguai;Maio;2026;1
Terrestre;Paraná;Uruguai;Maio;2026;64
Terrestre;Paraná;Uruguai;Maio;2026;742
Terrestre;Paraná;Uruguai;Maio;2026;2
Terrestre;Paraná;Uruguai;Maio;2026;2
Terrestre;Santa Catarina;Uruguai;Maio;2026;23
Terrestre;Rio Grande do Sul;Uruguai;Maio;2026;1000
Terrestre;Rio Grande do Sul;Uruguai;Maio;2026;3371
Terrestre;Rio Grande do Sul;Uruguai;Maio;2026;2638
Terrestre;Rio Grande do Sul;Uruguai;Maio;2026;492
Terrestre;Rio Grande do Sul;Uruguai;Maio;2026;3715
Terrestre;Rio Grande do Sul;Uruguai;Maio;2026;37
Terrestre;Rio Grande do Sul;Uruguai;Maio;2026;176
Terrestre;Mato Grosso do Sul;Uruguai;Maio;2026;7
Terrestre;Mato Grosso do Sul;Uruguai;Maio;2026;1
Marítima;Santa Catarina;Uruguai;Maio;2026;2
Marítima;Rio Grande do Sul;Uruguai;Maio;2026;3
Fluvial;Rio Grande do Sul;Uruguai;Maio;2026;16
Fluvial;Rio Grande do Sul;Uruguai;Maio;2026;3
Aérea;Rio de Janeiro;Uzbequistão;Maio;2026;4
Aérea;São Paulo;Uzbequistão;Maio;2026;18
Aérea;Santa Catarina;Vanuatu;Maio;2026;1
Terrestre;Roraima;Vanuatu;Maio;2026;1
Aérea;Amazonas;Venezuela;Maio;2026;105
Aérea;Roraima;Venezuela;Maio;2026;91
Aérea;Pará;Venezuela;Maio;2026;11
Aérea;Ceará;Venezuela;Maio;2026;10
Aérea;Rio Grande do Norte;Venezuela;Maio;2026;7
Aérea;Pernambuco;Venezuela;Maio;2026;28
Aérea;Alagoas;Venezuela;Maio;2026;4
Aérea;Bahia;Venezuela;Maio;2026;5
Aérea;Bahia;Venezuela;Maio;2026;19
Aérea;Minas Gerais;Venezuela;Maio;2026;16
Aérea;Rio de Janeiro;Venezuela;Maio;2026;1700
Aérea;São Paulo;Venezuela;Maio;2026;7
Aérea;São Paulo;Venezuela;Maio;2026;1995
Aérea;Paraná;Venezuela;Maio;2026;31
Aérea;Paraná;Venezuela;Maio;2026;31
Aérea;Santa Catarina;Venezuela;Maio;2026;285
Aérea;Rio Grande do Sul;Venezuela;Maio;2026;30
Aérea;Distrito Federal;Venezuela;Maio;2026;121
Terrestre;Rondônia;Venezuela;Maio;2026;7
Terrestre;Acre;Venezuela;Maio;2026;31
Terrestre;Acre;Venezuela;Maio;2026;3
Terrestre;Amazonas;Venezuela;Maio;2026;22
Terrestre;Roraima;Venezuela;Maio;2026;52
Terrestre;Roraima;Venezuela;Maio;2026;5824
Terrestre;Paraná;Venezuela;Maio;2026;22
Terrestre;Paraná;Venezuela;Maio;2026;92
Terrestre;Paraná;Venezuela;Maio;2026;1
Terrestre;Rio Grande do Sul;Venezuela;Maio;2026;1
Terrestre;Rio Grande do Sul;Venezuela;Maio;2026;34
Terrestre;Rio Grande do Sul;Venezuela;Maio;2026;5
Terrestre;Rio Grande do Sul;Venezuela;Maio;2026;1
Terrestre;Rio Grande do Sul;Venezuela;Maio;2026;3
Terrestre;Rio Grande do Sul;Venezuela;Maio;2026;33
Terrestre;Mato Grosso do Sul;Venezuela;Maio;2026;82
Terrestre;Mato Grosso do Sul;Venezuela;Maio;2026;1
Terrestre;Mato Grosso;Venezuela;Maio;2026;1
Fluvial;Rio Grande do Sul;Venezuela;Maio;2026;1
Aérea;Rio de Janeiro;Vietnã;Maio;2026;39
Aérea;São Paulo;Vietnã;Maio;2026;58
Terrestre;Paraná;Vietnã;Maio;2026;1
Terrestre;Paraná;Vietnã;Maio;2026;10
Aérea;Rio de Janeiro;Zimbábue;Maio;2026;4
Aérea;São Paulo;Zimbábue;Maio;2026;51
Aérea;São Paulo;Zâmbia;Maio;2026;12
Aérea;Amazonas;África do Sul;Maio;2026;2
Aérea;Ceará;África do Sul;Maio;2026;9
Aérea;Bahia;África do Sul;Maio;2026;1
Aérea;Minas Gerais;África do Sul;Maio;2026;8
Aérea;Rio de Janeiro;África do Sul;Maio;2026;92
Aérea;São Paulo;África do Sul;Maio;2026;977
Aérea;Santa Catarina;África do Sul;Maio;2026;2
Aérea;Rio Grande do Sul;África do Sul;Maio;2026;1
Aérea;Distrito Federal;África do Sul;Maio;2026;3
Terrestre;Roraima;África do Sul;Maio;2026;3
Terrestre;Paraná;África do Sul;Maio;2026;4
Terrestre;Paraná;África do Sul;Maio;2026;30
Marítima;Ceará;África do Sul;Maio;2026;1
Marítima;Pernambuco;África do Sul;Maio;2026;2
Fluvial;Rio Grande do Sul;África do Sul;Maio;2026;9
Aérea;Amazonas;Áustria;Maio;2026;6
Aérea;Pará;Áustria;Maio;2026;1
Aérea;Ceará;Áustria;Maio;2026;16
Aérea;Rio Grande do Norte;Áustria;Maio;2026;1
Aérea;Pernambuco;Áustria;Maio;2026;12
Aérea;Alagoas;Áustria;Maio;2026;1
Aérea;Bahia;Áustria;Maio;2026;33
Aérea;Minas Gerais;Áustria;Maio;2026;3
Aérea;Rio de Janeiro;Áustria;Maio;2026;308
Aérea;São Paulo;Áustria;Maio;2026;2
Aérea;São Paulo;Áustria;Maio;2026;620
Aérea;Santa Catarina;Áustria;Maio;2026;1
Aérea;Rio Grande do Sul;Áustria;Maio;2026;2
Aérea;Distrito Federal;Áustria;Maio;2026;6
Terrestre;Acre;Áustria;Maio;2026;1
Terrestre;Amazonas;Áustria;Maio;2026;4
Terrestre;Roraima;Áustria;Maio;2026;1
Terrestre;Paraná;Áustria;Maio;2026;14
Terrestre;Paraná;Áustria;Maio;2026;56
Terrestre;Santa Catarina;Áustria;Maio;2026;2
Terrestre;Rio Grande do Sul;Áustria;Maio;2026;1
Terrestre;Rio Grande do Sul;Áustria;Maio;2026;4
Terrestre;Mato Grosso do Sul;Áustria;Maio;2026;1
Marítima;Rio Grande do Norte;Áustria;Maio;2026;1
Aérea;Amazonas;Índia;Maio;2026;6
Aérea;Pará;Índia;Maio;2026;4
Aérea;Ceará;Índia;Maio;2026;8
Aérea;Pernambuco;Índia;Maio;2026;1
Aérea;Bahia;Índia;Maio;2026;11
Aérea;Minas Gerais;Índia;Maio;2026;5
Aérea;Rio de Janeiro;Índia;Maio;2026;265
Aérea;São Paulo;Índia;Maio;2026;5
Aérea;São Paulo;Índia;Maio;2026;1244
Aérea;Paraná;Índia;Maio;2026;1
Aérea;Rio Grande do Sul;Índia;Maio;2026;1
Aérea;Distrito Federal;Índia;Maio;2026;3
Terrestre;Roraima;Índia;Maio;2026;2
Terrestre;Paraná;Índia;Maio;2026;52
Terrestre;Rio Grande do Sul;Índia;Maio;2026;1
Aérea;São Paulo;Afeganistão;Junho;2026;1
Aérea;Ceará;Albânia;Junho;2026;3
Aérea;Rio de Janeiro;Albânia;Junho;2026;20
Aérea;São Paulo;Albânia;Junho;2026;18
Aérea;Santa Catarina;Albânia;Junho;2026;1
Aérea;Distrito Federal;Albânia;Junho;2026;1
Terrestre;Mato Grosso do Sul;Albânia;Junho;2026;1
Aérea;Amazonas;Alemanha;Junho;2026;55
Aérea;Pará;Alemanha;Junho;2026;31
Aérea;Ceará;Alemanha;Junho;2026;280
Aérea;Rio Grande do Norte;Alemanha;Junho;2026;46
Aérea;Pernambuco;Alemanha;Junho;2026;194
Aérea;Bahia;Alemanha;Junho;2026;4
Aérea;Bahia;Alemanha;Junho;2026;269
Aérea;Minas Gerais;Alemanha;Junho;2026;43
Aérea;Rio de Janeiro;Alemanha;Junho;2026;2446
Aérea;São Paulo;Alemanha;Junho;2026;30
Aérea;São Paulo;Alemanha;Junho;2026;4822
Aérea;Paraná;Alemanha;Junho;2026;4
Aérea;Paraná;Alemanha;Junho;2026;5
Aérea;Santa Catarina;Alemanha;Junho;2026;19
Aérea;Rio Grande do Sul;Alemanha;Junho;2026;17
Aérea;Distrito Federal;Alemanha;Junho;2026;59
Terrestre;Rondônia;Alemanha;Junho;2026;24
Terrestre;Acre;Alemanha;Junho;2026;7
Terrestre;Acre;Alemanha;Junho;2026;8
Terrestre;Amazonas;Alemanha;Junho;2026;31
Terrestre;Roraima;Alemanha;Junho;2026;1
Terrestre;Amapá;Alemanha;Junho;2026;5
Terrestre;Paraná;Alemanha;Junho;2026;128
Terrestre;Paraná;Alemanha;Junho;2026;408
Terrestre;Paraná;Alemanha;Junho;2026;1
Terrestre;Santa Catarina;Alemanha;Junho;2026;2
Terrestre;Rio Grande do Sul;Alemanha;Junho;2026;9
Terrestre;Rio Grande do Sul;Alemanha;Junho;2026;1
Terrestre;Rio Grande do Sul;Alemanha;Junho;2026;1
Terrestre;Rio Grande do Sul;Alemanha;Junho;2026;2
Terrestre;Rio Grande do Sul;Alemanha;Junho;2026;7
Terrestre;Rio Grande do Sul;Alemanha;Junho;2026;1
Terrestre;Rio Grande do Sul;Alemanha;Junho;2026;2
Terrestre;Mato Grosso do Sul;Alemanha;Junho;2026;14
Terrestre;Mato Grosso do Sul;Alemanha;Junho;2026;15
Terrestre;Mato Grosso;Alemanha;Junho;2026;2
Fluvial;Rio Grande do Sul;Alemanha;Junho;2026;1
Fluvial;Rio Grande do Sul;Alemanha;Junho;2026;4
Aérea;Bahia;Andorra;Junho;2026;2
Aérea;São Paulo;Andorra;Junho;2026;4
Aérea;Pernambuco;Angola;Junho;2026;2
Aérea;Bahia;Angola;Junho;2026;2
Aérea;Minas Gerais;Angola;Junho;2026;1
Aérea;Rio de Janeiro;Angola;Junho;2026;11
Aérea;São Paulo;Angola;Junho;2026;3
Aérea;São Paulo;Angola;Junho;2026;538
Aérea;Santa Catarina;Angola;Junho;2026;6
Aérea;Rio Grande do Sul;Angola;Junho;2026;1
Terrestre;Paraná;Angola;Junho;2026;1
Terrestre;Paraná;Angola;Junho;2026;1
Terrestre;Mato Grosso do Sul;Angola;Junho;2026;1
Aérea;Amazonas;Antígua e Barbuda;Junho;2026;1
Aérea;Rio de Janeiro;Antígua e Barbuda;Junho;2026;6
Aérea;São Paulo;Antígua e Barbuda;Junho;2026;10
Aérea;Santa Catarina;Antígua e Barbuda;Junho;2026;1
Aérea;Amazonas;Argentina;Junho;2026;35
Aérea;Roraima;Argentina;Junho;2026;3
Aérea;Pará;Argentina;Junho;2026;3
Aérea;Ceará;Argentina;Junho;2026;425
Aérea;Rio Grande do Norte;Argentina;Junho;2026;1923
Aérea;Paraíba;Argentina;Junho;2026;32
Aérea;Pernambuco;Argentina;Junho;2026;2576
Aérea;Alagoas;Argentina;Junho;2026;245
Aérea;Bahia;Argentina;Junho;2026;387
Aérea;Bahia;Argentina;Junho;2026;953
Aérea;Minas Gerais;Argentina;Junho;2026;70
Aérea;Rio de Janeiro;Argentina;Junho;2026;22626
Aérea;São Paulo;Argentina;Junho;2026;69
Aérea;São Paulo;Argentina;Junho;2026;14734
Aérea;São Paulo;Argentina;Junho;2026;2
Aérea;Paraná;Argentina;Junho;2026;13
Aérea;Paraná;Argentina;Junho;2026;305
Aérea;Santa Catarina;Argentina;Junho;2026;1033
Aérea;Rio Grande do Sul;Argentina;Junho;2026;490
Aérea;Mato Grosso do Sul;Argentina;Junho;2026;2
Aérea;Distrito Federal;Argentina;Junho;2026;764
Terrestre;Rondônia;Argentina;Junho;2026;2
Terrestre;Acre;Argentina;Junho;2026;21
Terrestre;Acre;Argentina;Junho;2026;1
Terrestre;Amazonas;Argentina;Junho;2026;6
Terrestre;Roraima;Argentina;Junho;2026;1
Terrestre;Roraima;Argentina;Junho;2026;6
Terrestre;Paraná;Argentina;Junho;2026;145
Terrestre;Paraná;Argentina;Junho;2026;291
Terrestre;Paraná;Argentina;Junho;2026;7410
Terrestre;Paraná;Argentina;Junho;2026;5
Terrestre;Paraná;Argentina;Junho;2026;38
Terrestre;Paraná;Argentina;Junho;2026;3
Terrestre;Paraná;Argentina;Junho;2026;97
Terrestre;Santa Catarina;Argentina;Junho;2026;1238
Terrestre;Rio Grande do Sul;Argentina;Junho;2026;20
Terrestre;Rio Grande do Sul;Argentina;Junho;2026;98
Terrestre;Rio Grande do Sul;Argentina;Junho;2026;53
Terrestre;Rio Grande do Sul;Argentina;Junho;2026;19
Terrestre;Rio Grande do Sul;Argentina;Junho;2026;358
Terrestre;Rio Grande do Sul;Argentina;Junho;2026;35
Terrestre;Rio Grande do Sul;Argentina;Junho;2026;2300
Terrestre;Rio Grande do Sul;Argentina;Junho;2026;2964
Terrestre;Mato Grosso do Sul;Argentina;Junho;2026;18
Terrestre;Mato Grosso do Sul;Argentina;Junho;2026;36
Marítima;Rio de Janeiro;Argentina;Junho;2026;4
Fluvial;Amapá;Argentina;Junho;2026;1
Fluvial;Rio Grande do Sul;Argentina;Junho;2026;2520
Fluvial;Rio Grande do Sul;Argentina;Junho;2026;2890
Aérea;Ceará;Argélia;Junho;2026;3
Aérea;Rio de Janeiro;Argélia;Junho;2026;10
Aérea;São Paulo;Argélia;Junho;2026;12
Aérea;Rio de Janeiro;Armênia;Junho;2026;12
Aérea;São Paulo;Armênia;Junho;2026;28
Aérea;Rio Grande do Sul;Armênia;Junho;2026;1
Terrestre;Paraná;Armênia;Junho;2026;2
Aérea;Rio de Janeiro;Arábia Saudita;Junho;2026;26
Aérea;São Paulo;Arábia Saudita;Junho;2026;228
Terrestre;Paraná;Arábia Saudita;Junho;2026;3
Aérea;Amazonas;Austrália;Junho;2026;2
Aérea;Pará;Austrália;Junho;2026;1
Aérea;Ceará;Austrália;Junho;2026;3
Aérea;Pernambuco;Austrália;Junho;2026;1
Aérea;Bahia;Austrália;Junho;2026;9
Aérea;Minas Gerais;Austrália;Junho;2026;13
Aérea;Rio de Janeiro;Austrália;Junho;2026;901
Aérea;São Paulo;Austrália;Junho;2026;2
Aérea;São Paulo;Austrália;Junho;2026;1887
Aérea;Paraná;Austrália;Junho;2026;5
Aérea;Paraná;Austrália;Junho;2026;15
Aérea;Santa Catarina;Austrália;Junho;2026;26
Aérea;Rio Grande do Sul;Austrália;Junho;2026;23
Aérea;Distrito Federal;Austrália;Junho;2026;36
Terrestre;Amazonas;Austrália;Junho;2026;3
Terrestre;Paraná;Austrália;Junho;2026;14
Terrestre;Paraná;Austrália;Junho;2026;606
Terrestre;Paraná;Austrália;Junho;2026;2
Terrestre;Rio Grande do Sul;Austrália;Junho;2026;2
Terrestre;Rio Grande do Sul;Austrália;Junho;2026;1
Terrestre;Rio Grande do Sul;Austrália;Junho;2026;1
Terrestre;Mato Grosso;Austrália;Junho;2026;1
Fluvial;Rio Grande do Sul;Austrália;Junho;2026;1
Aérea;São Paulo;Azerbaijão;Junho;2026;11
Aérea;Distrito Federal;Azerbaijão;Junho;2026;1
Aérea;Rio de Janeiro;Bahamas;Junho;2026;13
Aérea;São Paulo;Bahamas;Junho;2026;1
Aérea;São Paulo;Bahamas;Junho;2026;9
Terrestre;Paraná;Bahamas;Junho;2026;1
Aérea;Rio de Janeiro;Bangladesh;Junho;2026;3
Aérea;São Paulo;Bangladesh;Junho;2026;31
Aérea;Distrito Federal;Bangladesh;Junho;2026;1
Aérea;Rio de Janeiro;Barbados;Junho;2026;17
Aérea;São Paulo;Barbados;Junho;2026;6
Aérea;Distrito Federal;Barbados;Junho;2026;2
Terrestre;Roraima;Barbados;Junho;2026;4
Terrestre;Paraná;Barbados;Junho;2026;2
Aérea;São Paulo;Barein;Junho;2026;3
Aérea;Bahia;Belize;Junho;2026;1
Aérea;Rio de Janeiro;Belize;Junho;2026;13
Aérea;São Paulo;Belize;Junho;2026;23
Aérea;Distrito Federal;Belize;Junho;2026;1
Terrestre;Mato Grosso do Sul;Belize;Junho;2026;1
Aérea;Pernambuco;Benin;Junho;2026;1
Aérea;Bahia;Benin;Junho;2026;1
Aérea;Rio de Janeiro;Benin;Junho;2026;1
Aérea;São Paulo;Benin;Junho;2026;23
Aérea;Ceará;Bielorússia;Junho;2026;9
Aérea;Rio de Janeiro;Bielorússia;Junho;2026;17
Aérea;São Paulo;Bielorússia;Junho;2026;1
Aérea;São Paulo;Bielorússia;Junho;2026;60
Aérea;Santa Catarina;Bielorússia;Junho;2026;2
Aérea;Rio Grande do Sul;Bielorússia;Junho;2026;1
Aérea;Distrito Federal;Bielorússia;Junho;2026;1
Terrestre;Paraná;Bielorússia;Junho;2026;2
Aérea;Amazonas;Bolívia;Junho;2026;6
Aérea;Pará;Bolívia;Junho;2026;1
Aérea;Ceará;Bolívia;Junho;2026;1
Aérea;Pernambuco;Bolívia;Junho;2026;4
Aérea;Bahia;Bolívia;Junho;2026;4
Aérea;Minas Gerais;Bolívia;Junho;2026;4
Aérea;Rio de Janeiro;Bolívia;Junho;2026;580
Aérea;São Paulo;Bolívia;Junho;2026;1
Aérea;São Paulo;Bolívia;Junho;2026;3900
Aérea;Paraná;Bolívia;Junho;2026;2
Aérea;Santa Catarina;Bolívia;Junho;2026;6
Aérea;Distrito Federal;Bolívia;Junho;2026;8
Terrestre;Rondônia;Bolívia;Junho;2026;399
Terrestre;Rondônia;Bolívia;Junho;2026;1
Terrestre;Acre;Bolívia;Junho;2026;36
Terrestre;Acre;Bolívia;Junho;2026;458
Terrestre;Roraima;Bolívia;Junho;2026;2
Terrestre;Paraná;Bolívia;Junho;2026;53
Terrestre;Paraná;Bolívia;Junho;2026;58
Terrestre;Rio Grande do Sul;Bolívia;Junho;2026;2
Terrestre;Rio Grande do Sul;Bolívia;Junho;2026;1
Terrestre;Rio Grande do Sul;Bolívia;Junho;2026;3
Terrestre;Rio Grande do Sul;Bolívia;Junho;2026;1
Terrestre;Rio Grande do Sul;Bolívia;Junho;2026;17
Terrestre;Mato Grosso do Sul;Bolívia;Junho;2026;2349
Terrestre;Mato Grosso do Sul;Bolívia;Junho;2026;12
Terrestre;Mato Grosso;Bolívia;Junho;2026;59
Fluvial;Amapá;Bolívia;Junho;2026;1
Aérea;São Paulo;Botsuana;Junho;2026;14
Aérea;Rio de Janeiro;Brunei;Junho;2026;3
Terrestre;Rio Grande do Sul;Brunei;Junho;2026;1
Aérea;Ceará;Bulgária;Junho;2026;6
Aérea;Pernambuco;Bulgária;Junho;2026;3
Aérea;Minas Gerais;Bulgária;Junho;2026;1
Aérea;Rio de Janeiro;Bulgária;Junho;2026;76
Aérea;São Paulo;Bulgária;Junho;2026;214
Aérea;Paraná;Bulgária;Junho;2026;2
Aérea;Distrito Federal;Bulgária;Junho;2026;19
Terrestre;Paraná;Bulgária;Junho;2026;2
Terrestre;Paraná;Bulgária;Junho;2026;65
Aérea;Rio de Janeiro;Burkina Faso;Junho;2026;2
Aérea;São Paulo;Burkina Faso;Junho;2026;5
Aérea;São Paulo;Burundi;Junho;2026;1
Aérea;Amazonas;Bélgica;Junho;2026;16
Aérea;Pará;Bélgica;Junho;2026;14
Aérea;Ceará;Bélgica;Junho;2026;101
Aérea;Rio Grande do Norte;Bélgica;Junho;2026;11
Aérea;Pernambuco;Bélgica;Junho;2026;27
Aérea;Alagoas;Bélgica;Junho;2026;6
Aérea;Bahia;Bélgica;Junho;2026;108
Aérea;Minas Gerais;Bélgica;Junho;2026;33
Aérea;Rio de Janeiro;Bélgica;Junho;2026;504
Aérea;São Paulo;Bélgica;Junho;2026;15
Aérea;São Paulo;Bélgica;Junho;2026;1041
Aérea;Paraná;Bélgica;Junho;2026;1
Aérea;Paraná;Bélgica;Junho;2026;1
Aérea;Santa Catarina;Bélgica;Junho;2026;4
Aérea;Rio Grande do Sul;Bélgica;Junho;2026;5
Aérea;Mato Grosso;Bélgica;Junho;2026;4
Aérea;Distrito Federal;Bélgica;Junho;2026;51
Terrestre;Acre;Bélgica;Junho;2026;3
Terrestre;Amapá;Bélgica;Junho;2026;2
Terrestre;Paraná;Bélgica;Junho;2026;7
Terrestre;Paraná;Bélgica;Junho;2026;46
Terrestre;Mato Grosso do Sul;Bélgica;Junho;2026;1
Marítima;Santa Catarina;Bélgica;Junho;2026;1
Fluvial;Amapá;Bélgica;Junho;2026;2
Aérea;Pernambuco;Bósnia-Herzegovina;Junho;2026;1
Aérea;Rio de Janeiro;Bósnia-Herzegovina;Junho;2026;11
Aérea;São Paulo;Bósnia-Herzegovina;Junho;2026;32
Terrestre;Paraná;Bósnia-Herzegovina;Junho;2026;1
Aérea;Ceará;Cabo Verde;Junho;2026;1
Aérea;Pernambuco;Cabo Verde;Junho;2026;34
Aérea;Bahia;Cabo Verde;Junho;2026;2
Aérea;Minas Gerais;Cabo Verde;Junho;2026;1
Aérea;Rio de Janeiro;Cabo Verde;Junho;2026;5
Aérea;São Paulo;Cabo Verde;Junho;2026;6
Aérea;Distrito Federal;Cabo Verde;Junho;2026;3
Marítima;Pernambuco;Cabo Verde;Junho;2026;1
Aérea;Bahia;Camarões;Junho;2026;1
Aérea;Rio de Janeiro;Camarões;Junho;2026;7
Aérea;São Paulo;Camarões;Junho;2026;52
Terrestre;Roraima;Camarões;Junho;2026;1
Aérea;São Paulo;Camboja;Junho;2026;4
Aérea;Amazonas;Canadá;Junho;2026;58
Aérea;Pará;Canadá;Junho;2026;9
Aérea;Ceará;Canadá;Junho;2026;9
Aérea;Rio Grande do Norte;Canadá;Junho;2026;3
Aérea;Pernambuco;Canadá;Junho;2026;15
Aérea;Bahia;Canadá;Junho;2026;74
Aérea;Minas Gerais;Canadá;Junho;2026;25
Aérea;Rio de Janeiro;Canadá;Junho;2026;845
Aérea;São Paulo;Canadá;Junho;2026;10
Aérea;São Paulo;Canadá;Junho;2026;4743
Aérea;Paraná;Canadá;Junho;2026;11
Aérea;Santa Catarina;Canadá;Junho;2026;7
Aérea;Rio Grande do Sul;Canadá;Junho;2026;18
Aérea;Distrito Federal;Canadá;Junho;2026;60
Terrestre;Acre;Canadá;Junho;2026;1
Terrestre;Amazonas;Canadá;Junho;2026;2
Terrestre;Roraima;Canadá;Junho;2026;5
Terrestre;Roraima;Canadá;Junho;2026;1
Terrestre;Paraná;Canadá;Junho;2026;15
Terrestre;Paraná;Canadá;Junho;2026;83
Terrestre;Rio Grande do Sul;Canadá;Junho;2026;1
Terrestre;Rio Grande do Sul;Canadá;Junho;2026;1
Terrestre;Mato Grosso do Sul;Canadá;Junho;2026;1
Aérea;Rio de Janeiro;Casaquistão;Junho;2026;16
Aérea;São Paulo;Casaquistão;Junho;2026;76
Aérea;Distrito Federal;Casaquistão;Junho;2026;1
Terrestre;Paraná;Casaquistão;Junho;2026;8
Aérea;Rio de Janeiro;Catar;Junho;2026;2
Aérea;São Paulo;Catar;Junho;2026;27
Aérea;São Paulo;Chade;Junho;2026;2
Aérea;Amazonas;Chile;Junho;2026;10
Aérea;Pará;Chile;Junho;2026;1
Aérea;Ceará;Chile;Junho;2026;189
Aérea;Rio Grande do Norte;Chile;Junho;2026;103
Aérea;Pernambuco;Chile;Junho;2026;1138
Aérea;Bahia;Chile;Junho;2026;1
Aérea;Bahia;Chile;Junho;2026;422
Aérea;Minas Gerais;Chile;Junho;2026;403
Aérea;Rio de Janeiro;Chile;Junho;2026;24922
Aérea;São Paulo;Chile;Junho;2026;6
Aérea;São Paulo;Chile;Junho;2026;12146
Aérea;Paraná;Chile;Junho;2026;810
Aérea;Paraná;Chile;Junho;2026;155
Aérea;Santa Catarina;Chile;Junho;2026;8358
Aérea;Rio Grande do Sul;Chile;Junho;2026;358
Aérea;Mato Grosso do Sul;Chile;Junho;2026;3
Aérea;Distrito Federal;Chile;Junho;2026;612
Terrestre;Acre;Chile;Junho;2026;9
Terrestre;Acre;Chile;Junho;2026;1
Terrestre;Amazonas;Chile;Junho;2026;2
Terrestre;Roraima;Chile;Junho;2026;4
Terrestre;Paraná;Chile;Junho;2026;121
Terrestre;Paraná;Chile;Junho;2026;328
Terrestre;Santa Catarina;Chile;Junho;2026;1
Terrestre;Rio Grande do Sul;Chile;Junho;2026;1
Terrestre;Rio Grande do Sul;Chile;Junho;2026;18
Terrestre;Rio Grande do Sul;Chile;Junho;2026;3
Terrestre;Rio Grande do Sul;Chile;Junho;2026;1
Terrestre;Rio Grande do Sul;Chile;Junho;2026;15
Terrestre;Rio Grande do Sul;Chile;Junho;2026;13
Terrestre;Rio Grande do Sul;Chile;Junho;2026;51
Terrestre;Mato Grosso do Sul;Chile;Junho;2026;23
Terrestre;Mato Grosso do Sul;Chile;Junho;2026;1
Marítima;Espírito Santo;Chile;Junho;2026;1
Marítima;São Paulo;Chile;Junho;2026;1
Fluvial;Rio Grande do Sul;Chile;Junho;2026;5
Aérea;Amazonas;China;Junho;2026;28
Aérea;Pará;China;Junho;2026;33
Aérea;Ceará;China;Junho;2026;26
Aérea;Pernambuco;China;Junho;2026;7
Aérea;Bahia;China;Junho;2026;101
Aérea;Minas Gerais;China;Junho;2026;11
Aérea;Rio de Janeiro;China;Junho;2026;1437
Aérea;São Paulo;China;Junho;2026;10
Aérea;São Paulo;China;Junho;2026;14214
Aérea;Paraná;China;Junho;2026;4
Aérea;Paraná;China;Junho;2026;33
Aérea;Santa Catarina;China;Junho;2026;23
Aérea;Rio Grande do Sul;China;Junho;2026;9
Aérea;Distrito Federal;China;Junho;2026;66
Terrestre;Amazonas;China;Junho;2026;9
Terrestre;Roraima;China;Junho;2026;7
Terrestre;Roraima;China;Junho;2026;5
Terrestre;Paraná;China;Junho;2026;80
Terrestre;Paraná;China;Junho;2026;255
Terrestre;Rio Grande do Sul;China;Junho;2026;3
Terrestre;Rio Grande do Sul;China;Junho;2026;1
Terrestre;Rio Grande do Sul;China;Junho;2026;5
Terrestre;Rio Grande do Sul;China;Junho;2026;1
Terrestre;Mato Grosso do Sul;China;Junho;2026;3
Terrestre;Mato Grosso do Sul;China;Junho;2026;1
Marítima;Maranhão;China;Junho;2026;2
Marítima;Ceará;China;Junho;2026;2
Marítima;Pernambuco;China;Junho;2026;1
Marítima;Alagoas;China;Junho;2026;18
Marítima;Bahia;China;Junho;2026;42
Marítima;Espírito Santo;China;Junho;2026;235
Marítima;Rio de Janeiro;China;Junho;2026;27
Marítima;Rio de Janeiro;China;Junho;2026;175
Marítima;Rio de Janeiro;China;Junho;2026;166
Marítima;Rio de Janeiro;China;Junho;2026;18
Marítima;São Paulo;China;Junho;2026;541
Marítima;Paraná;China;Junho;2026;264
Marítima;Santa Catarina;China;Junho;2026;18
Marítima;Santa Catarina;China;Junho;2026;24
Marítima;Santa Catarina;China;Junho;2026;48
Fluvial;Pará;China;Junho;2026;19
Fluvial;Amapá;China;Junho;2026;79
Aérea;Rio de Janeiro;China, Hong Kong;Junho;2026;42
Aérea;São Paulo;China, Hong Kong;Junho;2026;357
Terrestre;Paraná;China, Hong Kong;Junho;2026;2
Terrestre;Paraná;China, Hong Kong;Junho;2026;11
Aérea;Rio de Janeiro;China, Macao;Junho;2026;2
Aérea;São Paulo;China, Macao;Junho;2026;4
Aérea;Bahia;Chipre;Junho;2026;3
Aérea;Minas Gerais;Chipre;Junho;2026;1
Aérea;Rio de Janeiro;Chipre;Junho;2026;19
Aérea;São Paulo;Chipre;Junho;2026;20
Terrestre;Paraná;Chipre;Junho;2026;6
Marítima;Rio de Janeiro;Chipre;Junho;2026;2
Aérea;Ceará;Cingapura;Junho;2026;1
Aérea;Rio Grande do Norte;Cingapura;Junho;2026;1
Aérea;Pernambuco;Cingapura;Junho;2026;1
Aérea;Bahia;Cingapura;Junho;2026;2
Aérea;Minas Gerais;Cingapura;Junho;2026;2
Aérea;Rio de Janeiro;Cingapura;Junho;2026;98
Aérea;São Paulo;Cingapura;Junho;2026;160
Aérea;Santa Catarina;Cingapura;Junho;2026;1
Aérea;Distrito Federal;Cingapura;Junho;2026;5
Terrestre;Paraná;Cingapura;Junho;2026;3
Terrestre;Paraná;Cingapura;Junho;2026;31
Aérea;Amazonas;Colômbia;Junho;2026;214
Aérea;Pará;Colômbia;Junho;2026;172
Aérea;Ceará;Colômbia;Junho;2026;7
Aérea;Rio Grande do Norte;Colômbia;Junho;2026;6
Aérea;Pernambuco;Colômbia;Junho;2026;15
Aérea;Bahia;Colômbia;Junho;2026;2
Aérea;Bahia;Colômbia;Junho;2026;199
Aérea;Minas Gerais;Colômbia;Junho;2026;122
Aérea;Rio de Janeiro;Colômbia;Junho;2026;11454
Aérea;São Paulo;Colômbia;Junho;2026;18
Aérea;São Paulo;Colômbia;Junho;2026;7213
Aérea;Paraná;Colômbia;Junho;2026;29
Aérea;Paraná;Colômbia;Junho;2026;30
Aérea;Santa Catarina;Colômbia;Junho;2026;128
Aérea;Rio Grande do Sul;Colômbia;Junho;2026;118
Aérea;Distrito Federal;Colômbia;Junho;2026;776
Terrestre;Rondônia;Colômbia;Junho;2026;2
Terrestre;Acre;Colômbia;Junho;2026;19
Terrestre;Acre;Colômbia;Junho;2026;5
Terrestre;Amazonas;Colômbia;Junho;2026;252
Terrestre;Roraima;Colômbia;Junho;2026;5
Terrestre;Roraima;Colômbia;Junho;2026;38
Terrestre;Amapá;Colômbia;Junho;2026;5
Terrestre;Paraná;Colômbia;Junho;2026;185
Terrestre;Paraná;Colômbia;Junho;2026;715
Terrestre;Paraná;Colômbia;Junho;2026;1
Terrestre;Santa Catarina;Colômbia;Junho;2026;2
Terrestre;Rio Grande do Sul;Colômbia;Junho;2026;31
Terrestre;Rio Grande do Sul;Colômbia;Junho;2026;9
Terrestre;Rio Grande do Sul;Colômbia;Junho;2026;4
Terrestre;Rio Grande do Sul;Colômbia;Junho;2026;17
Terrestre;Rio Grande do Sul;Colômbia;Junho;2026;1
Terrestre;Rio Grande do Sul;Colômbia;Junho;2026;5
Terrestre;Mato Grosso do Sul;Colômbia;Junho;2026;34
Terrestre;Mato Grosso do Sul;Colômbia;Junho;2026;6
Fluvial;Amapá;Colômbia;Junho;2026;1
Fluvial;Rio Grande do Sul;Colômbia;Junho;2026;10
Fluvial;Rio Grande do Sul;Colômbia;Junho;2026;1
Aérea;São Paulo;Comores;Junho;2026;2
Aérea;Pará;Congo;Junho;2026;1
Aérea;São Paulo;Congo;Junho;2026;103
Aérea;Distrito Federal;Congo;Junho;2026;1
Aérea;Amazonas;Costa Rica;Junho;2026;10
Aérea;Pará;Costa Rica;Junho;2026;1
Aérea;Ceará;Costa Rica;Junho;2026;1
Aérea;Bahia;Costa Rica;Junho;2026;12
Aérea;Minas Gerais;Costa Rica;Junho;2026;37
Aérea;Rio de Janeiro;Costa Rica;Junho;2026;949
Aérea;São Paulo;Costa Rica;Junho;2026;2
Aérea;São Paulo;Costa Rica;Junho;2026;664
Aérea;São Paulo;Costa Rica;Junho;2026;1
Aérea;Paraná;Costa Rica;Junho;2026;4
Aérea;Santa Catarina;Costa Rica;Junho;2026;13
Aérea;Rio Grande do Sul;Costa Rica;Junho;2026;25
Aérea;Distrito Federal;Costa Rica;Junho;2026;27
Terrestre;Amazonas;Costa Rica;Junho;2026;1
Terrestre;Paraná;Costa Rica;Junho;2026;5
Terrestre;Paraná;Costa Rica;Junho;2026;52
Terrestre;Mato Grosso do Sul;Costa Rica;Junho;2026;1
Aérea;Rio de Janeiro;Costa do Marfim;Junho;2026;13
Aérea;São Paulo;Costa do Marfim;Junho;2026;16
Aérea;Distrito Federal;Costa do Marfim;Junho;2026;1
Aérea;Ceará;Croácia;Junho;2026;2
Aérea;Pernambuco;Croácia;Junho;2026;4
Aérea;Bahia;Croácia;Junho;2026;5
Aérea;Rio de Janeiro;Croácia;Junho;2026;312
Aérea;São Paulo;Croácia;Junho;2026;3
Aérea;São Paulo;Croácia;Junho;2026;71
Aérea;Distrito Federal;Croácia;Junho;2026;1
Terrestre;Paraná;Croácia;Junho;2026;1
Terrestre;Paraná;Croácia;Junho;2026;3
Aérea;Amazonas;Cuba;Junho;2026;8
Aérea;Pará;Cuba;Junho;2026;2
Aérea;Pernambuco;Cuba;Junho;2026;2
Aérea;Bahia;Cuba;Junho;2026;10
Aérea;Minas Gerais;Cuba;Junho;2026;11
Aérea;Rio de Janeiro;Cuba;Junho;2026;62
Aérea;São Paulo;Cuba;Junho;2026;1
Aérea;São Paulo;Cuba;Junho;2026;231
Aérea;Santa Catarina;Cuba;Junho;2026;27
Aérea;Rio Grande do Sul;Cuba;Junho;2026;11
Aérea;Distrito Federal;Cuba;Junho;2026;54
Terrestre;Paraná;Cuba;Junho;2026;1
Terrestre;Rio Grande do Sul;Cuba;Junho;2026;16
Terrestre;Rio Grande do Sul;Cuba;Junho;2026;6
Terrestre;Rio Grande do Sul;Cuba;Junho;2026;5
Aérea;Amazonas;Dinamarca;Junho;2026;11
Aérea;Pará;Dinamarca;Junho;2026;4
Aérea;Ceará;Dinamarca;Junho;2026;68
Aérea;Rio Grande do Norte;Dinamarca;Junho;2026;5
Aérea;Pernambuco;Dinamarca;Junho;2026;15
Aérea;Bahia;Dinamarca;Junho;2026;20
Aérea;Minas Gerais;Dinamarca;Junho;2026;3
Aérea;Rio de Janeiro;Dinamarca;Junho;2026;344
Aérea;São Paulo;Dinamarca;Junho;2026;5
Aérea;São Paulo;Dinamarca;Junho;2026;253
Aérea;Santa Catarina;Dinamarca;Junho;2026;1
Aérea;Distrito Federal;Dinamarca;Junho;2026;2
Terrestre;Roraima;Dinamarca;Junho;2026;2
Terrestre;Paraná;Dinamarca;Junho;2026;4
Terrestre;Paraná;Dinamarca;Junho;2026;39
Terrestre;Rio Grande do Sul;Dinamarca;Junho;2026;2
Terrestre;Mato Grosso do Sul;Dinamarca;Junho;2026;2
Terrestre;Mato Grosso do Sul;Dinamarca;Junho;2026;2
Fluvial;Rio Grande do Sul;Dinamarca;Junho;2026;1
Aérea;São Paulo;Djibouti;Junho;2026;1
Aérea;Ceará;Dominica;Junho;2026;1
Aérea;São Paulo;Dominica;Junho;2026;32
Aérea;Amazonas;Egito;Junho;2026;1
Aérea;Pará;Egito;Junho;2026;1
Aérea;Pernambuco;Egito;Junho;2026;1
Aérea;Rio de Janeiro;Egito;Junho;2026;64
Aérea;São Paulo;Egito;Junho;2026;181
Terrestre;Roraima;Egito;Junho;2026;7
Marítima;Espírito Santo;Egito;Junho;2026;1
Marítima;Rio de Janeiro;Egito;Junho;2026;6
Aérea;Amazonas;El Salvador;Junho;2026;2
Aérea;Pará;El Salvador;Junho;2026;5
Aérea;Bahia;El Salvador;Junho;2026;1
Aérea;Minas Gerais;El Salvador;Junho;2026;4
Aérea;Rio de Janeiro;El Salvador;Junho;2026;191
Aérea;São Paulo;El Salvador;Junho;2026;1
Aérea;São Paulo;El Salvador;Junho;2026;193
Aérea;Santa Catarina;El Salvador;Junho;2026;11
Aérea;Rio Grande do Sul;El Salvador;Junho;2026;4
Aérea;Distrito Federal;El Salvador;Junho;2026;17
Terrestre;Acre;El Salvador;Junho;2026;1
Terrestre;Paraná;El Salvador;Junho;2026;2
Terrestre;Paraná;El Salvador;Junho;2026;16
Terrestre;Rio Grande do Sul;El Salvador;Junho;2026;1
Aérea;Rio de Janeiro;Emirados Árabes Unidos;Junho;2026;58
Aérea;São Paulo;Emirados Árabes Unidos;Junho;2026;74
Aérea;Santa Catarina;Emirados Árabes Unidos;Junho;2026;1
Aérea;Rio Grande do Sul;Emirados Árabes Unidos;Junho;2026;2
Aérea;Amazonas;Equador;Junho;2026;13
Aérea;Pará;Equador;Junho;2026;2
Aérea;Ceará;Equador;Junho;2026;3
Aérea;Rio Grande do Norte;Equador;Junho;2026;2
Aérea;Pernambuco;Equador;Junho;2026;5
Aérea;Bahia;Equador;Junho;2026;28
Aérea;Minas Gerais;Equador;Junho;2026;22
Aérea;Rio de Janeiro;Equador;Junho;2026;1788
Aérea;São Paulo;Equador;Junho;2026;1664
Aérea;Paraná;Equador;Junho;2026;47
Aérea;Santa Catarina;Equador;Junho;2026;44
Aérea;Rio Grande do Sul;Equador;Junho;2026;36
Aérea;Distrito Federal;Equador;Junho;2026;171
Terrestre;Rondônia;Equador;Junho;2026;2
Terrestre;Acre;Equador;Junho;2026;13
Terrestre;Acre;Equador;Junho;2026;4
Terrestre;Amazonas;Equador;Junho;2026;7
Terrestre;Roraima;Equador;Junho;2026;7
Terrestre;Paraná;Equador;Junho;2026;36
Terrestre;Paraná;Equador;Junho;2026;210
Terrestre;Rio Grande do Sul;Equador;Junho;2026;6
Terrestre;Mato Grosso do Sul;Equador;Junho;2026;11
Fluvial;Amapá;Equador;Junho;2026;2
Aérea;Amazonas;Eslováquia;Junho;2026;1
Aérea;Ceará;Eslováquia;Junho;2026;1
Aérea;Rio Grande do Norte;Eslováquia;Junho;2026;1
Aérea;Pernambuco;Eslováquia;Junho;2026;3
Aérea;Bahia;Eslováquia;Junho;2026;5
Aérea;Rio de Janeiro;Eslováquia;Junho;2026;48
Aérea;São Paulo;Eslováquia;Junho;2026;1
Aérea;São Paulo;Eslováquia;Junho;2026;94
Aérea;Santa Catarina;Eslováquia;Junho;2026;1
Aérea;Distrito Federal;Eslováquia;Junho;2026;1
Terrestre;Paraná;Eslováquia;Junho;2026;3
Terrestre;Paraná;Eslováquia;Junho;2026;12
Aérea;Amazonas;Eslovênia;Junho;2026;1
Aérea;Pará;Eslovênia;Junho;2026;1
Aérea;Ceará;Eslovênia;Junho;2026;10
Aérea;Pernambuco;Eslovênia;Junho;2026;9
Aérea;Bahia;Eslovênia;Junho;2026;2
Aérea;Rio de Janeiro;Eslovênia;Junho;2026;14
Aérea;São Paulo;Eslovênia;Junho;2026;1
Aérea;São Paulo;Eslovênia;Junho;2026;50
Aérea;Distrito Federal;Eslovênia;Junho;2026;1
Terrestre;Paraná;Eslovênia;Junho;2026;4
Aérea;Amazonas;Espanha;Junho;2026;28
Aérea;Pará;Espanha;Junho;2026;37
Aérea;Ceará;Espanha;Junho;2026;552
Aérea;Rio Grande do Norte;Espanha;Junho;2026;62
Aérea;Pernambuco;Espanha;Junho;2026;463
Aérea;Alagoas;Espanha;Junho;2026;7
Aérea;Bahia;Espanha;Junho;2026;1
Aérea;Bahia;Espanha;Junho;2026;373
Aérea;Minas Gerais;Espanha;Junho;2026;69
Aérea;Rio de Janeiro;Espanha;Junho;2026;2116
Aérea;São Paulo;Espanha;Junho;2026;84
Aérea;São Paulo;Espanha;Junho;2026;4851
Aérea;Paraná;Espanha;Junho;2026;3
Aérea;Paraná;Espanha;Junho;2026;6
Aérea;Santa Catarina;Espanha;Junho;2026;30
Aérea;Rio Grande do Sul;Espanha;Junho;2026;44
Aérea;Distrito Federal;Espanha;Junho;2026;101
Terrestre;Acre;Espanha;Junho;2026;4
Terrestre;Acre;Espanha;Junho;2026;2
Terrestre;Amazonas;Espanha;Junho;2026;9
Terrestre;Roraima;Espanha;Junho;2026;1
Terrestre;Roraima;Espanha;Junho;2026;3
Terrestre;Paraná;Espanha;Junho;2026;122
Terrestre;Paraná;Espanha;Junho;2026;407
Terrestre;Paraná;Espanha;Junho;2026;3
Terrestre;Paraná;Espanha;Junho;2026;3
Terrestre;Santa Catarina;Espanha;Junho;2026;2
Terrestre;Rio Grande do Sul;Espanha;Junho;2026;1
Terrestre;Rio Grande do Sul;Espanha;Junho;2026;11
Terrestre;Rio Grande do Sul;Espanha;Junho;2026;7
Terrestre;Rio Grande do Sul;Espanha;Junho;2026;2
Terrestre;Rio Grande do Sul;Espanha;Junho;2026;6
Terrestre;Rio Grande do Sul;Espanha;Junho;2026;3
Terrestre;Rio Grande do Sul;Espanha;Junho;2026;1
Terrestre;Mato Grosso do Sul;Espanha;Junho;2026;15
Terrestre;Mato Grosso do Sul;Espanha;Junho;2026;2
Fluvial;Rio Grande do Sul;Espanha;Junho;2026;2
Aérea;Amazonas;Estados Unidos;Junho;2026;2324
Aérea;Pará;Estados Unidos;Junho;2026;103
Aérea;Ceará;Estados Unidos;Junho;2026;944
Aérea;Rio Grande do Norte;Estados Unidos;Junho;2026;7
Aérea;Paraíba;Estados Unidos;Junho;2026;3
Aérea;Pernambuco;Estados Unidos;Junho;2026;19
Aérea;Bahia;Estados Unidos;Junho;2026;1
Aérea;Bahia;Estados Unidos;Junho;2026;336
Aérea;Minas Gerais;Estados Unidos;Junho;2026;364
Aérea;Espírito Santo;Estados Unidos;Junho;2026;2
Aérea;Rio de Janeiro;Estados Unidos;Junho;2026;15635
Aérea;São Paulo;Estados Unidos;Junho;2026;2520
Aérea;São Paulo;Estados Unidos;Junho;2026;31768
Aérea;São Paulo;Estados Unidos;Junho;2026;1
Aérea;Paraná;Estados Unidos;Junho;2026;15
Aérea;Paraná;Estados Unidos;Junho;2026;121
Aérea;Santa Catarina;Estados Unidos;Junho;2026;113
Aérea;Rio Grande do Sul;Estados Unidos;Junho;2026;275
Aérea;Distrito Federal;Estados Unidos;Junho;2026;1851
Terrestre;Acre;Estados Unidos;Junho;2026;4
Terrestre;Amazonas;Estados Unidos;Junho;2026;49
Terrestre;Roraima;Estados Unidos;Junho;2026;11
Terrestre;Amapá;Estados Unidos;Junho;2026;1
Terrestre;Paraná;Estados Unidos;Junho;2026;139
Terrestre;Paraná;Estados Unidos;Junho;2026;1279
Terrestre;Rio Grande do Sul;Estados Unidos;Junho;2026;15
Terrestre;Rio Grande do Sul;Estados Unidos;Junho;2026;1
Terrestre;Rio Grande do Sul;Estados Unidos;Junho;2026;3
Terrestre;Rio Grande do Sul;Estados Unidos;Junho;2026;1
Terrestre;Rio Grande do Sul;Estados Unidos;Junho;2026;3
Terrestre;Mato Grosso do Sul;Estados Unidos;Junho;2026;5
Terrestre;Mato Grosso do Sul;Estados Unidos;Junho;2026;2
Marítima;Pernambuco;Estados Unidos;Junho;2026;3
Fluvial;Rio Grande do Sul;Estados Unidos;Junho;2026;1
Aérea;Ceará;Estônia;Junho;2026;3
Aérea;Pernambuco;Estônia;Junho;2026;3
Aérea;Minas Gerais;Estônia;Junho;2026;1
Aérea;Rio de Janeiro;Estônia;Junho;2026;28
Aérea;São Paulo;Estônia;Junho;2026;65
Aérea;Distrito Federal;Estônia;Junho;2026;1
Terrestre;Paraná;Estônia;Junho;2026;2
Aérea;Ceará;Etiópia;Junho;2026;1
Aérea;Rio de Janeiro;Etiópia;Junho;2026;4
Aérea;São Paulo;Etiópia;Junho;2026;85
Marítima;Maranhão;Etiópia;Junho;2026;2
Marítima;Espírito Santo;Etiópia;Junho;2026;1
Marítima;Rio de Janeiro;Etiópia;Junho;2026;2
Terrestre;Paraná;Fiji;Junho;2026;2
Aérea;Pará;Filipinas;Junho;2026;1
Aérea;Ceará;Filipinas;Junho;2026;1
Aérea;Pernambuco;Filipinas;Junho;2026;1
Aérea;Bahia;Filipinas;Junho;2026;1
Aérea;Minas Gerais;Filipinas;Junho;2026;2
Aérea;Rio de Janeiro;Filipinas;Junho;2026;92
Aérea;São Paulo;Filipinas;Junho;2026;312
Aérea;Santa Catarina;Filipinas;Junho;2026;2
Aérea;Rio Grande do Sul;Filipinas;Junho;2026;1
Aérea;Distrito Federal;Filipinas;Junho;2026;7
Terrestre;Acre;Filipinas;Junho;2026;1
Terrestre;Amazonas;Filipinas;Junho;2026;2
Terrestre;Paraná;Filipinas;Junho;2026;8
Terrestre;Rio Grande do Sul;Filipinas;Junho;2026;1
Terrestre;Mato Grosso do Sul;Filipinas;Junho;2026;1
Marítima;Rio de Janeiro;Filipinas;Junho;2026;21
Marítima;Rio de Janeiro;Filipinas;Junho;2026;1
Marítima;Rio de Janeiro;Filipinas;Junho;2026;1
Marítima;São Paulo;Filipinas;Junho;2026;2
Fluvial;Amapá;Filipinas;Junho;2026;1
Aérea;Amazonas;Finlândia;Junho;2026;1
Aérea;Ceará;Finlândia;Junho;2026;18
Aérea;Rio Grande do Norte;Finlândia;Junho;2026;7
Aérea;Pernambuco;Finlândia;Junho;2026;10
Aérea;Bahia;Finlândia;Junho;2026;1
Aérea;Minas Gerais;Finlândia;Junho;2026;2
Aérea;Rio de Janeiro;Finlândia;Junho;2026;149
Aérea;São Paulo;Finlândia;Junho;2026;267
Aérea;Paraná;Finlândia;Junho;2026;3
Aérea;Santa Catarina;Finlândia;Junho;2026;3
Aérea;Rio Grande do Sul;Finlândia;Junho;2026;1
Aérea;Distrito Federal;Finlândia;Junho;2026;1
Terrestre;Amazonas;Finlândia;Junho;2026;1
Terrestre;Roraima;Finlândia;Junho;2026;1
Terrestre;Paraná;Finlândia;Junho;2026;3
Terrestre;Paraná;Finlândia;Junho;2026;9
Terrestre;Mato Grosso do Sul;Finlândia;Junho;2026;1
Aérea;Acre;França;Junho;2026;1
Aérea;Amazonas;França;Junho;2026;73
Aérea;Pará;França;Junho;2026;312
Aérea;Ceará;França;Junho;2026;1527
Aérea;Rio Grande do Norte;França;Junho;2026;43
Aérea;Pernambuco;França;Junho;2026;122
Aérea;Alagoas;França;Junho;2026;4
Aérea;Bahia;França;Junho;2026;2
Aérea;Bahia;França;Junho;2026;678
Aérea;Minas Gerais;França;Junho;2026;43
Aérea;Rio de Janeiro;França;Junho;2026;4025
Aérea;São Paulo;França;Junho;2026;71
Aérea;São Paulo;França;Junho;2026;3940
Aérea;Paraná;França;Junho;2026;5
Aérea;Paraná;França;Junho;2026;3
Aérea;Santa Catarina;França;Junho;2026;33
Aérea;Rio Grande do Sul;França;Junho;2026;6
Aérea;Distrito Federal;França;Junho;2026;120
Terrestre;Acre;França;Junho;2026;4
Terrestre;Acre;França;Junho;2026;4
Terrestre;Amazonas;França;Junho;2026;34
Terrestre;Roraima;França;Junho;2026;2
Terrestre;Roraima;França;Junho;2026;1
Terrestre;Amapá;França;Junho;2026;1924
Terrestre;Paraná;França;Junho;2026;97
Terrestre;Paraná;França;Junho;2026;363
Terrestre;Santa Catarina;França;Junho;2026;1
Terrestre;Rio Grande do Sul;França;Junho;2026;8
Terrestre;Rio Grande do Sul;França;Junho;2026;1
Terrestre;Rio Grande do Sul;França;Junho;2026;2
Terrestre;Mato Grosso do Sul;França;Junho;2026;16
Terrestre;Mato Grosso do Sul;França;Junho;2026;8
Marítima;Pernambuco;França;Junho;2026;4
Marítima;Rio de Janeiro;França;Junho;2026;2
Fluvial;Pará;França;Junho;2026;1
Fluvial;Amapá;França;Junho;2026;234
Aérea;Rio de Janeiro;Gabão;Junho;2026;1
Aérea;São Paulo;Gabão;Junho;2026;5
Aérea;Rio de Janeiro;Gana;Junho;2026;13
Aérea;São Paulo;Gana;Junho;2026;1
Aérea;São Paulo;Gana;Junho;2026;34
Aérea;Distrito Federal;Gana;Junho;2026;1
Terrestre;Paraná;Gana;Junho;2026;1
Aérea;Amazonas;Geórgia;Junho;2026;1
Aérea;Pernambuco;Geórgia;Junho;2026;1
Aérea;Bahia;Geórgia;Junho;2026;1
Aérea;Rio de Janeiro;Geórgia;Junho;2026;35
Aérea;São Paulo;Geórgia;Junho;2026;36
Aérea;Santa Catarina;Geórgia;Junho;2026;1
Aérea;Distrito Federal;Geórgia;Junho;2026;3
Aérea;Rio de Janeiro;Granada;Junho;2026;2
Aérea;São Paulo;Granada;Junho;2026;9
Aérea;Distrito Federal;Granada;Junho;2026;2
Marítima;Rio de Janeiro;Granada;Junho;2026;1
Aérea;Amazonas;Grécia;Junho;2026;1
Aérea;Pará;Grécia;Junho;2026;2
Aérea;Ceará;Grécia;Junho;2026;15
Aérea;Bahia;Grécia;Junho;2026;11
Aérea;Minas Gerais;Grécia;Junho;2026;2
Aérea;Rio de Janeiro;Grécia;Junho;2026;250
Aérea;São Paulo;Grécia;Junho;2026;1
Aérea;São Paulo;Grécia;Junho;2026;396
Aérea;Paraná;Grécia;Junho;2026;1
Aérea;Rio Grande do Sul;Grécia;Junho;2026;2
Aérea;Distrito Federal;Grécia;Junho;2026;4
Terrestre;Roraima;Grécia;Junho;2026;1
Terrestre;Paraná;Grécia;Junho;2026;5
Terrestre;Paraná;Grécia;Junho;2026;29
Terrestre;Rio Grande do Sul;Grécia;Junho;2026;1
Marítima;Rio de Janeiro;Grécia;Junho;2026;7
Aérea;Amazonas;Guatemala;Junho;2026;1
Aérea;Ceará;Guatemala;Junho;2026;1
Aérea;Pernambuco;Guatemala;Junho;2026;1
Aérea;Bahia;Guatemala;Junho;2026;1
Aérea;Minas Gerais;Guatemala;Junho;2026;15
Aérea;Rio de Janeiro;Guatemala;Junho;2026;729
Aérea;São Paulo;Guatemala;Junho;2026;287
Aérea;Santa Catarina;Guatemala;Junho;2026;7
Aérea;Rio Grande do Sul;Guatemala;Junho;2026;13
Aérea;Distrito Federal;Guatemala;Junho;2026;31
Terrestre;Acre;Guatemala;Junho;2026;1
Terrestre;Paraná;Guatemala;Junho;2026;4
Terrestre;Paraná;Guatemala;Junho;2026;55
Terrestre;Rio Grande do Sul;Guatemala;Junho;2026;1
Terrestre;Rio Grande do Sul;Guatemala;Junho;2026;1
Fluvial;Amapá;Guatemala;Junho;2026;1
Aérea;Amazonas;Guiana;Junho;2026;2
Aérea;Roraima;Guiana;Junho;2026;2
Aérea;Pará;Guiana;Junho;2026;11
Aérea;Rio de Janeiro;Guiana;Junho;2026;36
Aérea;São Paulo;Guiana;Junho;2026;28
Aérea;Santa Catarina;Guiana;Junho;2026;1
Aérea;Distrito Federal;Guiana;Junho;2026;5
Terrestre;Roraima;Guiana;Junho;2026;330
Terrestre;Roraima;Guiana;Junho;2026;4
Terrestre;Amapá;Guiana;Junho;2026;2
Terrestre;Paraná;Guiana;Junho;2026;2
Fluvial;Amapá;Guiana;Junho;2026;3
Aérea;Pará;Guiana Francesa;Junho;2026;1
Fluvial;Pará;Guiana Francesa;Junho;2026;1
Aérea;São Paulo;Guiné;Junho;2026;60
Aérea;São Paulo;Guiné Equatorial;Junho;2026;6
Aérea;Ceará;Guiné-Bissau;Junho;2026;1
Aérea;São Paulo;Guiné-Bissau;Junho;2026;14
Terrestre;Rio Grande do Sul;Guiné-Bissau;Junho;2026;1
Aérea;São Paulo;Gâmbia;Junho;2026;2
Aérea;Ceará;Haiti;Junho;2026;3
Aérea;Rio de Janeiro;Haiti;Junho;2026;8
Aérea;São Paulo;Haiti;Junho;2026;69
Aérea;Paraná;Haiti;Junho;2026;2
Aérea;Santa Catarina;Haiti;Junho;2026;12
Aérea;Rio Grande do Sul;Haiti;Junho;2026;2
Aérea;Distrito Federal;Haiti;Junho;2026;9
Terrestre;Paraná;Haiti;Junho;2026;3
Fluvial;Amapá;Haiti;Junho;2026;1
Aérea;Amazonas;Holanda;Junho;2026;11
Aérea;Pará;Holanda;Junho;2026;79
Aérea;Ceará;Holanda;Junho;2026;213
Aérea;Rio Grande do Norte;Holanda;Junho;2026;27
Aérea;Paraíba;Holanda;Junho;2026;1
Aérea;Pernambuco;Holanda;Junho;2026;35
Aérea;Alagoas;Holanda;Junho;2026;6
Aérea;Bahia;Holanda;Junho;2026;69
Aérea;Minas Gerais;Holanda;Junho;2026;15
Aérea;Rio de Janeiro;Holanda;Junho;2026;1086
Aérea;São Paulo;Holanda;Junho;2026;7
Aérea;São Paulo;Holanda;Junho;2026;1689
Aérea;São Paulo;Holanda;Junho;2026;1
Aérea;Paraná;Holanda;Junho;2026;12
Aérea;Santa Catarina;Holanda;Junho;2026;13
Aérea;Rio Grande do Sul;Holanda;Junho;2026;8
Aérea;Distrito Federal;Holanda;Junho;2026;35
Terrestre;Acre;Holanda;Junho;2026;1
Terrestre;Amazonas;Holanda;Junho;2026;5
Terrestre;Roraima;Holanda;Junho;2026;3
Terrestre;Amapá;Holanda;Junho;2026;7
Terrestre;Paraná;Holanda;Junho;2026;31
Terrestre;Paraná;Holanda;Junho;2026;116
Terrestre;Santa Catarina;Holanda;Junho;2026;1
Terrestre;Rio Grande do Sul;Holanda;Junho;2026;1
Terrestre;Rio Grande do Sul;Holanda;Junho;2026;2
Terrestre;Rio Grande do Sul;Holanda;Junho;2026;1
Terrestre;Mato Grosso do Sul;Holanda;Junho;2026;2
Terrestre;Mato Grosso do Sul;Holanda;Junho;2026;5
Marítima;Pernambuco;Holanda;Junho;2026;1
Aérea;Ceará;Honduras;Junho;2026;3
Aérea;Bahia;Honduras;Junho;2026;1
Aérea;Minas Gerais;Honduras;Junho;2026;2
Aérea;Rio de Janeiro;Honduras;Junho;2026;202
Aérea;São Paulo;Honduras;Junho;2026;181
Aérea;Paraná;Honduras;Junho;2026;1
Aérea;Santa Catarina;Honduras;Junho;2026;19
Aérea;Rio Grande do Sul;Honduras;Junho;2026;2
Aérea;Distrito Federal;Honduras;Junho;2026;16
Terrestre;Paraná;Honduras;Junho;2026;2
Terrestre;Paraná;Honduras;Junho;2026;2
Aérea;Amazonas;Hungria;Junho;2026;1
Aérea;Ceará;Hungria;Junho;2026;8
Aérea;Rio Grande do Norte;Hungria;Junho;2026;1
Aérea;Pernambuco;Hungria;Junho;2026;5
Aérea;Alagoas;Hungria;Junho;2026;1
Aérea;Bahia;Hungria;Junho;2026;7
Aérea;Minas Gerais;Hungria;Junho;2026;4
Aérea;Rio de Janeiro;Hungria;Junho;2026;206
Aérea;São Paulo;Hungria;Junho;2026;2
Aérea;São Paulo;Hungria;Junho;2026;175
Aérea;Santa Catarina;Hungria;Junho;2026;1
Aérea;Distrito Federal;Hungria;Junho;2026;9
Terrestre;Amazonas;Hungria;Junho;2026;1
Terrestre;Roraima;Hungria;Junho;2026;1
Terrestre;Paraná;Hungria;Junho;2026;1
Terrestre;Paraná;Hungria;Junho;2026;12
Terrestre;Mato Grosso do Sul;Hungria;Junho;2026;1
Aérea;Amazonas;Indonésia;Junho;2026;5
Aérea;Ceará;Indonésia;Junho;2026;1
Aérea;Pernambuco;Indonésia;Junho;2026;1
Aérea;Bahia;Indonésia;Junho;2026;2
Aérea;Rio de Janeiro;Indonésia;Junho;2026;50
Aérea;São Paulo;Indonésia;Junho;2026;429
Aérea;Distrito Federal;Indonésia;Junho;2026;1
Terrestre;Paraná;Indonésia;Junho;2026;1
Terrestre;Paraná;Indonésia;Junho;2026;20
Marítima;Santa Catarina;Indonésia;Junho;2026;1
Aérea;Rio de Janeiro;Iraque;Junho;2026;2
Aérea;São Paulo;Iraque;Junho;2026;18
Aérea;Distrito Federal;Iraque;Junho;2026;1
Aérea;Amazonas;Irlanda;Junho;2026;6
Aérea;Pará;Irlanda;Junho;2026;7
Aérea;Ceará;Irlanda;Junho;2026;55
Aérea;Rio Grande do Norte;Irlanda;Junho;2026;6
Aérea;Pernambuco;Irlanda;Junho;2026;82
Aérea;Alagoas;Irlanda;Junho;2026;1
Aérea;Bahia;Irlanda;Junho;2026;80
Aérea;Minas Gerais;Irlanda;Junho;2026;34
Aérea;Rio de Janeiro;Irlanda;Junho;2026;1370
Aérea;São Paulo;Irlanda;Junho;2026;3
Aérea;São Paulo;Irlanda;Junho;2026;2297
Aérea;Santa Catarina;Irlanda;Junho;2026;3
Aérea;Rio Grande do Sul;Irlanda;Junho;2026;3
Aérea;Distrito Federal;Irlanda;Junho;2026;33
Terrestre;Rondônia;Irlanda;Junho;2026;1
Terrestre;Amazonas;Irlanda;Junho;2026;2
Terrestre;Roraima;Irlanda;Junho;2026;1
Terrestre;Paraná;Irlanda;Junho;2026;2
Terrestre;Paraná;Irlanda;Junho;2026;43
Terrestre;Rio Grande do Sul;Irlanda;Junho;2026;1
Terrestre;Mato Grosso do Sul;Irlanda;Junho;2026;2
Aérea;Ceará;Irã;Junho;2026;1
Aérea;Rio de Janeiro;Irã;Junho;2026;6
Aérea;São Paulo;Irã;Junho;2026;96
Terrestre;Roraima;Irã;Junho;2026;1
Aérea;Pernambuco;Islândia;Junho;2026;1
Aérea;Minas Gerais;Islândia;Junho;2026;2
Aérea;Rio de Janeiro;Islândia;Junho;2026;20
Aérea;São Paulo;Islândia;Junho;2026;1
Aérea;São Paulo;Islândia;Junho;2026;20
Aérea;Distrito Federal;Islândia;Junho;2026;1
Aérea;Amazonas;Israel;Junho;2026;1
Aérea;Pará;Israel;Junho;2026;1
Aérea;Ceará;Israel;Junho;2026;7
Aérea;Pernambuco;Israel;Junho;2026;10
Aérea;Bahia;Israel;Junho;2026;3
Aérea;Bahia;Israel;Junho;2026;28
Aérea;Rio de Janeiro;Israel;Junho;2026;304
Aérea;São Paulo;Israel;Junho;2026;6
Aérea;São Paulo;Israel;Junho;2026;806
Aérea;São Paulo;Israel;Junho;2026;2
Aérea;Santa Catarina;Israel;Junho;2026;1
Aérea;Rio Grande do Sul;Israel;Junho;2026;7
Aérea;Distrito Federal;Israel;Junho;2026;11
Terrestre;Acre;Israel;Junho;2026;2
Terrestre;Amazonas;Israel;Junho;2026;1
Terrestre;Paraná;Israel;Junho;2026;8
Terrestre;Paraná;Israel;Junho;2026;59
Terrestre;Rio Grande do Sul;Israel;Junho;2026;2
Terrestre;Mato Grosso do Sul;Israel;Junho;2026;1
Terrestre;Mato Grosso do Sul;Israel;Junho;2026;1
Aérea;Amazonas;Itália;Junho;2026;23
Aérea;Pará;Itália;Junho;2026;28
Aérea;Ceará;Itália;Junho;2026;1468
Aérea;Rio Grande do Norte;Itália;Junho;2026;206
Aérea;Pernambuco;Itália;Junho;2026;294
Aérea;Alagoas;Itália;Junho;2026;15
Aérea;Bahia;Itália;Junho;2026;4
Aérea;Bahia;Itália;Junho;2026;459
Aérea;Minas Gerais;Itália;Junho;2026;132
Aérea;Rio de Janeiro;Itália;Junho;2026;2355
Aérea;São Paulo;Itália;Junho;2026;11
Aérea;São Paulo;Itália;Junho;2026;4900
Aérea;Paraná;Itália;Junho;2026;3
Aérea;Paraná;Itália;Junho;2026;4
Aérea;Santa Catarina;Itália;Junho;2026;93
Aérea;Rio Grande do Sul;Itália;Junho;2026;44
Aérea;Distrito Federal;Itália;Junho;2026;148
Terrestre;Rondônia;Itália;Junho;2026;1
Terrestre;Acre;Itália;Junho;2026;1
Terrestre;Amazonas;Itália;Junho;2026;8
Terrestre;Roraima;Itália;Junho;2026;1
Terrestre;Amapá;Itália;Junho;2026;3
Terrestre;Paraná;Itália;Junho;2026;37
Terrestre;Paraná;Itália;Junho;2026;188
Terrestre;Santa Catarina;Itália;Junho;2026;3
Terrestre;Rio Grande do Sul;Itália;Junho;2026;6
Terrestre;Rio Grande do Sul;Itália;Junho;2026;10
Terrestre;Rio Grande do Sul;Itália;Junho;2026;3
Terrestre;Rio Grande do Sul;Itália;Junho;2026;2
Terrestre;Rio Grande do Sul;Itália;Junho;2026;4
Terrestre;Mato Grosso do Sul;Itália;Junho;2026;2
Terrestre;Mato Grosso do Sul;Itália;Junho;2026;3
Marítima;Pernambuco;Itália;Junho;2026;1
Fluvial;Amapá;Itália;Junho;2026;2
Fluvial;Rio Grande do Sul;Itália;Junho;2026;6
Fluvial;Rio Grande do Sul;Itália;Junho;2026;2
Aérea;São Paulo;Iêmen;Junho;2026;9
Aérea;Amazonas;Jamaica;Junho;2026;1
Aérea;Pará;Jamaica;Junho;2026;2
Aérea;Ceará;Jamaica;Junho;2026;1
Aérea;Bahia;Jamaica;Junho;2026;1
Aérea;Rio de Janeiro;Jamaica;Junho;2026;51
Aérea;São Paulo;Jamaica;Junho;2026;62
Aérea;Rio Grande do Sul;Jamaica;Junho;2026;3
Aérea;Distrito Federal;Jamaica;Junho;2026;3
Terrestre;Roraima;Jamaica;Junho;2026;1
Terrestre;Paraná;Jamaica;Junho;2026;5
Terrestre;Paraná;Jamaica;Junho;2026;5
Aérea;Amazonas;Japão;Junho;2026;18
Aérea;Pará;Japão;Junho;2026;2
Aérea;Ceará;Japão;Junho;2026;3
Aérea;Pernambuco;Japão;Junho;2026;1
Aérea;Bahia;Japão;Junho;2026;1
Aérea;Minas Gerais;Japão;Junho;2026;7
Aérea;Rio de Janeiro;Japão;Junho;2026;246
Aérea;São Paulo;Japão;Junho;2026;2
Aérea;São Paulo;Japão;Junho;2026;4808
Aérea;Paraná;Japão;Junho;2026;1
Aérea;Paraná;Japão;Junho;2026;1
Aérea;Santa Catarina;Japão;Junho;2026;1
Aérea;Rio Grande do Sul;Japão;Junho;2026;1
Aérea;Distrito Federal;Japão;Junho;2026;24
Terrestre;Acre;Japão;Junho;2026;1
Terrestre;Amazonas;Japão;Junho;2026;5
Terrestre;Roraima;Japão;Junho;2026;1
Terrestre;Roraima;Japão;Junho;2026;1
Terrestre;Amapá;Japão;Junho;2026;4
Terrestre;Paraná;Japão;Junho;2026;62
Terrestre;Paraná;Japão;Junho;2026;79
Terrestre;Rio Grande do Sul;Japão;Junho;2026;1
Terrestre;Rio Grande do Sul;Japão;Junho;2026;2
Terrestre;Mato Grosso do Sul;Japão;Junho;2026;1
Terrestre;Mato Grosso do Sul;Japão;Junho;2026;1
Aérea;Rio de Janeiro;Jordânia;Junho;2026;6
Aérea;São Paulo;Jordânia;Junho;2026;37
Aérea;São Paulo;Kiribati;Junho;2026;5
Aérea;Rio de Janeiro;Kuwait;Junho;2026;4
Aérea;São Paulo;Kuwait;Junho;2026;1
Aérea;Rio de Janeiro;Laos;Junho;2026;6
Aérea;São Paulo;Laos;Junho;2026;1
Aérea;São Paulo;Lesoto;Junho;2026;4
Aérea;Ceará;Letônia;Junho;2026;4
Aérea;Pernambuco;Letônia;Junho;2026;2
Aérea;Bahia;Letônia;Junho;2026;2
Aérea;Rio de Janeiro;Letônia;Junho;2026;12
Aérea;São Paulo;Letônia;Junho;2026;2
Aérea;São Paulo;Letônia;Junho;2026;54
Aérea;Distrito Federal;Letônia;Junho;2026;1
Terrestre;Paraná;Letônia;Junho;2026;1
Marítima;Pernambuco;Letônia;Junho;2026;5
Aérea;São Paulo;Libéria;Junho;2026;8
Aérea;Ceará;Liechtenstein;Junho;2026;1
Aérea;São Paulo;Liechtenstein;Junho;2026;4
Aérea;Ceará;Lituânia;Junho;2026;3
Aérea;Rio Grande do Norte;Lituânia;Junho;2026;1
Aérea;Pernambuco;Lituânia;Junho;2026;4
Aérea;Bahia;Lituânia;Junho;2026;4
Aérea;Rio de Janeiro;Lituânia;Junho;2026;37
Aérea;São Paulo;Lituânia;Junho;2026;2
Aérea;São Paulo;Lituânia;Junho;2026;83
Aérea;Santa Catarina;Lituânia;Junho;2026;2
Terrestre;Paraná;Lituânia;Junho;2026;1
Terrestre;Paraná;Lituânia;Junho;2026;3
Aérea;Pará;Luxemburgo;Junho;2026;1
Aérea;Ceará;Luxemburgo;Junho;2026;5
Aérea;Pernambuco;Luxemburgo;Junho;2026;2
Aérea;Bahia;Luxemburgo;Junho;2026;4
Aérea;Minas Gerais;Luxemburgo;Junho;2026;2
Aérea;Rio de Janeiro;Luxemburgo;Junho;2026;17
Aérea;São Paulo;Luxemburgo;Junho;2026;1
Aérea;São Paulo;Luxemburgo;Junho;2026;59
Aérea;Distrito Federal;Luxemburgo;Junho;2026;1
Terrestre;Acre;Luxemburgo;Junho;2026;1
Terrestre;Paraná;Luxemburgo;Junho;2026;1
Terrestre;Paraná;Luxemburgo;Junho;2026;4
Aérea;Rio de Janeiro;Líbano;Junho;2026;12
Aérea;São Paulo;Líbano;Junho;2026;178
Aérea;Paraná;Líbano;Junho;2026;2
Terrestre;Paraná;Líbano;Junho;2026;12
Aérea;São Paulo;Líbia;Junho;2026;15
Aérea;Distrito Federal;Líbia;Junho;2026;1
Aérea;Bahia;Macedônia;Junho;2026;2
Aérea;Rio de Janeiro;Macedônia;Junho;2026;16
Aérea;São Paulo;Macedônia;Junho;2026;23
Aérea;São Paulo;Madagascar;Junho;2026;3
Aérea;São Paulo;Malauí;Junho;2026;4
Aérea;Rio de Janeiro;Mali;Junho;2026;2
Aérea;São Paulo;Mali;Junho;2026;20
Aérea;Rio Grande do Norte;Malta;Junho;2026;2
Aérea;Rio de Janeiro;Malta;Junho;2026;17
Aérea;São Paulo;Malta;Junho;2026;22
Terrestre;Paraná;Malta;Junho;2026;1
Aérea;Ceará;Malásia;Junho;2026;1
Aérea;Pernambuco;Malásia;Junho;2026;1
Aérea;Bahia;Malásia;Junho;2026;1
Aérea;Minas Gerais;Malásia;Junho;2026;6
Aérea;Rio de Janeiro;Malásia;Junho;2026;105
Aérea;São Paulo;Malásia;Junho;2026;151
Aérea;Distrito Federal;Malásia;Junho;2026;1
Terrestre;Paraná;Malásia;Junho;2026;44
Marítima;Pernambuco;Malásia;Junho;2026;1
Aérea;Pará;Marrocos;Junho;2026;17
Aérea;Ceará;Marrocos;Junho;2026;19
Aérea;Pernambuco;Marrocos;Junho;2026;8
Aérea;Bahia;Marrocos;Junho;2026;2
Aérea;Minas Gerais;Marrocos;Junho;2026;1
Aérea;Rio de Janeiro;Marrocos;Junho;2026;70
Aérea;São Paulo;Marrocos;Junho;2026;1
Aérea;São Paulo;Marrocos;Junho;2026;556
Aérea;Santa Catarina;Marrocos;Junho;2026;1
Aérea;Distrito Federal;Marrocos;Junho;2026;3
Terrestre;Amapá;Marrocos;Junho;2026;1
Terrestre;Paraná;Marrocos;Junho;2026;1
Terrestre;Paraná;Marrocos;Junho;2026;5
Terrestre;Rio Grande do Sul;Marrocos;Junho;2026;1
Terrestre;Rio Grande do Sul;Marrocos;Junho;2026;1
Fluvial;Amapá;Marrocos;Junho;2026;1
Aérea;Rio de Janeiro;Mauritânia;Junho;2026;1
Aérea;São Paulo;Mauritânia;Junho;2026;19
Aérea;Rio de Janeiro;Maurício;Junho;2026;1
Aérea;São Paulo;Maurício;Junho;2026;8
Aérea;Distrito Federal;Maurício;Junho;2026;1
Aérea;Rio de Janeiro;Mianma;Junho;2026;1
Aérea;São Paulo;Mianma;Junho;2026;4
Aérea;Amazonas;Moldávia;Junho;2026;1
Aérea;São Paulo;Moldávia;Junho;2026;1
Aérea;São Paulo;Moldávia;Junho;2026;16
Aérea;Distrito Federal;Moldávia;Junho;2026;1
Terrestre;Acre;Moldávia;Junho;2026;1
Terrestre;Paraná;Moldávia;Junho;2026;1
Fluvial;Amapá;Moldávia;Junho;2026;1
Aérea;Rio de Janeiro;Mongólia;Junho;2026;5
Aérea;São Paulo;Mongólia;Junho;2026;11
Aérea;Pará;Montenegro;Junho;2026;3
Aérea;Ceará;Montenegro;Junho;2026;1
Aérea;Rio de Janeiro;Montenegro;Junho;2026;1
Aérea;São Paulo;Montenegro;Junho;2026;10
Aérea;Rio de Janeiro;Moçambique;Junho;2026;1
Aérea;São Paulo;Moçambique;Junho;2026;392
Aérea;Santa Catarina;Moçambique;Junho;2026;1
Aérea;Distrito Federal;Moçambique;Junho;2026;1
Aérea;Amazonas;México;Junho;2026;74
Aérea;Pará;México;Junho;2026;20
Aérea;Ceará;México;Junho;2026;2
Aérea;Pernambuco;México;Junho;2026;1
Aérea;Bahia;México;Junho;2026;93
Aérea;Minas Gerais;México;Junho;2026;29
Aérea;Rio de Janeiro;México;Junho;2026;2216
Aérea;São Paulo;México;Junho;2026;3
Aérea;São Paulo;México;Junho;2026;5809
Aérea;Paraná;México;Junho;2026;7
Aérea;Paraná;México;Junho;2026;13
Aérea;Santa Catarina;México;Junho;2026;44
Aérea;Rio Grande do Sul;México;Junho;2026;25
Aérea;Mato Grosso;México;Junho;2026;2
Aérea;Distrito Federal;México;Junho;2026;209
Terrestre;Amazonas;México;Junho;2026;3
Terrestre;Roraima;México;Junho;2026;1
Terrestre;Paraná;México;Junho;2026;18
Terrestre;Paraná;México;Junho;2026;289
Terrestre;Rio Grande do Sul;México;Junho;2026;1
Terrestre;Rio Grande do Sul;México;Junho;2026;1
Terrestre;Rio Grande do Sul;México;Junho;2026;3
Terrestre;Mato Grosso do Sul;México;Junho;2026;34
Terrestre;Mato Grosso do Sul;México;Junho;2026;17
Fluvial;Rio Grande do Sul;México;Junho;2026;1
Aérea;Rio de Janeiro;Mônaco;Junho;2026;2
Aérea;São Paulo;Mônaco;Junho;2026;1
Aérea;Rio de Janeiro;Namíbia;Junho;2026;2
Aérea;São Paulo;Namíbia;Junho;2026;31
Marítima;Pernambuco;Namíbia;Junho;2026;1
Aérea;Rio de Janeiro;Nepal;Junho;2026;1
Aérea;São Paulo;Nepal;Junho;2026;6
Aérea;Distrito Federal;Nepal;Junho;2026;2
Terrestre;Amapá;Nepal;Junho;2026;1
Aérea;Amazonas;Nicarágua;Junho;2026;1
Aérea;Pará;Nicarágua;Junho;2026;2
Aérea;Bahia;Nicarágua;Junho;2026;4
Aérea;Minas Gerais;Nicarágua;Junho;2026;9
Aérea;Rio de Janeiro;Nicarágua;Junho;2026;78
Aérea;São Paulo;Nicarágua;Junho;2026;90
Aérea;Santa Catarina;Nicarágua;Junho;2026;1
Aérea;Distrito Federal;Nicarágua;Junho;2026;3
Terrestre;Paraná;Nicarágua;Junho;2026;5
Aérea;Amazonas;Nigéria;Junho;2026;1
Aérea;Pará;Nigéria;Junho;2026;1
Aérea;Ceará;Nigéria;Junho;2026;2
Aérea;Pernambuco;Nigéria;Junho;2026;1
Aérea;Rio de Janeiro;Nigéria;Junho;2026;15
Aérea;São Paulo;Nigéria;Junho;2026;148
Aérea;Amazonas;Noruega;Junho;2026;5
Aérea;Pará;Noruega;Junho;2026;13
Aérea;Ceará;Noruega;Junho;2026;342
Aérea;Rio Grande do Norte;Noruega;Junho;2026;40
Aérea;Pernambuco;Noruega;Junho;2026;21
Aérea;Bahia;Noruega;Junho;2026;31
Aérea;Minas Gerais;Noruega;Junho;2026;6
Aérea;Rio de Janeiro;Noruega;Junho;2026;416
Aérea;São Paulo;Noruega;Junho;2026;2
Aérea;São Paulo;Noruega;Junho;2026;299
Aérea;Santa Catarina;Noruega;Junho;2026;3
Aérea;Rio Grande do Sul;Noruega;Junho;2026;2
Aérea;Distrito Federal;Noruega;Junho;2026;10
Terrestre;Amazonas;Noruega;Junho;2026;1
Terrestre;Paraná;Noruega;Junho;2026;6
Terrestre;Paraná;Noruega;Junho;2026;19
Terrestre;Mato Grosso do Sul;Noruega;Junho;2026;1
Marítima;Pernambuco;Noruega;Junho;2026;2
Aérea;Amazonas;Nova Zelândia;Junho;2026;2
Aérea;Pará;Nova Zelândia;Junho;2026;1
Aérea;Bahia;Nova Zelândia;Junho;2026;3
Aérea;Minas Gerais;Nova Zelândia;Junho;2026;8
Aérea;Rio de Janeiro;Nova Zelândia;Junho;2026;145
Aérea;São Paulo;Nova Zelândia;Junho;2026;1
Aérea;São Paulo;Nova Zelândia;Junho;2026;402
Aérea;Paraná;Nova Zelândia;Junho;2026;4
Aérea;Santa Catarina;Nova Zelândia;Junho;2026;3
Aérea;Rio Grande do Sul;Nova Zelândia;Junho;2026;5
Aérea;Distrito Federal;Nova Zelândia;Junho;2026;9
Terrestre;Amazonas;Nova Zelândia;Junho;2026;1
Terrestre;Paraná;Nova Zelândia;Junho;2026;1
Terrestre;Paraná;Nova Zelândia;Junho;2026;74
Terrestre;Rio Grande do Sul;Nova Zelândia;Junho;2026;1
Terrestre;Rio Grande do Sul;Nova Zelândia;Junho;2026;1
Aérea;São Paulo;Níger;Junho;2026;1
Aérea;Rio de Janeiro;Omã;Junho;2026;6
Aérea;São Paulo;Omã;Junho;2026;14
Aérea;Distrito Federal;Omã;Junho;2026;1
Marítima;Espírito Santo;Omã;Junho;2026;7
Aérea;Ceará;Palestina;Junho;2026;4
Aérea;Rio de Janeiro;Palestina;Junho;2026;2
Aérea;São Paulo;Palestina;Junho;2026;1
Aérea;São Paulo;Palestina;Junho;2026;55
Aérea;Amazonas;Panamá;Junho;2026;8
Aérea;Pará;Panamá;Junho;2026;1
Aérea;Bahia;Panamá;Junho;2026;4
Aérea;Minas Gerais;Panamá;Junho;2026;3
Aérea;Rio de Janeiro;Panamá;Junho;2026;455
Aérea;São Paulo;Panamá;Junho;2026;531
Aérea;São Paulo;Panamá;Junho;2026;1
Aérea;Santa Catarina;Panamá;Junho;2026;26
Aérea;Rio Grande do Sul;Panamá;Junho;2026;11
Aérea;Distrito Federal;Panamá;Junho;2026;13
Terrestre;Paraná;Panamá;Junho;2026;6
Terrestre;Paraná;Panamá;Junho;2026;2
Terrestre;Rio Grande do Sul;Panamá;Junho;2026;1
Aérea;Ceará;Paquistão;Junho;2026;4
Aérea;Pernambuco;Paquistão;Junho;2026;2
Aérea;Rio de Janeiro;Paquistão;Junho;2026;11
Aérea;São Paulo;Paquistão;Junho;2026;65
Aérea;Distrito Federal;Paquistão;Junho;2026;5
Terrestre;Rio Grande do Sul;Paquistão;Junho;2026;1
Terrestre;Mato Grosso do Sul;Paquistão;Junho;2026;1
Aérea;Amazonas;Paraguai;Junho;2026;3
Aérea;Rio Grande do Norte;Paraguai;Junho;2026;8
Aérea;Pernambuco;Paraguai;Junho;2026;8
Aérea;Bahia;Paraguai;Junho;2026;1
Aérea;Bahia;Paraguai;Junho;2026;5
Aérea;Minas Gerais;Paraguai;Junho;2026;2
Aérea;Rio de Janeiro;Paraguai;Junho;2026;555
Aérea;São Paulo;Paraguai;Junho;2026;5
Aérea;São Paulo;Paraguai;Junho;2026;2321
Aérea;Paraná;Paraguai;Junho;2026;64
Aérea;Paraná;Paraguai;Junho;2026;6
Aérea;Santa Catarina;Paraguai;Junho;2026;6
Aérea;Santa Catarina;Paraguai;Junho;2026;5
Aérea;Rio Grande do Sul;Paraguai;Junho;2026;2
Aérea;Mato Grosso do Sul;Paraguai;Junho;2026;5
Aérea;Distrito Federal;Paraguai;Junho;2026;9
Terrestre;Acre;Paraguai;Junho;2026;1
Terrestre;Acre;Paraguai;Junho;2026;1
Terrestre;Paraná;Paraguai;Junho;2026;1
Terrestre;Paraná;Paraguai;Junho;2026;13875
Terrestre;Paraná;Paraguai;Junho;2026;84
Terrestre;Paraná;Paraguai;Junho;2026;325
Terrestre;Paraná;Paraguai;Junho;2026;361
Terrestre;Paraná;Paraguai;Junho;2026;215
Terrestre;Paraná;Paraguai;Junho;2026;1
Terrestre;Santa Catarina;Paraguai;Junho;2026;17
Terrestre;Rio Grande do Sul;Paraguai;Junho;2026;19
Terrestre;Rio Grande do Sul;Paraguai;Junho;2026;12
Terrestre;Rio Grande do Sul;Paraguai;Junho;2026;3
Terrestre;Rio Grande do Sul;Paraguai;Junho;2026;3
Terrestre;Rio Grande do Sul;Paraguai;Junho;2026;7
Terrestre;Rio Grande do Sul;Paraguai;Junho;2026;1
Terrestre;Rio Grande do Sul;Paraguai;Junho;2026;211
Terrestre;Rio Grande do Sul;Paraguai;Junho;2026;30
Terrestre;Mato Grosso do Sul;Paraguai;Junho;2026;56
Terrestre;Mato Grosso do Sul;Paraguai;Junho;2026;957
Fluvial;Amapá;Paraguai;Junho;2026;1
Fluvial;Rio Grande do Sul;Paraguai;Junho;2026;186
Fluvial;Rio Grande do Sul;Paraguai;Junho;2026;57
Aérea;Acre;Peru;Junho;2026;19
Aérea;Amazonas;Peru;Junho;2026;57
Aérea;Pará;Peru;Junho;2026;8
Aérea;Ceará;Peru;Junho;2026;8
Aérea;Rio Grande do Norte;Peru;Junho;2026;1
Aérea;Pernambuco;Peru;Junho;2026;6
Aérea;Bahia;Peru;Junho;2026;7
Aérea;Minas Gerais;Peru;Junho;2026;6
Aérea;Rio de Janeiro;Peru;Junho;2026;3190
Aérea;São Paulo;Peru;Junho;2026;11
Aérea;São Paulo;Peru;Junho;2026;5936
Aérea;São Paulo;Peru;Junho;2026;3
Aérea;Paraná;Peru;Junho;2026;18
Aérea;Paraná;Peru;Junho;2026;133
Aérea;Santa Catarina;Peru;Junho;2026;114
Aérea;Rio Grande do Sul;Peru;Junho;2026;77
Aérea;Distrito Federal;Peru;Junho;2026;434
Terrestre;Rondônia;Peru;Junho;2026;4
Terrestre;Acre;Peru;Junho;2026;1069
Terrestre;Acre;Peru;Junho;2026;47
Terrestre;Amazonas;Peru;Junho;2026;62
Terrestre;Roraima;Peru;Junho;2026;7
Terrestre;Amapá;Peru;Junho;2026;11
Terrestre;Paraná;Peru;Junho;2026;67
Terrestre;Paraná;Peru;Junho;2026;582
Terrestre;Paraná;Peru;Junho;2026;1
Terrestre;Santa Catarina;Peru;Junho;2026;1
Terrestre;Rio Grande do Sul;Peru;Junho;2026;7
Terrestre;Rio Grande do Sul;Peru;Junho;2026;1
Terrestre;Rio Grande do Sul;Peru;Junho;2026;4
Terrestre;Rio Grande do Sul;Peru;Junho;2026;3
Terrestre;Rio Grande do Sul;Peru;Junho;2026;5
Terrestre;Mato Grosso do Sul;Peru;Junho;2026;21
Terrestre;Mato Grosso do Sul;Peru;Junho;2026;1
Terrestre;Mato Grosso;Peru;Junho;2026;1
Marítima;São Paulo;Peru;Junho;2026;1
Fluvial;Amapá;Peru;Junho;2026;10
Aérea;Amazonas;Polônia;Junho;2026;20
Aérea;Pará;Polônia;Junho;2026;2
Aérea;Ceará;Polônia;Junho;2026;60
Aérea;Rio Grande do Norte;Polônia;Junho;2026;3
Aérea;Pernambuco;Polônia;Junho;2026;11
Aérea;Bahia;Polônia;Junho;2026;17
Aérea;Minas Gerais;Polônia;Junho;2026;6
Aérea;Rio de Janeiro;Polônia;Junho;2026;649
Aérea;São Paulo;Polônia;Junho;2026;14
Aérea;São Paulo;Polônia;Junho;2026;741
Aérea;Paraná;Polônia;Junho;2026;7
Aérea;Paraná;Polônia;Junho;2026;2
Aérea;Santa Catarina;Polônia;Junho;2026;2
Aérea;Rio Grande do Sul;Polônia;Junho;2026;3
Aérea;Distrito Federal;Polônia;Junho;2026;8
Terrestre;Acre;Polônia;Junho;2026;3
Terrestre;Amazonas;Polônia;Junho;2026;3
Terrestre;Roraima;Polônia;Junho;2026;1
Terrestre;Paraná;Polônia;Junho;2026;23
Terrestre;Paraná;Polônia;Junho;2026;103
Terrestre;Rio Grande do Sul;Polônia;Junho;2026;3
Terrestre;Rio Grande do Sul;Polônia;Junho;2026;1
Terrestre;Mato Grosso do Sul;Polônia;Junho;2026;5
Terrestre;Mato Grosso do Sul;Polônia;Junho;2026;1
Aérea;Amazonas;Portugal;Junho;2026;68
Aérea;Roraima;Portugal;Junho;2026;1
Aérea;Pará;Portugal;Junho;2026;109
Aérea;Ceará;Portugal;Junho;2026;1117
Aérea;Rio Grande do Norte;Portugal;Junho;2026;314
Aérea;Pernambuco;Portugal;Junho;2026;731
Aérea;Alagoas;Portugal;Junho;2026;85
Aérea;Bahia;Portugal;Junho;2026;739
Aérea;Minas Gerais;Portugal;Junho;2026;822
Aérea;Rio de Janeiro;Portugal;Junho;2026;2218
Aérea;São Paulo;Portugal;Junho;2026;1743
Aérea;São Paulo;Portugal;Junho;2026;3864
Aérea;São Paulo;Portugal;Junho;2026;5
Aérea;Paraná;Portugal;Junho;2026;1
Aérea;Santa Catarina;Portugal;Junho;2026;72
Aérea;Rio Grande do Sul;Portugal;Junho;2026;59
Aérea;Distrito Federal;Portugal;Junho;2026;424
Terrestre;Amazonas;Portugal;Junho;2026;3
Terrestre;Amapá;Portugal;Junho;2026;2
Terrestre;Paraná;Portugal;Junho;2026;17
Terrestre;Paraná;Portugal;Junho;2026;47
Terrestre;Rio Grande do Sul;Portugal;Junho;2026;1
Terrestre;Rio Grande do Sul;Portugal;Junho;2026;1
Terrestre;Rio Grande do Sul;Portugal;Junho;2026;1
Marítima;Ceará;Portugal;Junho;2026;1
Aérea;Minas Gerais;Quirguistão;Junho;2026;1
Aérea;São Paulo;Quirguistão;Junho;2026;1
Aérea;São Paulo;Quirguistão;Junho;2026;4
Aérea;Bahia;Quênia;Junho;2026;5
Aérea;Rio de Janeiro;Quênia;Junho;2026;92
Aérea;São Paulo;Quênia;Junho;2026;1
Aérea;São Paulo;Quênia;Junho;2026;78
Aérea;Distrito Federal;Quênia;Junho;2026;2
Terrestre;Paraná;Quênia;Junho;2026;2
Aérea;Acre;Reino Unido;Junho;2026;2
Aérea;Amazonas;Reino Unido;Junho;2026;36
Aérea;Pará;Reino Unido;Junho;2026;17
Aérea;Ceará;Reino Unido;Junho;2026;154
Aérea;Rio Grande do Norte;Reino Unido;Junho;2026;19
Aérea;Pernambuco;Reino Unido;Junho;2026;80
Aérea;Alagoas;Reino Unido;Junho;2026;5
Aérea;Bahia;Reino Unido;Junho;2026;291
Aérea;Minas Gerais;Reino Unido;Junho;2026;41
Aérea;Rio de Janeiro;Reino Unido;Junho;2026;4100
Aérea;São Paulo;Reino Unido;Junho;2026;39
Aérea;São Paulo;Reino Unido;Junho;2026;4814
Aérea;Paraná;Reino Unido;Junho;2026;3
Aérea;Paraná;Reino Unido;Junho;2026;6
Aérea;Santa Catarina;Reino Unido;Junho;2026;15
Aérea;Rio Grande do Sul;Reino Unido;Junho;2026;15
Aérea;Distrito Federal;Reino Unido;Junho;2026;71
Terrestre;Rondônia;Reino Unido;Junho;2026;1
Terrestre;Acre;Reino Unido;Junho;2026;3
Terrestre;Amazonas;Reino Unido;Junho;2026;10
Terrestre;Roraima;Reino Unido;Junho;2026;5
Terrestre;Roraima;Reino Unido;Junho;2026;2
Terrestre;Amapá;Reino Unido;Junho;2026;4
Terrestre;Paraná;Reino Unido;Junho;2026;56
Terrestre;Paraná;Reino Unido;Junho;2026;621
Terrestre;Rio Grande do Sul;Reino Unido;Junho;2026;17
Terrestre;Rio Grande do Sul;Reino Unido;Junho;2026;1
Terrestre;Rio Grande do Sul;Reino Unido;Junho;2026;1
Terrestre;Mato Grosso do Sul;Reino Unido;Junho;2026;1
Marítima;Pernambuco;Reino Unido;Junho;2026;1
Fluvial;Amapá;Reino Unido;Junho;2026;1
Aérea;São Paulo;República Centro Africana;Junho;2026;3
Aérea;Rio de Janeiro;República Democrática do Congo;Junho;2026;1
Aérea;São Paulo;República Democrática do Congo;Junho;2026;47
Aérea;Amazonas;República Dominicana;Junho;2026;3
Aérea;Pará;República Dominicana;Junho;2026;2
Aérea;Rio Grande do Norte;República Dominicana;Junho;2026;1
Aérea;Pernambuco;República Dominicana;Junho;2026;1
Aérea;Bahia;República Dominicana;Junho;2026;2
Aérea;Minas Gerais;República Dominicana;Junho;2026;1
Aérea;Rio de Janeiro;República Dominicana;Junho;2026;388
Aérea;São Paulo;República Dominicana;Junho;2026;1359
Aérea;Santa Catarina;República Dominicana;Junho;2026;2
Aérea;Rio Grande do Sul;República Dominicana;Junho;2026;40
Aérea;Distrito Federal;República Dominicana;Junho;2026;31
Terrestre;Acre;República Dominicana;Junho;2026;3
Terrestre;Acre;República Dominicana;Junho;2026;1
Terrestre;Amazonas;República Dominicana;Junho;2026;1
Terrestre;Roraima;República Dominicana;Junho;2026;1
Terrestre;Roraima;República Dominicana;Junho;2026;1
Terrestre;Amapá;República Dominicana;Junho;2026;10
Terrestre;Paraná;República Dominicana;Junho;2026;10
Terrestre;Paraná;República Dominicana;Junho;2026;13
Terrestre;Rio Grande do Sul;República Dominicana;Junho;2026;3
Terrestre;Rio Grande do Sul;República Dominicana;Junho;2026;1
Fluvial;Amapá;República Dominicana;Junho;2026;2
Aérea;Amazonas;República Tcheca;Junho;2026;3
Aérea;Pará;República Tcheca;Junho;2026;1
Aérea;Ceará;República Tcheca;Junho;2026;28
Aérea;Pernambuco;República Tcheca;Junho;2026;3
Aérea;Bahia;República Tcheca;Junho;2026;12
Aérea;Minas Gerais;República Tcheca;Junho;2026;1
Aérea;Rio de Janeiro;República Tcheca;Junho;2026;139
Aérea;São Paulo;República Tcheca;Junho;2026;2
Aérea;São Paulo;República Tcheca;Junho;2026;194
Aérea;Distrito Federal;República Tcheca;Junho;2026;2
Terrestre;Acre;República Tcheca;Junho;2026;2
Terrestre;Paraná;República Tcheca;Junho;2026;6
Terrestre;Paraná;República Tcheca;Junho;2026;9
Terrestre;Rio Grande do Sul;República Tcheca;Junho;2026;1
Terrestre;Mato Grosso do Sul;República Tcheca;Junho;2026;1
Aérea;Amazonas;República da Coreia;Junho;2026;25
Aérea;Pará;República da Coreia;Junho;2026;1
Aérea;Bahia;República da Coreia;Junho;2026;2
Aérea;Minas Gerais;República da Coreia;Junho;2026;3
Aérea;Rio de Janeiro;República da Coreia;Junho;2026;131
Aérea;São Paulo;República da Coreia;Junho;2026;3
Aérea;São Paulo;República da Coreia;Junho;2026;1436
Aérea;Paraná;República da Coreia;Junho;2026;5
Aérea;Paraná;República da Coreia;Junho;2026;4
Aérea;Santa Catarina;República da Coreia;Junho;2026;1
Aérea;Distrito Federal;República da Coreia;Junho;2026;14
Terrestre;Roraima;República da Coreia;Junho;2026;1
Terrestre;Paraná;República da Coreia;Junho;2026;47
Terrestre;Paraná;República da Coreia;Junho;2026;93
Terrestre;Rio Grande do Sul;República da Coreia;Junho;2026;1
Terrestre;Mato Grosso do Sul;República da Coreia;Junho;2026;3
Marítima;Rio de Janeiro;República da Coreia;Junho;2026;16
Aérea;Rio de Janeiro;República do Kosovo;Junho;2026;2
Aérea;São Paulo;República do Kosovo;Junho;2026;2
Aérea;Amazonas;Romênia;Junho;2026;1
Aérea;Pará;Romênia;Junho;2026;3
Aérea;Ceará;Romênia;Junho;2026;10
Aérea;Rio Grande do Norte;Romênia;Junho;2026;1
Aérea;Pernambuco;Romênia;Junho;2026;12
Aérea;Bahia;Romênia;Junho;2026;8
Aérea;Minas Gerais;Romênia;Junho;2026;1
Aérea;Rio de Janeiro;Romênia;Junho;2026;162
Aérea;São Paulo;Romênia;Junho;2026;1
Aérea;São Paulo;Romênia;Junho;2026;189
Aérea;Rio Grande do Sul;Romênia;Junho;2026;1
Aérea;Distrito Federal;Romênia;Junho;2026;7
Terrestre;Paraná;Romênia;Junho;2026;5
Terrestre;Paraná;Romênia;Junho;2026;30
Terrestre;Rio Grande do Sul;Romênia;Junho;2026;1
Marítima;Rio de Janeiro;Romênia;Junho;2026;2
Aérea;Minas Gerais;Ruanda;Junho;2026;1
Aérea;Rio de Janeiro;Ruanda;Junho;2026;2
Aérea;São Paulo;Ruanda;Junho;2026;10
Aérea;Distrito Federal;Ruanda;Junho;2026;1
Aérea;Acre;Rússia;Junho;2026;4
Aérea;Amazonas;Rússia;Junho;2026;6
Aérea;Ceará;Rússia;Junho;2026;7
Aérea;Rio Grande do Norte;Rússia;Junho;2026;3
Aérea;Paraíba;Rússia;Junho;2026;3
Aérea;Pernambuco;Rússia;Junho;2026;24
Aérea;Bahia;Rússia;Junho;2026;9
Aérea;Minas Gerais;Rússia;Junho;2026;1
Aérea;Rio de Janeiro;Rússia;Junho;2026;288
Aérea;São Paulo;Rússia;Junho;2026;8
Aérea;São Paulo;Rússia;Junho;2026;1416
Aérea;Paraná;Rússia;Junho;2026;7
Aérea;Paraná;Rússia;Junho;2026;6
Aérea;Santa Catarina;Rússia;Junho;2026;25
Aérea;Rio Grande do Sul;Rússia;Junho;2026;2
Aérea;Distrito Federal;Rússia;Junho;2026;9
Terrestre;Acre;Rússia;Junho;2026;1
Terrestre;Amazonas;Rússia;Junho;2026;2
Terrestre;Roraima;Rússia;Junho;2026;1
Terrestre;Roraima;Rússia;Junho;2026;1
Terrestre;Paraná;Rússia;Junho;2026;43
Terrestre;Paraná;Rússia;Junho;2026;108
Terrestre;Rio Grande do Sul;Rússia;Junho;2026;2
Terrestre;Rio Grande do Sul;Rússia;Junho;2026;13
Terrestre;Rio Grande do Sul;Rússia;Junho;2026;7
Terrestre;Mato Grosso do Sul;Rússia;Junho;2026;5
Terrestre;Mato Grosso do Sul;Rússia;Junho;2026;1
Marítima;Rio de Janeiro;Rússia;Junho;2026;2
Marítima;Rio de Janeiro;Rússia;Junho;2026;1
Aérea;São Paulo;Santa Lúcia;Junho;2026;7
Terrestre;Roraima;Santa Lúcia;Junho;2026;1
Aérea;Rio de Janeiro;Seichelles;Junho;2026;1
Aérea;São Paulo;Seichelles;Junho;2026;3
Aérea;Rio de Janeiro;Senegal;Junho;2026;5
Aérea;São Paulo;Senegal;Junho;2026;10
Aérea;Rio de Janeiro;Serra Leoa;Junho;2026;1
Aérea;São Paulo;Serra Leoa;Junho;2026;4
Aérea;São Paulo;Somália;Junho;2026;5
Aérea;Pernambuco;Sri Lanka;Junho;2026;1
Aérea;Rio de Janeiro;Sri Lanka;Junho;2026;14
Aérea;São Paulo;Sri Lanka;Junho;2026;21
Aérea;Rio de Janeiro;Suazilândia;Junho;2026;1
Aérea;São Paulo;Suazilândia;Junho;2026;1
Aérea;Rio de Janeiro;Sudão;Junho;2026;5
Aérea;São Paulo;Sudão;Junho;2026;17
Aérea;Pará;Suriname;Junho;2026;336
Aérea;Ceará;Suriname;Junho;2026;2
Aérea;Rio de Janeiro;Suriname;Junho;2026;17
Aérea;São Paulo;Suriname;Junho;2026;29
Aérea;Rio Grande do Sul;Suriname;Junho;2026;1
Aérea;Distrito Federal;Suriname;Junho;2026;3
Terrestre;Roraima;Suriname;Junho;2026;6
Terrestre;Amapá;Suriname;Junho;2026;24
Aérea;Amazonas;Suécia;Junho;2026;4
Aérea;Pará;Suécia;Junho;2026;10
Aérea;Ceará;Suécia;Junho;2026;98
Aérea;Rio Grande do Norte;Suécia;Junho;2026;14
Aérea;Pernambuco;Suécia;Junho;2026;15
Aérea;Bahia;Suécia;Junho;2026;48
Aérea;Minas Gerais;Suécia;Junho;2026;9
Aérea;Rio de Janeiro;Suécia;Junho;2026;415
Aérea;São Paulo;Suécia;Junho;2026;3
Aérea;São Paulo;Suécia;Junho;2026;488
Aérea;Paraná;Suécia;Junho;2026;1
Aérea;Paraná;Suécia;Junho;2026;4
Aérea;Santa Catarina;Suécia;Junho;2026;4
Aérea;Rio Grande do Sul;Suécia;Junho;2026;1
Aérea;Distrito Federal;Suécia;Junho;2026;25
Terrestre;Paraná;Suécia;Junho;2026;8
Terrestre;Paraná;Suécia;Junho;2026;23
Terrestre;Rio Grande do Sul;Suécia;Junho;2026;1
Terrestre;Rio Grande do Sul;Suécia;Junho;2026;3
Marítima;Ceará;Suécia;Junho;2026;1
Aérea;Amazonas;Suíça;Junho;2026;30
Aérea;Pará;Suíça;Junho;2026;13
Aérea;Ceará;Suíça;Junho;2026;186
Aérea;Rio Grande do Norte;Suíça;Junho;2026;34
Aérea;Pernambuco;Suíça;Junho;2026;372
Aérea;Alagoas;Suíça;Junho;2026;4
Aérea;Bahia;Suíça;Junho;2026;2
Aérea;Bahia;Suíça;Junho;2026;141
Aérea;Minas Gerais;Suíça;Junho;2026;23
Aérea;Rio de Janeiro;Suíça;Junho;2026;775
Aérea;São Paulo;Suíça;Junho;2026;4
Aérea;São Paulo;Suíça;Junho;2026;1264
Aérea;Paraná;Suíça;Junho;2026;1
Aérea;Santa Catarina;Suíça;Junho;2026;7
Aérea;Rio Grande do Sul;Suíça;Junho;2026;2
Aérea;Distrito Federal;Suíça;Junho;2026;29
Terrestre;Rondônia;Suíça;Junho;2026;1
Terrestre;Acre;Suíça;Junho;2026;1
Terrestre;Acre;Suíça;Junho;2026;5
Terrestre;Amazonas;Suíça;Junho;2026;9
Terrestre;Roraima;Suíça;Junho;2026;2
Terrestre;Paraná;Suíça;Junho;2026;23
Terrestre;Paraná;Suíça;Junho;2026;112
Terrestre;Paraná;Suíça;Junho;2026;2
Terrestre;Rio Grande do Sul;Suíça;Junho;2026;1
Terrestre;Mato Grosso do Sul;Suíça;Junho;2026;1
Terrestre;Mato Grosso do Sul;Suíça;Junho;2026;5
Marítima;Pernambuco;Suíça;Junho;2026;1
Aérea;Rio de Janeiro;São Cristóvão e Nevis;Junho;2026;4
Aérea;São Paulo;São Cristóvão e Nevis;Junho;2026;14
Aérea;Distrito Federal;São Cristóvão e Nevis;Junho;2026;1
Terrestre;Paraná;São Cristóvão e Nevis;Junho;2026;1
Aérea;Bahia;São Tome e Príncipe;Junho;2026;1
Aérea;São Paulo;São Tome e Príncipe;Junho;2026;3
Aérea;Distrito Federal;São Tome e Príncipe;Junho;2026;6
Aérea;Ceará;Sérvia;Junho;2026;3
Aérea;Pernambuco;Sérvia;Junho;2026;3
Aérea;Bahia;Sérvia;Junho;2026;1
Aérea;Rio de Janeiro;Sérvia;Junho;2026;124
Aérea;São Paulo;Sérvia;Junho;2026;160
Aérea;Distrito Federal;Sérvia;Junho;2026;13
Terrestre;Paraná;Sérvia;Junho;2026;1
Terrestre;Paraná;Sérvia;Junho;2026;7
Terrestre;Mato Grosso do Sul;Sérvia;Junho;2026;1
Aérea;Rio de Janeiro;Síria;Junho;2026;2
Aérea;São Paulo;Síria;Junho;2026;46
Aérea;São Paulo;Tadjiquistão;Junho;2026;3
Aérea;Amazonas;Tailândia;Junho;2026;2
Aérea;Rio de Janeiro;Tailândia;Junho;2026;66
Aérea;São Paulo;Tailândia;Junho;2026;414
Aérea;Santa Catarina;Tailândia;Junho;2026;1
Terrestre;Paraná;Tailândia;Junho;2026;7
Aérea;Amazonas;Taiwan;Junho;2026;4
Aérea;Pará;Taiwan;Junho;2026;1
Aérea;Bahia;Taiwan;Junho;2026;1
Aérea;Minas Gerais;Taiwan;Junho;2026;1
Aérea;Rio de Janeiro;Taiwan;Junho;2026;64
Aérea;São Paulo;Taiwan;Junho;2026;264
Aérea;Paraná;Taiwan;Junho;2026;4
Aérea;Paraná;Taiwan;Junho;2026;1
Aérea;Rio Grande do Sul;Taiwan;Junho;2026;1
Terrestre;Paraná;Taiwan;Junho;2026;14
Terrestre;Paraná;Taiwan;Junho;2026;1
Terrestre;Mato Grosso do Sul;Taiwan;Junho;2026;1
Terrestre;Mato Grosso do Sul;Taiwan;Junho;2026;2
Aérea;Pará;Tanzânia;Junho;2026;1
Aérea;Rio de Janeiro;Tanzânia;Junho;2026;2
Aérea;São Paulo;Tanzânia;Junho;2026;26
Aérea;Rio de Janeiro;Timor Leste;Junho;2026;2
Aérea;São Paulo;Timor Leste;Junho;2026;1
Aérea;Rio de Janeiro;Togo;Junho;2026;1
Aérea;São Paulo;Togo;Junho;2026;7
Aérea;Amazonas;Trinidad e Tobago;Junho;2026;2
Aérea;Pará;Trinidad e Tobago;Junho;2026;25
Aérea;Bahia;Trinidad e Tobago;Junho;2026;1
Aérea;Minas Gerais;Trinidad e Tobago;Junho;2026;1
Aérea;Rio de Janeiro;Trinidad e Tobago;Junho;2026;71
Aérea;São Paulo;Trinidad e Tobago;Junho;2026;49
Aérea;Rio Grande do Sul;Trinidad e Tobago;Junho;2026;1
Aérea;Distrito Federal;Trinidad e Tobago;Junho;2026;3
Terrestre;Roraima;Trinidad e Tobago;Junho;2026;5
Aérea;Pará;Tunísia;Junho;2026;1
Aérea;Ceará;Tunísia;Junho;2026;5
Aérea;Rio de Janeiro;Tunísia;Junho;2026;23
Aérea;São Paulo;Tunísia;Junho;2026;176
Aérea;São Paulo;Turcomenistão;Junho;2026;3
Aérea;Amazonas;Turquia;Junho;2026;1
Aérea;Pará;Turquia;Junho;2026;2
Aérea;Pernambuco;Turquia;Junho;2026;1
Aérea;Bahia;Turquia;Junho;2026;1
Aérea;Rio de Janeiro;Turquia;Junho;2026;71
Aérea;São Paulo;Turquia;Junho;2026;1
Aérea;São Paulo;Turquia;Junho;2026;1104
Aérea;Santa Catarina;Turquia;Junho;2026;3
Aérea;Rio Grande do Sul;Turquia;Junho;2026;3
Aérea;Distrito Federal;Turquia;Junho;2026;1
Terrestre;Roraima;Turquia;Junho;2026;1
Terrestre;Paraná;Turquia;Junho;2026;9
Terrestre;Paraná;Turquia;Junho;2026;33
Aérea;Amazonas;Ucrânia;Junho;2026;2
Aérea;Pará;Ucrânia;Junho;2026;1
Aérea;Ceará;Ucrânia;Junho;2026;3
Aérea;Rio Grande do Norte;Ucrânia;Junho;2026;1
Aérea;Pernambuco;Ucrânia;Junho;2026;7
Aérea;Bahia;Ucrânia;Junho;2026;5
Aérea;Rio de Janeiro;Ucrânia;Junho;2026;152
Aérea;São Paulo;Ucrânia;Junho;2026;17
Aérea;São Paulo;Ucrânia;Junho;2026;216
Aérea;Santa Catarina;Ucrânia;Junho;2026;11
Aérea;Rio Grande do Sul;Ucrânia;Junho;2026;2
Aérea;Distrito Federal;Ucrânia;Junho;2026;2
Terrestre;Rondônia;Ucrânia;Junho;2026;2
Terrestre;Acre;Ucrânia;Junho;2026;1
Terrestre;Amazonas;Ucrânia;Junho;2026;3
Terrestre;Paraná;Ucrânia;Junho;2026;2
Terrestre;Paraná;Ucrânia;Junho;2026;8
Terrestre;Rio Grande do Sul;Ucrânia;Junho;2026;1
Marítima;Rio de Janeiro;Ucrânia;Junho;2026;4
Aérea;Rio de Janeiro;Uganda;Junho;2026;2
Aérea;São Paulo;Uganda;Junho;2026;12
Aérea;Distrito Federal;Uganda;Junho;2026;1
Aérea;Pará;Uruguai;Junho;2026;1
Aérea;Ceará;Uruguai;Junho;2026;475
Aérea;Rio Grande do Norte;Uruguai;Junho;2026;221
Aérea;Pernambuco;Uruguai;Junho;2026;988
Aérea;Bahia;Uruguai;Junho;2026;2
Aérea;Bahia;Uruguai;Junho;2026;1120
Aérea;Minas Gerais;Uruguai;Junho;2026;153
Aérea;Rio de Janeiro;Uruguai;Junho;2026;6986
Aérea;São Paulo;Uruguai;Junho;2026;3
Aérea;São Paulo;Uruguai;Junho;2026;5409
Aérea;Paraná;Uruguai;Junho;2026;1
Aérea;Paraná;Uruguai;Junho;2026;3
Aérea;Santa Catarina;Uruguai;Junho;2026;21
Aérea;Rio Grande do Sul;Uruguai;Junho;2026;40
Aérea;Distrito Federal;Uruguai;Junho;2026;28
Terrestre;Acre;Uruguai;Junho;2026;2
Terrestre;Roraima;Uruguai;Junho;2026;4
Terrestre;Paraná;Uruguai;Junho;2026;1
Terrestre;Paraná;Uruguai;Junho;2026;54
Terrestre;Paraná;Uruguai;Junho;2026;1026
Terrestre;Paraná;Uruguai;Junho;2026;2
Terrestre;Santa Catarina;Uruguai;Junho;2026;1
Terrestre;Rio Grande do Sul;Uruguai;Junho;2026;1206
Terrestre;Rio Grande do Sul;Uruguai;Junho;2026;4
Terrestre;Rio Grande do Sul;Uruguai;Junho;2026;5063
Terrestre;Rio Grande do Sul;Uruguai;Junho;2026;5651
Terrestre;Rio Grande do Sul;Uruguai;Junho;2026;623
Terrestre;Rio Grande do Sul;Uruguai;Junho;2026;4882
Terrestre;Rio Grande do Sul;Uruguai;Junho;2026;14
Terrestre;Rio Grande do Sul;Uruguai;Junho;2026;155
Terrestre;Mato Grosso do Sul;Uruguai;Junho;2026;2
Terrestre;Mato Grosso do Sul;Uruguai;Junho;2026;3
Marítima;Rio de Janeiro;Uruguai;Junho;2026;3
Fluvial;Amapá;Uruguai;Junho;2026;1
Fluvial;Rio Grande do Sul;Uruguai;Junho;2026;31
Fluvial;Rio Grande do Sul;Uruguai;Junho;2026;6
Aérea;São Paulo;Uzbequistão;Junho;2026;51
Aérea;Santa Catarina;Uzbequistão;Junho;2026;1
Aérea;Distrito Federal;Uzbequistão;Junho;2026;1
Terrestre;Rio Grande do Sul;Uzbequistão;Junho;2026;1
Terrestre;Mato Grosso do Sul;Uzbequistão;Junho;2026;1
Aérea;Bahia;Vanuatu;Junho;2026;1
Aérea;São Paulo;Vanuatu;Junho;2026;1
Terrestre;Roraima;Vaticano;Junho;2026;1
Aérea;Amazonas;Venezuela;Junho;2026;32
Aérea;Roraima;Venezuela;Junho;2026;77
Aérea;Pará;Venezuela;Junho;2026;2
Aérea;Ceará;Venezuela;Junho;2026;14
Aérea;Rio Grande do Norte;Venezuela;Junho;2026;3
Aérea;Pernambuco;Venezuela;Junho;2026;19
Aérea;Alagoas;Venezuela;Junho;2026;1
Aérea;Bahia;Venezuela;Junho;2026;1
Aérea;Bahia;Venezuela;Junho;2026;27
Aérea;Minas Gerais;Venezuela;Junho;2026;15
Aérea;Rio de Janeiro;Venezuela;Junho;2026;1646
Aérea;São Paulo;Venezuela;Junho;2026;2
Aérea;São Paulo;Venezuela;Junho;2026;1796
Aérea;Paraná;Venezuela;Junho;2026;45
Aérea;Paraná;Venezuela;Junho;2026;22
Aérea;Santa Catarina;Venezuela;Junho;2026;260
Aérea;Rio Grande do Sul;Venezuela;Junho;2026;34
Aérea;Distrito Federal;Venezuela;Junho;2026;109
Terrestre;Rondônia;Venezuela;Junho;2026;2
Terrestre;Acre;Venezuela;Junho;2026;17
Terrestre;Acre;Venezuela;Junho;2026;6
Terrestre;Amazonas;Venezuela;Junho;2026;12
Terrestre;Roraima;Venezuela;Junho;2026;61
Terrestre;Roraima;Venezuela;Junho;2026;5307
Terrestre;Paraná;Venezuela;Junho;2026;22
Terrestre;Paraná;Venezuela;Junho;2026;143
Terrestre;Paraná;Venezuela;Junho;2026;1
Terrestre;Santa Catarina;Venezuela;Junho;2026;2
Terrestre;Rio Grande do Sul;Venezuela;Junho;2026;4
Terrestre;Rio Grande do Sul;Venezuela;Junho;2026;33
Terrestre;Rio Grande do Sul;Venezuela;Junho;2026;25
Terrestre;Rio Grande do Sul;Venezuela;Junho;2026;3
Terrestre;Rio Grande do Sul;Venezuela;Junho;2026;11
Terrestre;Rio Grande do Sul;Venezuela;Junho;2026;28
Terrestre;Mato Grosso do Sul;Venezuela;Junho;2026;71
Terrestre;Mato Grosso do Sul;Venezuela;Junho;2026;6
Marítima;Bahia;Venezuela;Junho;2026;1
Fluvial;Rio Grande do Sul;Venezuela;Junho;2026;1
Aérea;Amazonas;Vietnã;Junho;2026;1
Aérea;Ceará;Vietnã;Junho;2026;2
Aérea;Rio de Janeiro;Vietnã;Junho;2026;14
Aérea;São Paulo;Vietnã;Junho;2026;31
Aérea;Ceará;Zimbábue;Junho;2026;1
Aérea;Rio de Janeiro;Zimbábue;Junho;2026;1
Aérea;São Paulo;Zimbábue;Junho;2026;27
Aérea;Rio de Janeiro;Zâmbia;Junho;2026;4
Aérea;São Paulo;Zâmbia;Junho;2026;1
Aérea;São Paulo;Zâmbia;Junho;2026;18
Aérea;Ceará;África do Sul;Junho;2026;1
Aérea;Rio Grande do Norte;África do Sul;Junho;2026;1
Aérea;Pernambuco;África do Sul;Junho;2026;1
Aérea;Bahia;África do Sul;Junho;2026;1
Aérea;Minas Gerais;África do Sul;Junho;2026;3
Aérea;Rio de Janeiro;África do Sul;Junho;2026;100
Aérea;São Paulo;África do Sul;Junho;2026;1
Aérea;São Paulo;África do Sul;Junho;2026;1274
Aérea;Rio Grande do Sul;África do Sul;Junho;2026;2
Aérea;Distrito Federal;África do Sul;Junho;2026;1
Terrestre;Paraná;África do Sul;Junho;2026;4
Terrestre;Paraná;África do Sul;Junho;2026;10
Terrestre;Rio Grande do Sul;África do Sul;Junho;2026;1
Marítima;Pernambuco;África do Sul;Junho;2026;5
Marítima;Rio de Janeiro;África do Sul;Junho;2026;4
Aérea;Amazonas;Áustria;Junho;2026;6
Aérea;Pará;Áustria;Junho;2026;1
Aérea;Ceará;Áustria;Junho;2026;18
Aérea;Rio Grande do Norte;Áustria;Junho;2026;4
Aérea;Pernambuco;Áustria;Junho;2026;12
Aérea;Bahia;Áustria;Junho;2026;1
Aérea;Bahia;Áustria;Junho;2026;12
Aérea;Minas Gerais;Áustria;Junho;2026;4
Aérea;Rio de Janeiro;Áustria;Junho;2026;251
Aérea;São Paulo;Áustria;Junho;2026;3
Aérea;São Paulo;Áustria;Junho;2026;669
Aérea;Paraná;Áustria;Junho;2026;1
Aérea;Paraná;Áustria;Junho;2026;1
Aérea;Rio Grande do Sul;Áustria;Junho;2026;1
Aérea;Distrito Federal;Áustria;Junho;2026;2
Terrestre;Acre;Áustria;Junho;2026;1
Terrestre;Amazonas;Áustria;Junho;2026;2
Terrestre;Paraná;Áustria;Junho;2026;5
Terrestre;Paraná;Áustria;Junho;2026;50
Marítima;Pernambuco;Áustria;Junho;2026;1
Aérea;Amazonas;Índia;Junho;2026;3
Aérea;Ceará;Índia;Junho;2026;3
Aérea;Rio Grande do Norte;Índia;Junho;2026;2
Aérea;Pernambuco;Índia;Junho;2026;2
Aérea;Bahia;Índia;Junho;2026;1
Aérea;Minas Gerais;Índia;Junho;2026;2
Aérea;Rio de Janeiro;Índia;Junho;2026;326
Aérea;São Paulo;Índia;Junho;2026;4
Aérea;São Paulo;Índia;Junho;2026;1021
Aérea;Paraná;Índia;Junho;2026;3
Aérea;Santa Catarina;Índia;Junho;2026;1
Aérea;Rio Grande do Sul;Índia;Junho;2026;1
Aérea;Distrito Federal;Índia;Junho;2026;25
Terrestre;Acre;Índia;Junho;2026;1
Terrestre;Paraná;Índia;Junho;2026;2
Terrestre;Paraná;Índia;Junho;2026;30
Terrestre;Rio Grande do Sul;Índia;Junho;2026;3
Terrestre;Rio Grande do Sul;Índia;Junho;2026;1
Aérea;São Paulo;Afeganistão;Julho;2026;2
Aérea;Ceará;Albânia;Julho;2026;4
Aérea;Bahia;Albânia;Julho;2026;1
Aérea;Rio de Janeiro;Albânia;Julho;2026;18
Aérea;São Paulo;Albânia;Julho;2026;29
Terrestre;Paraná;Albânia;Julho;2026;2
Fluvial;Rio Grande do Sul;Albânia;Julho;2026;1
Aérea;Amazonas;Alemanha;Julho;2026;55
Aérea;Pará;Alemanha;Julho;2026;106
Aérea;Ceará;Alemanha;Julho;2026;598
Aérea;Rio Grande do Norte;Alemanha;Julho;2026;82
Aérea;Pernambuco;Alemanha;Julho;2026;722
Aérea;Alagoas;Alemanha;Julho;2026;8
Aérea;Bahia;Alemanha;Julho;2026;2
Aérea;Bahia;Alemanha;Julho;2026;553
Aérea;Minas Gerais;Alemanha;Julho;2026;92
Aérea;Rio de Janeiro;Alemanha;Julho;2026;4205
Aérea;São Paulo;Alemanha;Julho;2026;77
Aérea;São Paulo;Alemanha;Julho;2026;7262
Aérea;Paraná;Alemanha;Julho;2026;13
Aérea;Paraná;Alemanha;Julho;2026;19
Aérea;Santa Catarina;Alemanha;Julho;2026;64
Aérea;Rio Grande do Sul;Alemanha;Julho;2026;42
Aérea;Distrito Federal;Alemanha;Julho;2026;164
Terrestre;Rondônia;Alemanha;Julho;2026;26
Terrestre;Acre;Alemanha;Julho;2026;17
Terrestre;Acre;Alemanha;Julho;2026;10
Terrestre;Amazonas;Alemanha;Julho;2026;19
Terrestre;Roraima;Alemanha;Julho;2026;2
Terrestre;Roraima;Alemanha;Julho;2026;1
Terrestre;Amapá;Alemanha;Julho;2026;7
Terrestre;Paraná;Alemanha;Julho;2026;2
Terrestre;Paraná;Alemanha;Julho;2026;243
Terrestre;Paraná;Alemanha;Julho;2026;607
Terrestre;Paraná;Alemanha;Julho;2026;1
Terrestre;Paraná;Alemanha;Julho;2026;1
Terrestre;Rio Grande do Sul;Alemanha;Julho;2026;3
Terrestre;Rio Grande do Sul;Alemanha;Julho;2026;15
Terrestre;Rio Grande do Sul;Alemanha;Julho;2026;5
Terrestre;Rio Grande do Sul;Alemanha;Julho;2026;6
Terrestre;Rio Grande do Sul;Alemanha;Julho;2026;5
Terrestre;Rio Grande do Sul;Alemanha;Julho;2026;5
Terrestre;Mato Grosso do Sul;Alemanha;Julho;2026;13
Terrestre;Mato Grosso do Sul;Alemanha;Julho;2026;16
Terrestre;Mato Grosso;Alemanha;Julho;2026;3
Fluvial;Amapá;Alemanha;Julho;2026;2
Fluvial;Rio Grande do Sul;Alemanha;Julho;2026;1
Aérea;Rio de Janeiro;Andorra;Julho;2026;5
Aérea;São Paulo;Andorra;Julho;2026;9
Fluvial;Amapá;Andorra;Julho;2026;1
Aérea;Ceará;Angola;Julho;2026;2
Aérea;Rio de Janeiro;Angola;Julho;2026;23
Aérea;São Paulo;Angola;Julho;2026;3
Aérea;São Paulo;Angola;Julho;2026;552
Aérea;Distrito Federal;Angola;Julho;2026;2
Aérea;Pará;Antígua e Barbuda;Julho;2026;1
Aérea;Rio de Janeiro;Antígua e Barbuda;Julho;2026;7
Aérea;São Paulo;Antígua e Barbuda;Julho;2026;11
Terrestre;Amazonas;Antígua e Barbuda;Julho;2026;1
Aérea;Amazonas;Argentina;Julho;2026;156
Aérea;Roraima;Argentina;Julho;2026;1
Aérea;Pará;Argentina;Julho;2026;17
Aérea;Ceará;Argentina;Julho;2026;1092
Aérea;Rio Grande do Norte;Argentina;Julho;2026;3714
Aérea;Paraíba;Argentina;Julho;2026;20
Aérea;Pernambuco;Argentina;Julho;2026;5522
Aérea;Alagoas;Argentina;Julho;2026;525
Aérea;Bahia;Argentina;Julho;2026;1953
Aérea;Bahia;Argentina;Julho;2026;3949
Aérea;Minas Gerais;Argentina;Julho;2026;224
Aérea;Rio de Janeiro;Argentina;Julho;2026;56075
Aérea;São Paulo;Argentina;Julho;2026;106
Aérea;São Paulo;Argentina;Julho;2026;32110
Aérea;São Paulo;Argentina;Julho;2026;4
Aérea;Paraná;Argentina;Julho;2026;58
Aérea;Paraná;Argentina;Julho;2026;302
Aérea;Santa Catarina;Argentina;Julho;2026;1966
Aérea;Rio Grande do Sul;Argentina;Julho;2026;1
Aérea;Rio Grande do Sul;Argentina;Julho;2026;718
Aérea;Mato Grosso;Argentina;Julho;2026;8
Aérea;Distrito Federal;Argentina;Julho;2026;2460
Terrestre;Rondônia;Argentina;Julho;2026;2
Terrestre;Acre;Argentina;Julho;2026;18
Terrestre;Acre;Argentina;Julho;2026;1
Terrestre;Amazonas;Argentina;Julho;2026;8
Terrestre;Roraima;Argentina;Julho;2026;2
Terrestre;Roraima;Argentina;Julho;2026;9
Terrestre;Paraná;Argentina;Julho;2026;223
Terrestre;Paraná;Argentina;Julho;2026;694
Terrestre;Paraná;Argentina;Julho;2026;23951
Terrestre;Paraná;Argentina;Julho;2026;59
Terrestre;Paraná;Argentina;Julho;2026;35
Terrestre;Paraná;Argentina;Julho;2026;124
Terrestre;Santa Catarina;Argentina;Julho;2026;3517
Terrestre;Rio Grande do Sul;Argentina;Julho;2026;29
Terrestre;Rio Grande do Sul;Argentina;Julho;2026;116
Terrestre;Rio Grande do Sul;Argentina;Julho;2026;95
Terrestre;Rio Grande do Sul;Argentina;Julho;2026;107
Terrestre;Rio Grande do Sul;Argentina;Julho;2026;1513
Terrestre;Rio Grande do Sul;Argentina;Julho;2026;32
Terrestre;Rio Grande do Sul;Argentina;Julho;2026;4970
Terrestre;Rio Grande do Sul;Argentina;Julho;2026;8940
Terrestre;Mato Grosso do Sul;Argentina;Julho;2026;33
Terrestre;Mato Grosso do Sul;Argentina;Julho;2026;73
Marítima;Rio de Janeiro;Argentina;Julho;2026;2
Marítima;Rio de Janeiro;Argentina;Julho;2026;5
Marítima;São Paulo;Argentina;Julho;2026;10
Marítima;Santa Catarina;Argentina;Julho;2026;4
Fluvial;Amapá;Argentina;Julho;2026;2
Fluvial;Rio Grande do Sul;Argentina;Julho;2026;3354
Fluvial;Rio Grande do Sul;Argentina;Julho;2026;3562
Aérea;Rio de Janeiro;Argélia;Julho;2026;22
Aérea;São Paulo;Argélia;Julho;2026;21
Terrestre;Santa Catarina;Argélia;Julho;2026;1
Terrestre;Rio Grande do Sul;Argélia;Julho;2026;1
Aérea;Rio de Janeiro;Armênia;Julho;2026;12
Aérea;São Paulo;Armênia;Julho;2026;24
Aérea;Distrito Federal;Armênia;Julho;2026;1
Terrestre;Paraná;Armênia;Julho;2026;2
Aérea;Amazonas;Arábia Saudita;Julho;2026;2
Aérea;Rio de Janeiro;Arábia Saudita;Julho;2026;18
Aérea;São Paulo;Arábia Saudita;Julho;2026;244
Aérea;Santa Catarina;Arábia Saudita;Julho;2026;1
Aérea;Distrito Federal;Arábia Saudita;Julho;2026;4
Terrestre;Paraná;Arábia Saudita;Julho;2026;5
Terrestre;Rio Grande do Sul;Arábia Saudita;Julho;2026;1
Aérea;Amazonas;Austrália;Julho;2026;8
Aérea;Pará;Austrália;Julho;2026;5
Aérea;Rio Grande do Norte;Austrália;Julho;2026;3
Aérea;Pernambuco;Austrália;Julho;2026;2
Aérea;Bahia;Austrália;Julho;2026;6
Aérea;Minas Gerais;Austrália;Julho;2026;19
Aérea;Rio de Janeiro;Austrália;Julho;2026;1238
Aérea;São Paulo;Austrália;Julho;2026;1
Aérea;São Paulo;Austrália;Julho;2026;1941
Aérea;Paraná;Austrália;Julho;2026;10
Aérea;Paraná;Austrália;Julho;2026;17
Aérea;Santa Catarina;Austrália;Julho;2026;36
Aérea;Rio Grande do Sul;Austrália;Julho;2026;77
Aérea;Distrito Federal;Austrália;Julho;2026;24
Terrestre;Amazonas;Austrália;Julho;2026;5
Terrestre;Roraima;Austrália;Julho;2026;1
Terrestre;Paraná;Austrália;Julho;2026;22
Terrestre;Paraná;Austrália;Julho;2026;442
Terrestre;Mato Grosso do Sul;Austrália;Julho;2026;1
Aérea;Rio de Janeiro;Azerbaijão;Julho;2026;4
Aérea;São Paulo;Azerbaijão;Julho;2026;3
Aérea;Rio de Janeiro;Bahamas;Julho;2026;17
Aérea;São Paulo;Bahamas;Julho;2026;18
Aérea;Rio Grande do Sul;Bahamas;Julho;2026;1
Aérea;Distrito Federal;Bahamas;Julho;2026;1
Terrestre;Rondônia;Bahamas;Julho;2026;1
Terrestre;Mato Grosso do Sul;Bahamas;Julho;2026;1
Aérea;Pará;Bangladesh;Julho;2026;1
Aérea;Rio de Janeiro;Bangladesh;Julho;2026;6
Aérea;São Paulo;Bangladesh;Julho;2026;66
Aérea;Distrito Federal;Bangladesh;Julho;2026;2
Terrestre;Paraná;Bangladesh;Julho;2026;1
Aérea;Amazonas;Barbados;Julho;2026;1
Aérea;Rio de Janeiro;Barbados;Julho;2026;10
Aérea;São Paulo;Barbados;Julho;2026;5
Terrestre;Roraima;Barbados;Julho;2026;2
Aérea;Rio de Janeiro;Barein;Julho;2026;3
Aérea;São Paulo;Barein;Julho;2026;4
Aérea;Rio de Janeiro;Belize;Julho;2026;1
Aérea;São Paulo;Belize;Julho;2026;6
Aérea;Distrito Federal;Belize;Julho;2026;4
Terrestre;Paraná;Belize;Julho;2026;1
Aérea;Rio de Janeiro;Benin;Julho;2026;3
Aérea;São Paulo;Benin;Julho;2026;43
Terrestre;Amapá;Benin;Julho;2026;4
Aérea;Rio de Janeiro;Bielorússia;Julho;2026;14
Aérea;São Paulo;Bielorússia;Julho;2026;47
Aérea;Rio Grande do Sul;Bielorússia;Julho;2026;1
Terrestre;Paraná;Bielorússia;Julho;2026;3
Terrestre;Paraná;Bielorússia;Julho;2026;7
Aérea;Amazonas;Bolívia;Julho;2026;3
Aérea;Pará;Bolívia;Julho;2026;1
Aérea;Ceará;Bolívia;Julho;2026;1
Aérea;Rio Grande do Norte;Bolívia;Julho;2026;1
Aérea;Pernambuco;Bolívia;Julho;2026;8
Aérea;Bahia;Bolívia;Julho;2026;1
Aérea;Bahia;Bolívia;Julho;2026;1
Aérea;Rio de Janeiro;Bolívia;Julho;2026;812
Aérea;São Paulo;Bolívia;Julho;2026;2
Aérea;São Paulo;Bolívia;Julho;2026;6384
Aérea;Paraná;Bolívia;Julho;2026;5
Aérea;Paraná;Bolívia;Julho;2026;1
Aérea;Santa Catarina;Bolívia;Julho;2026;23
Aérea;Rio Grande do Sul;Bolívia;Julho;2026;3
Aérea;Mato Grosso do Sul;Bolívia;Julho;2026;6
Aérea;Mato Grosso do Sul;Bolívia;Julho;2026;2
Aérea;Distrito Federal;Bolívia;Julho;2026;7
Terrestre;Rondônia;Bolívia;Julho;2026;398
Terrestre;Acre;Bolívia;Julho;2026;52
Terrestre;Acre;Bolívia;Julho;2026;509
Terrestre;Amazonas;Bolívia;Julho;2026;3
Terrestre;Roraima;Bolívia;Julho;2026;1
Terrestre;Amapá;Bolívia;Julho;2026;10
Terrestre;Paraná;Bolívia;Julho;2026;206
Terrestre;Paraná;Bolívia;Julho;2026;99
Terrestre;Paraná;Bolívia;Julho;2026;2
Terrestre;Paraná;Bolívia;Julho;2026;8
Terrestre;Paraná;Bolívia;Julho;2026;2
Terrestre;Santa Catarina;Bolívia;Julho;2026;4
Terrestre;Rio Grande do Sul;Bolívia;Julho;2026;3
Terrestre;Rio Grande do Sul;Bolívia;Julho;2026;2
Terrestre;Rio Grande do Sul;Bolívia;Julho;2026;7
Terrestre;Rio Grande do Sul;Bolívia;Julho;2026;27
Terrestre;Mato Grosso do Sul;Bolívia;Julho;2026;3952
Terrestre;Mato Grosso do Sul;Bolívia;Julho;2026;32
Terrestre;Mato Grosso;Bolívia;Julho;2026;93
Fluvial;Amapá;Bolívia;Julho;2026;4
Aérea;Bahia;Botsuana;Julho;2026;1
Aérea;Rio de Janeiro;Botsuana;Julho;2026;16
Aérea;São Paulo;Botsuana;Julho;2026;22
Aérea;São Paulo;Brunei;Julho;2026;6
Terrestre;Paraná;Brunei;Julho;2026;1
Terrestre;Paraná;Brunei;Julho;2026;1
Aérea;Amazonas;Bulgária;Julho;2026;2
Aérea;Pará;Bulgária;Julho;2026;1
Aérea;Ceará;Bulgária;Julho;2026;1
Aérea;Rio Grande do Norte;Bulgária;Julho;2026;1
Aérea;Minas Gerais;Bulgária;Julho;2026;1
Aérea;Rio de Janeiro;Bulgária;Julho;2026;36
Aérea;São Paulo;Bulgária;Julho;2026;107
Aérea;Santa Catarina;Bulgária;Julho;2026;1
Aérea;Rio Grande do Sul;Bulgária;Julho;2026;2
Aérea;Distrito Federal;Bulgária;Julho;2026;1
Terrestre;Paraná;Bulgária;Julho;2026;7
Terrestre;Rio Grande do Sul;Bulgária;Julho;2026;1
Marítima;Rio de Janeiro;Bulgária;Julho;2026;2
Aérea;Rio de Janeiro;Burkina Faso;Julho;2026;4
Aérea;São Paulo;Burkina Faso;Julho;2026;6
Aérea;São Paulo;Burundi;Julho;2026;5
Aérea;Rio de Janeiro;Butão;Julho;2026;1
Aérea;São Paulo;Butão;Julho;2026;2
Aérea;Amazonas;Bélgica;Julho;2026;36
Aérea;Pará;Bélgica;Julho;2026;17
Aérea;Ceará;Bélgica;Julho;2026;202
Aérea;Rio Grande do Norte;Bélgica;Julho;2026;37
Aérea;Pernambuco;Bélgica;Julho;2026;120
Aérea;Bahia;Bélgica;Julho;2026;204
Aérea;Minas Gerais;Bélgica;Julho;2026;79
Aérea;Rio de Janeiro;Bélgica;Julho;2026;1464
Aérea;São Paulo;Bélgica;Julho;2026;11
Aérea;São Paulo;Bélgica;Julho;2026;1739
Aérea;Paraná;Bélgica;Julho;2026;3
Aérea;Santa Catarina;Bélgica;Julho;2026;16
Aérea;Rio Grande do Sul;Bélgica;Julho;2026;10
Aérea;Distrito Federal;Bélgica;Julho;2026;54
Terrestre;Acre;Bélgica;Julho;2026;1
Terrestre;Acre;Bélgica;Julho;2026;1
Terrestre;Amazonas;Bélgica;Julho;2026;7
Terrestre;Amapá;Bélgica;Julho;2026;24
Terrestre;Paraná;Bélgica;Julho;2026;12
Terrestre;Paraná;Bélgica;Julho;2026;348
Terrestre;Rio Grande do Sul;Bélgica;Julho;2026;4
Terrestre;Rio Grande do Sul;Bélgica;Julho;2026;1
Terrestre;Mato Grosso do Sul;Bélgica;Julho;2026;1
Terrestre;Mato Grosso do Sul;Bélgica;Julho;2026;1
Marítima;Pernambuco;Bélgica;Julho;2026;1
Marítima;Rio de Janeiro;Bélgica;Julho;2026;1
Aérea;Rio de Janeiro;Bósnia-Herzegovina;Julho;2026;3
Aérea;São Paulo;Bósnia-Herzegovina;Julho;2026;5
Aérea;Ceará;Cabo Verde;Julho;2026;5
Aérea;Rio Grande do Norte;Cabo Verde;Julho;2026;1
Aérea;Pernambuco;Cabo Verde;Julho;2026;81
Aérea;Minas Gerais;Cabo Verde;Julho;2026;1
Aérea;Rio de Janeiro;Cabo Verde;Julho;2026;3
Aérea;São Paulo;Cabo Verde;Julho;2026;1
Aérea;São Paulo;Cabo Verde;Julho;2026;7
Aérea;Distrito Federal;Cabo Verde;Julho;2026;3
Aérea;Pará;Camarões;Julho;2026;1
Aérea;Pernambuco;Camarões;Julho;2026;2
Aérea;Bahia;Camarões;Julho;2026;1
Aérea;Rio de Janeiro;Camarões;Julho;2026;19
Aérea;São Paulo;Camarões;Julho;2026;73
Aérea;Distrito Federal;Camarões;Julho;2026;1
Aérea;Rio de Janeiro;Camboja;Julho;2026;9
Aérea;São Paulo;Camboja;Julho;2026;1
Aérea;Amazonas;Canadá;Julho;2026;100
Aérea;Pará;Canadá;Julho;2026;3
Aérea;Ceará;Canadá;Julho;2026;27
Aérea;Rio Grande do Norte;Canadá;Julho;2026;2
Aérea;Pernambuco;Canadá;Julho;2026;7
Aérea;Bahia;Canadá;Julho;2026;40
Aérea;Minas Gerais;Canadá;Julho;2026;17
Aérea;Rio de Janeiro;Canadá;Julho;2026;1781
Aérea;São Paulo;Canadá;Julho;2026;2
Aérea;São Paulo;Canadá;Julho;2026;3535
Aérea;Paraná;Canadá;Julho;2026;5
Aérea;Santa Catarina;Canadá;Julho;2026;16
Aérea;Rio Grande do Sul;Canadá;Julho;2026;38
Aérea;Distrito Federal;Canadá;Julho;2026;148
Terrestre;Acre;Canadá;Julho;2026;1
Terrestre;Amazonas;Canadá;Julho;2026;1
Terrestre;Roraima;Canadá;Julho;2026;3
Terrestre;Paraná;Canadá;Julho;2026;20
Terrestre;Paraná;Canadá;Julho;2026;112
Terrestre;Paraná;Canadá;Julho;2026;2
Terrestre;Santa Catarina;Canadá;Julho;2026;1
Terrestre;Rio Grande do Sul;Canadá;Julho;2026;1
Terrestre;Rio Grande do Sul;Canadá;Julho;2026;1
Terrestre;Mato Grosso do Sul;Canadá;Julho;2026;1
Marítima;Pernambuco;Canadá;Julho;2026;2
Aérea;Bahia;Casaquistão;Julho;2026;1
Aérea;Rio de Janeiro;Casaquistão;Julho;2026;25
Aérea;São Paulo;Casaquistão;Julho;2026;264
Aérea;Santa Catarina;Casaquistão;Julho;2026;1
Aérea;Rio Grande do Sul;Casaquistão;Julho;2026;1
Aérea;Distrito Federal;Casaquistão;Julho;2026;5
Terrestre;Paraná;Casaquistão;Julho;2026;4
Aérea;Rio de Janeiro;Catar;Julho;2026;2
Aérea;São Paulo;Catar;Julho;2026;168
Aérea;Rio de Janeiro;Chade;Julho;2026;1
Aérea;São Paulo;Chade;Julho;2026;1
Aérea;Roraima;Chile;Julho;2026;1
Aérea;Pará;Chile;Julho;2026;1
Aérea;Ceará;Chile;Julho;2026;129
Aérea;Rio Grande do Norte;Chile;Julho;2026;35
Aérea;Pernambuco;Chile;Julho;2026;773
Aérea;Bahia;Chile;Julho;2026;6
Aérea;Bahia;Chile;Julho;2026;191
Aérea;Minas Gerais;Chile;Julho;2026;277
Aérea;Rio de Janeiro;Chile;Julho;2026;22937
Aérea;São Paulo;Chile;Julho;2026;7
Aérea;São Paulo;Chile;Julho;2026;10569
Aérea;Paraná;Chile;Julho;2026;941
Aérea;Paraná;Chile;Julho;2026;173
Aérea;Santa Catarina;Chile;Julho;2026;7303
Aérea;Rio Grande do Sul;Chile;Julho;2026;294
Aérea;Distrito Federal;Chile;Julho;2026;410
Terrestre;Rondônia;Chile;Julho;2026;2
Terrestre;Acre;Chile;Julho;2026;13
Terrestre;Acre;Chile;Julho;2026;4
Terrestre;Amazonas;Chile;Julho;2026;4
Terrestre;Roraima;Chile;Julho;2026;2
Terrestre;Amapá;Chile;Julho;2026;2
Terrestre;Paraná;Chile;Julho;2026;114
Terrestre;Paraná;Chile;Julho;2026;215
Terrestre;Paraná;Chile;Julho;2026;1
Terrestre;Santa Catarina;Chile;Julho;2026;3
Terrestre;Rio Grande do Sul;Chile;Julho;2026;1
Terrestre;Rio Grande do Sul;Chile;Julho;2026;21
Terrestre;Rio Grande do Sul;Chile;Julho;2026;3
Terrestre;Rio Grande do Sul;Chile;Julho;2026;1
Terrestre;Rio Grande do Sul;Chile;Julho;2026;11
Terrestre;Rio Grande do Sul;Chile;Julho;2026;7
Terrestre;Rio Grande do Sul;Chile;Julho;2026;27
Terrestre;Mato Grosso do Sul;Chile;Julho;2026;22
Terrestre;Mato Grosso do Sul;Chile;Julho;2026;2
Terrestre;Mato Grosso;Chile;Julho;2026;1
Marítima;Rio de Janeiro;Chile;Julho;2026;1
Fluvial;Rio Grande do Sul;Chile;Julho;2026;1
Aérea;Amazonas;China;Julho;2026;31
Aérea;Pará;China;Julho;2026;15
Aérea;Ceará;China;Julho;2026;50
Aérea;Rio Grande do Norte;China;Julho;2026;29
Aérea;Pernambuco;China;Julho;2026;24
Aérea;Bahia;China;Julho;2026;2
Aérea;Bahia;China;Julho;2026;156
Aérea;Minas Gerais;China;Julho;2026;17
Aérea;Rio de Janeiro;China;Julho;2026;1501
Aérea;São Paulo;China;Julho;2026;9
Aérea;São Paulo;China;Julho;2026;12612
Aérea;Paraná;China;Julho;2026;27
Aérea;Paraná;China;Julho;2026;9
Aérea;Santa Catarina;China;Julho;2026;23
Aérea;Rio Grande do Sul;China;Julho;2026;20
Aérea;Distrito Federal;China;Julho;2026;52
Terrestre;Acre;China;Julho;2026;1
Terrestre;Amazonas;China;Julho;2026;6
Terrestre;Roraima;China;Julho;2026;10
Terrestre;Roraima;China;Julho;2026;6
Terrestre;Paraná;China;Julho;2026;81
Terrestre;Paraná;China;Julho;2026;275
Terrestre;Paraná;China;Julho;2026;1
Terrestre;Rio Grande do Sul;China;Julho;2026;7
Terrestre;Rio Grande do Sul;China;Julho;2026;1
Terrestre;Rio Grande do Sul;China;Julho;2026;2
Terrestre;Mato Grosso do Sul;China;Julho;2026;2
Marítima;Piauí;China;Julho;2026;11
Marítima;Ceará;China;Julho;2026;39
Marítima;Paraíba;China;Julho;2026;3
Marítima;Pernambuco;China;Julho;2026;1
Marítima;Bahia;China;Julho;2026;22
Marítima;Espírito Santo;China;Julho;2026;269
Marítima;Rio de Janeiro;China;Julho;2026;30
Marítima;Rio de Janeiro;China;Julho;2026;319
Marítima;Rio de Janeiro;China;Julho;2026;107
Marítima;São Paulo;China;Julho;2026;628
Marítima;São Paulo;China;Julho;2026;25
Marítima;Paraná;China;Julho;2026;190
Marítima;Santa Catarina;China;Julho;2026;19
Marítima;Santa Catarina;China;Julho;2026;46
Marítima;Santa Catarina;China;Julho;2026;86
Fluvial;Pará;China;Julho;2026;19
Fluvial;Amapá;China;Julho;2026;14
Fluvial;Amapá;China;Julho;2026;1
Fluvial;Rio Grande do Sul;China;Julho;2026;2
Aérea;Rio de Janeiro;China, Hong Kong;Julho;2026;33
Aérea;São Paulo;China, Hong Kong;Julho;2026;155
Terrestre;Paraná;China, Hong Kong;Julho;2026;24
Aérea;Rio de Janeiro;China, Macao;Julho;2026;1
Aérea;São Paulo;China, Macao;Julho;2026;5
Aérea;Ceará;Chipre;Julho;2026;1
Aérea;Bahia;Chipre;Julho;2026;1
Aérea;Rio de Janeiro;Chipre;Julho;2026;48
Aérea;São Paulo;Chipre;Julho;2026;27
Terrestre;Acre;Chipre;Julho;2026;2
Terrestre;Paraná;Chipre;Julho;2026;30
Aérea;Amazonas;Cingapura;Julho;2026;1
Aérea;Bahia;Cingapura;Julho;2026;2
Aérea;Minas Gerais;Cingapura;Julho;2026;1
Aérea;Rio de Janeiro;Cingapura;Julho;2026;62
Aérea;São Paulo;Cingapura;Julho;2026;268
Aérea;Paraná;Cingapura;Julho;2026;2
Aérea;Paraná;Cingapura;Julho;2026;3
Aérea;Santa Catarina;Cingapura;Julho;2026;4
Aérea;Rio Grande do Sul;Cingapura;Julho;2026;1
Aérea;Distrito Federal;Cingapura;Julho;2026;4
Terrestre;Paraná;Cingapura;Julho;2026;4
Terrestre;Paraná;Cingapura;Julho;2026;13
Aérea;Amazonas;Colômbia;Julho;2026;172
Aérea;Pará;Colômbia;Julho;2026;156
Aérea;Ceará;Colômbia;Julho;2026;16
Aérea;Rio Grande do Norte;Colômbia;Julho;2026;4
Aérea;Pernambuco;Colômbia;Julho;2026;11
Aérea;Bahia;Colômbia;Julho;2026;2
Aérea;Bahia;Colômbia;Julho;2026;112
Aérea;Minas Gerais;Colômbia;Julho;2026;193
Aérea;Rio de Janeiro;Colômbia;Julho;2026;7612
Aérea;São Paulo;Colômbia;Julho;2026;13
Aérea;São Paulo;Colômbia;Julho;2026;6050
Aérea;Paraná;Colômbia;Julho;2026;15
Aérea;Paraná;Colômbia;Julho;2026;66
Aérea;Santa Catarina;Colômbia;Julho;2026;184
Aérea;Rio Grande do Sul;Colômbia;Julho;2026;239
Aérea;Distrito Federal;Colômbia;Julho;2026;474
Terrestre;Rondônia;Colômbia;Julho;2026;3
Terrestre;Acre;Colômbia;Julho;2026;15
Terrestre;Acre;Colômbia;Julho;2026;3
Terrestre;Amazonas;Colômbia;Julho;2026;314
Terrestre;Roraima;Colômbia;Julho;2026;4
Terrestre;Roraima;Colômbia;Julho;2026;45
Terrestre;Amapá;Colômbia;Julho;2026;6
Terrestre;Paraná;Colômbia;Julho;2026;250
Terrestre;Paraná;Colômbia;Julho;2026;597
Terrestre;Santa Catarina;Colômbia;Julho;2026;7
Terrestre;Rio Grande do Sul;Colômbia;Julho;2026;22
Terrestre;Rio Grande do Sul;Colômbia;Julho;2026;8
Terrestre;Rio Grande do Sul;Colômbia;Julho;2026;1
Terrestre;Rio Grande do Sul;Colômbia;Julho;2026;12
Terrestre;Rio Grande do Sul;Colômbia;Julho;2026;3
Terrestre;Rio Grande do Sul;Colômbia;Julho;2026;12
Terrestre;Mato Grosso do Sul;Colômbia;Julho;2026;33
Terrestre;Mato Grosso do Sul;Colômbia;Julho;2026;5
Terrestre;Mato Grosso;Colômbia;Julho;2026;1
Fluvial;Amazonas;Colômbia;Julho;2026;1
Fluvial;Amazonas;Colômbia;Julho;2026;1
Fluvial;Amapá;Colômbia;Julho;2026;3
Fluvial;Rio Grande do Sul;Colômbia;Julho;2026;2
Fluvial;Rio Grande do Sul;Colômbia;Julho;2026;7
Aérea;São Paulo;Congo;Julho;2026;142
Aérea;Amazonas;Costa Rica;Julho;2026;25
Aérea;Pará;Costa Rica;Julho;2026;2
Aérea;Bahia;Costa Rica;Julho;2026;9
Aérea;Minas Gerais;Costa Rica;Julho;2026;19
Aérea;Rio de Janeiro;Costa Rica;Julho;2026;1599
Aérea;São Paulo;Costa Rica;Julho;2026;892
Aérea;Paraná;Costa Rica;Julho;2026;4
Aérea;Santa Catarina;Costa Rica;Julho;2026;11
Aérea;Rio Grande do Sul;Costa Rica;Julho;2026;25
Aérea;Distrito Federal;Costa Rica;Julho;2026;28
Terrestre;Acre;Costa Rica;Julho;2026;1
Terrestre;Paraná;Costa Rica;Julho;2026;43
Terrestre;Paraná;Costa Rica;Julho;2026;130
Terrestre;Rio Grande do Sul;Costa Rica;Julho;2026;1
Aérea;Rio de Janeiro;Costa do Marfim;Julho;2026;19
Aérea;São Paulo;Costa do Marfim;Julho;2026;27
Aérea;Pará;Croácia;Julho;2026;3
Aérea;Ceará;Croácia;Julho;2026;3
Aérea;Pernambuco;Croácia;Julho;2026;2
Aérea;Bahia;Croácia;Julho;2026;2
Aérea;Minas Gerais;Croácia;Julho;2026;1
Aérea;Rio de Janeiro;Croácia;Julho;2026;74
Aérea;São Paulo;Croácia;Julho;2026;1
Aérea;São Paulo;Croácia;Julho;2026;83
Aérea;Distrito Federal;Croácia;Julho;2026;1
Terrestre;Paraná;Croácia;Julho;2026;6
Marítima;Rio de Janeiro;Croácia;Julho;2026;1
Aérea;Amazonas;Cuba;Julho;2026;10
Aérea;Ceará;Cuba;Julho;2026;1
Aérea;Pernambuco;Cuba;Julho;2026;6
Aérea;Bahia;Cuba;Julho;2026;11
Aérea;Minas Gerais;Cuba;Julho;2026;5
Aérea;Rio de Janeiro;Cuba;Julho;2026;65
Aérea;São Paulo;Cuba;Julho;2026;202
Aérea;Paraná;Cuba;Julho;2026;1
Aérea;Santa Catarina;Cuba;Julho;2026;43
Aérea;Rio Grande do Sul;Cuba;Julho;2026;23
Aérea;Distrito Federal;Cuba;Julho;2026;16
Terrestre;Paraná;Cuba;Julho;2026;1
Terrestre;Rio Grande do Sul;Cuba;Julho;2026;11
Terrestre;Rio Grande do Sul;Cuba;Julho;2026;13
Terrestre;Rio Grande do Sul;Cuba;Julho;2026;3
Terrestre;Rio Grande do Sul;Cuba;Julho;2026;6
Aérea;Amazonas;Dinamarca;Julho;2026;21
Aérea;Pará;Dinamarca;Julho;2026;13
Aérea;Ceará;Dinamarca;Julho;2026;63
Aérea;Rio Grande do Norte;Dinamarca;Julho;2026;18
Aérea;Pernambuco;Dinamarca;Julho;2026;23
Aérea;Alagoas;Dinamarca;Julho;2026;1
Aérea;Bahia;Dinamarca;Julho;2026;97
Aérea;Minas Gerais;Dinamarca;Julho;2026;10
Aérea;Rio de Janeiro;Dinamarca;Julho;2026;653
Aérea;São Paulo;Dinamarca;Julho;2026;3
Aérea;São Paulo;Dinamarca;Julho;2026;623
Aérea;São Paulo;Dinamarca;Julho;2026;2
Aérea;Paraná;Dinamarca;Julho;2026;2
Aérea;Santa Catarina;Dinamarca;Julho;2026;9
Aérea;Rio Grande do Sul;Dinamarca;Julho;2026;9
Aérea;Distrito Federal;Dinamarca;Julho;2026;17
Terrestre;Paraná;Dinamarca;Julho;2026;10
Terrestre;Paraná;Dinamarca;Julho;2026;131
Aérea;Rio de Janeiro;Dominica;Julho;2026;5
Aérea;São Paulo;Dominica;Julho;2026;42
Terrestre;Paraná;Dominica;Julho;2026;1
Aérea;Pará;Egito;Julho;2026;4
Aérea;Rio Grande do Norte;Egito;Julho;2026;1
Aérea;Rio de Janeiro;Egito;Julho;2026;29
Aérea;São Paulo;Egito;Julho;2026;90
Terrestre;Roraima;Egito;Julho;2026;3
Terrestre;Rio Grande do Sul;Egito;Julho;2026;1
Marítima;Espírito Santo;Egito;Julho;2026;3
Aérea;Amazonas;El Salvador;Julho;2026;2
Aérea;Pará;El Salvador;Julho;2026;5
Aérea;Ceará;El Salvador;Julho;2026;2
Aérea;Bahia;El Salvador;Julho;2026;1
Aérea;Minas Gerais;El Salvador;Julho;2026;14
Aérea;Rio de Janeiro;El Salvador;Julho;2026;188
Aérea;São Paulo;El Salvador;Julho;2026;316
Aérea;Paraná;El Salvador;Julho;2026;1
Aérea;Paraná;El Salvador;Julho;2026;1
Aérea;Rio Grande do Sul;El Salvador;Julho;2026;2
Aérea;Distrito Federal;El Salvador;Julho;2026;18
Terrestre;Acre;El Salvador;Julho;2026;1
Terrestre;Roraima;El Salvador;Julho;2026;1
Terrestre;Paraná;El Salvador;Julho;2026;5
Terrestre;Rio Grande do Sul;El Salvador;Julho;2026;1
Aérea;Pernambuco;Emirados Árabes Unidos;Julho;2026;1
Aérea;Rio de Janeiro;Emirados Árabes Unidos;Julho;2026;58
Aérea;São Paulo;Emirados Árabes Unidos;Julho;2026;338
Aérea;Paraná;Emirados Árabes Unidos;Julho;2026;1
Terrestre;Paraná;Emirados Árabes Unidos;Julho;2026;4
Aérea;Amazonas;Equador;Julho;2026;21
Aérea;Pará;Equador;Julho;2026;14
Aérea;Pernambuco;Equador;Julho;2026;4
Aérea;Bahia;Equador;Julho;2026;20
Aérea;Minas Gerais;Equador;Julho;2026;63
Aérea;Rio de Janeiro;Equador;Julho;2026;1832
Aérea;São Paulo;Equador;Julho;2026;1
Aérea;São Paulo;Equador;Julho;2026;1930
Aérea;Paraná;Equador;Julho;2026;22
Aérea;Paraná;Equador;Julho;2026;40
Aérea;Santa Catarina;Equador;Julho;2026;111
Aérea;Rio Grande do Sul;Equador;Julho;2026;102
Aérea;Distrito Federal;Equador;Julho;2026;178
Terrestre;Rondônia;Equador;Julho;2026;4
Terrestre;Acre;Equador;Julho;2026;20
Terrestre;Acre;Equador;Julho;2026;2
Terrestre;Amazonas;Equador;Julho;2026;5
Terrestre;Roraima;Equador;Julho;2026;7
Terrestre;Paraná;Equador;Julho;2026;217
Terrestre;Paraná;Equador;Julho;2026;298
Terrestre;Rio Grande do Sul;Equador;Julho;2026;5
Terrestre;Rio Grande do Sul;Equador;Julho;2026;1
Terrestre;Rio Grande do Sul;Equador;Julho;2026;3
Terrestre;Rio Grande do Sul;Equador;Julho;2026;1
Terrestre;Mato Grosso do Sul;Equador;Julho;2026;15
Terrestre;Mato Grosso do Sul;Equador;Julho;2026;1
Aérea;Ceará;Eslováquia;Julho;2026;3
Aérea;Rio Grande do Norte;Eslováquia;Julho;2026;2
Aérea;Bahia;Eslováquia;Julho;2026;1
Aérea;Minas Gerais;Eslováquia;Julho;2026;4
Aérea;Rio de Janeiro;Eslováquia;Julho;2026;56
Aérea;São Paulo;Eslováquia;Julho;2026;1
Aérea;São Paulo;Eslováquia;Julho;2026;77
Aérea;Santa Catarina;Eslováquia;Julho;2026;1
Aérea;Rio Grande do Sul;Eslováquia;Julho;2026;1
Aérea;Distrito Federal;Eslováquia;Julho;2026;9
Terrestre;Paraná;Eslováquia;Julho;2026;11
Terrestre;Paraná;Eslováquia;Julho;2026;48
Aérea;Amazonas;Eslovênia;Julho;2026;1
Aérea;Ceará;Eslovênia;Julho;2026;8
Aérea;Rio Grande do Norte;Eslovênia;Julho;2026;1
Aérea;Pernambuco;Eslovênia;Julho;2026;13
Aérea;Bahia;Eslovênia;Julho;2026;3
Aérea;Minas Gerais;Eslovênia;Julho;2026;1
Aérea;Rio de Janeiro;Eslovênia;Julho;2026;47
Aérea;São Paulo;Eslovênia;Julho;2026;112
Aérea;Santa Catarina;Eslovênia;Julho;2026;1
Aérea;Distrito Federal;Eslovênia;Julho;2026;1
Terrestre;Paraná;Eslovênia;Julho;2026;2
Terrestre;Paraná;Eslovênia;Julho;2026;41
Terrestre;Rio Grande do Sul;Eslovênia;Julho;2026;1
Aérea;Amazonas;Espanha;Julho;2026;46
Aérea;Roraima;Espanha;Julho;2026;1
Aérea;Pará;Espanha;Julho;2026;80
Aérea;Ceará;Espanha;Julho;2026;1484
Aérea;Rio Grande do Norte;Espanha;Julho;2026;80
Aérea;Pernambuco;Espanha;Julho;2026;760
Aérea;Alagoas;Espanha;Julho;2026;8
Aérea;Bahia;Espanha;Julho;2026;2
Aérea;Bahia;Espanha;Julho;2026;537
Aérea;Minas Gerais;Espanha;Julho;2026;108
Aérea;Rio de Janeiro;Espanha;Julho;2026;3192
Aérea;São Paulo;Espanha;Julho;2026;447
Aérea;São Paulo;Espanha;Julho;2026;7396
Aérea;Paraná;Espanha;Julho;2026;27
Aérea;Paraná;Espanha;Julho;2026;22
Aérea;Santa Catarina;Espanha;Julho;2026;56
Aérea;Rio Grande do Sul;Espanha;Julho;2026;40
Aérea;Distrito Federal;Espanha;Julho;2026;179
Terrestre;Acre;Espanha;Julho;2026;4
Terrestre;Amazonas;Espanha;Julho;2026;13
Terrestre;Roraima;Espanha;Julho;2026;1
Terrestre;Roraima;Espanha;Julho;2026;5
Terrestre;Amapá;Espanha;Julho;2026;6
Terrestre;Paraná;Espanha;Julho;2026;226
Terrestre;Paraná;Espanha;Julho;2026;735
Terrestre;Paraná;Espanha;Julho;2026;2
Terrestre;Paraná;Espanha;Julho;2026;1
Terrestre;Santa Catarina;Espanha;Julho;2026;5
Terrestre;Rio Grande do Sul;Espanha;Julho;2026;16
Terrestre;Rio Grande do Sul;Espanha;Julho;2026;9
Terrestre;Rio Grande do Sul;Espanha;Julho;2026;1
Terrestre;Rio Grande do Sul;Espanha;Julho;2026;9
Terrestre;Rio Grande do Sul;Espanha;Julho;2026;1
Terrestre;Rio Grande do Sul;Espanha;Julho;2026;3
Terrestre;Mato Grosso do Sul;Espanha;Julho;2026;18
Terrestre;Mato Grosso do Sul;Espanha;Julho;2026;13
Marítima;Pernambuco;Espanha;Julho;2026;2
Marítima;Pernambuco;Espanha;Julho;2026;1
Fluvial;Amapá;Espanha;Julho;2026;1
Aérea;Rio de Janeiro;Espanha;Julho;2026;2
Aérea;Amazonas;Estados Unidos;Julho;2026;1447
Aérea;Pará;Estados Unidos;Julho;2026;206
Aérea;Amapá;Estados Unidos;Julho;2026;1
Aérea;Ceará;Estados Unidos;Julho;2026;1143
Aérea;Rio Grande do Norte;Estados Unidos;Julho;2026;5
Aérea;Pernambuco;Estados Unidos;Julho;2026;71
Aérea;Bahia;Estados Unidos;Julho;2026;5
Aérea;Bahia;Estados Unidos;Julho;2026;363
Aérea;Minas Gerais;Estados Unidos;Julho;2026;1811
Aérea;Rio de Janeiro;Estados Unidos;Julho;2026;17540
Aérea;São Paulo;Estados Unidos;Julho;2026;1206
Aérea;São Paulo;Estados Unidos;Julho;2026;30810
Aérea;São Paulo;Estados Unidos;Julho;2026;7
Aérea;Paraná;Estados Unidos;Julho;2026;16
Aérea;Paraná;Estados Unidos;Julho;2026;48
Aérea;Santa Catarina;Estados Unidos;Julho;2026;137
Aérea;Rio Grande do Sul;Estados Unidos;Julho;2026;1
Aérea;Rio Grande do Sul;Estados Unidos;Julho;2026;296
Aérea;Mato Grosso;Estados Unidos;Julho;2026;7
Aérea;Distrito Federal;Estados Unidos;Julho;2026;4008
Terrestre;Acre;Estados Unidos;Julho;2026;11
Terrestre;Acre;Estados Unidos;Julho;2026;1
Terrestre;Amazonas;Estados Unidos;Julho;2026;23
Terrestre;Roraima;Estados Unidos;Julho;2026;7
Terrestre;Amapá;Estados Unidos;Julho;2026;1
Terrestre;Paraná;Estados Unidos;Julho;2026;301
Terrestre;Paraná;Estados Unidos;Julho;2026;1386
Terrestre;Paraná;Estados Unidos;Julho;2026;3
Terrestre;Santa Catarina;Estados Unidos;Julho;2026;1
Terrestre;Rio Grande do Sul;Estados Unidos;Julho;2026;1
Terrestre;Rio Grande do Sul;Estados Unidos;Julho;2026;8
Terrestre;Rio Grande do Sul;Estados Unidos;Julho;2026;1
Terrestre;Rio Grande do Sul;Estados Unidos;Julho;2026;2
Terrestre;Rio Grande do Sul;Estados Unidos;Julho;2026;2
Terrestre;Rio Grande do Sul;Estados Unidos;Julho;2026;2
Terrestre;Mato Grosso do Sul;Estados Unidos;Julho;2026;1
Terrestre;Mato Grosso do Sul;Estados Unidos;Julho;2026;6
Marítima;Pernambuco;Estados Unidos;Julho;2026;2
Fluvial;Amapá;Estados Unidos;Julho;2026;1
Aérea;Ceará;Estônia;Julho;2026;3
Aérea;Bahia;Estônia;Julho;2026;2
Aérea;Minas Gerais;Estônia;Julho;2026;1
Aérea;Rio de Janeiro;Estônia;Julho;2026;19
Aérea;São Paulo;Estônia;Julho;2026;126
Terrestre;Amazonas;Estônia;Julho;2026;1
Terrestre;Roraima;Estônia;Julho;2026;2
Terrestre;Paraná;Estônia;Julho;2026;2
Aérea;Rio de Janeiro;Etiópia;Julho;2026;13
Aérea;São Paulo;Etiópia;Julho;2026;30
Marítima;Espírito Santo;Etiópia;Julho;2026;2
Aérea;Rio de Janeiro;Fiji;Julho;2026;5
Aérea;São Paulo;Fiji;Julho;2026;4
Aérea;Ceará;Filipinas;Julho;2026;7
Aérea;Rio Grande do Norte;Filipinas;Julho;2026;1
Aérea;Minas Gerais;Filipinas;Julho;2026;2
Aérea;Rio de Janeiro;Filipinas;Julho;2026;147
Aérea;São Paulo;Filipinas;Julho;2026;240
Aérea;Paraná;Filipinas;Julho;2026;1
Aérea;Santa Catarina;Filipinas;Julho;2026;1
Aérea;Distrito Federal;Filipinas;Julho;2026;2
Terrestre;Amapá;Filipinas;Julho;2026;1
Terrestre;Paraná;Filipinas;Julho;2026;13
Terrestre;Paraná;Filipinas;Julho;2026;2
Terrestre;Mato Grosso do Sul;Filipinas;Julho;2026;3
Marítima;Rio de Janeiro;Filipinas;Julho;2026;16
Marítima;Rio de Janeiro;Filipinas;Julho;2026;1
Marítima;São Paulo;Filipinas;Julho;2026;1
Aérea;Amazonas;Finlândia;Julho;2026;3
Aérea;Ceará;Finlândia;Julho;2026;14
Aérea;Rio Grande do Norte;Finlândia;Julho;2026;2
Aérea;Pernambuco;Finlândia;Julho;2026;5
Aérea;Alagoas;Finlândia;Julho;2026;1
Aérea;Bahia;Finlândia;Julho;2026;9
Aérea;Rio de Janeiro;Finlândia;Julho;2026;81
Aérea;São Paulo;Finlândia;Julho;2026;159
Aérea;Santa Catarina;Finlândia;Julho;2026;4
Aérea;Rio Grande do Sul;Finlândia;Julho;2026;1
Aérea;Distrito Federal;Finlândia;Julho;2026;4
Terrestre;Paraná;Finlândia;Julho;2026;5
Terrestre;Paraná;Finlândia;Julho;2026;19
Aérea;Amazonas;França;Julho;2026;114
Aérea;Pará;França;Julho;2026;669
Aérea;Amapá;França;Julho;2026;2
Aérea;Ceará;França;Julho;2026;3812
Aérea;Rio Grande do Norte;França;Julho;2026;120
Aérea;Pernambuco;França;Julho;2026;800
Aérea;Alagoas;França;Julho;2026;6
Aérea;Bahia;França;Julho;2026;1412
Aérea;Minas Gerais;França;Julho;2026;105
Aérea;Rio de Janeiro;França;Julho;2026;10055
Aérea;São Paulo;França;Julho;2026;155
Aérea;São Paulo;França;Julho;2026;6245
Aérea;São Paulo;França;Julho;2026;1
Aérea;Paraná;França;Julho;2026;10
Aérea;Paraná;França;Julho;2026;37
Aérea;Santa Catarina;França;Julho;2026;83
Aérea;Rio Grande do Sul;França;Julho;2026;67
Aérea;Distrito Federal;França;Julho;2026;612
Terrestre;Rondônia;França;Julho;2026;2
Terrestre;Acre;França;Julho;2026;10
Terrestre;Amazonas;França;Julho;2026;44
Terrestre;Roraima;França;Julho;2026;4
Terrestre;Roraima;França;Julho;2026;2
Terrestre;Amapá;França;Julho;2026;5338
Terrestre;Paraná;França;Julho;2026;88
Terrestre;Paraná;França;Julho;2026;838
Terrestre;Paraná;França;Julho;2026;1
Terrestre;Paraná;França;Julho;2026;2
Terrestre;Rio Grande do Sul;França;Julho;2026;1
Terrestre;Rio Grande do Sul;França;Julho;2026;18
Terrestre;Rio Grande do Sul;França;Julho;2026;2
Terrestre;Rio Grande do Sul;França;Julho;2026;1
Terrestre;Rio Grande do Sul;França;Julho;2026;1
Terrestre;Rio Grande do Sul;França;Julho;2026;10
Terrestre;Mato Grosso do Sul;França;Julho;2026;12
Terrestre;Mato Grosso do Sul;França;Julho;2026;8
Marítima;Paraíba;França;Julho;2026;1
Marítima;Pernambuco;França;Julho;2026;8
Marítima;Pernambuco;França;Julho;2026;10
Fluvial;Amapá;França;Julho;2026;1076
Fluvial;Rio Grande do Sul;França;Julho;2026;2
Aérea;Rio Grande do Norte;Gabão;Julho;2026;1
Aérea;Rio de Janeiro;Gabão;Julho;2026;2
Aérea;São Paulo;Gabão;Julho;2026;4
Aérea;Amazonas;Gana;Julho;2026;1
Aérea;Rio de Janeiro;Gana;Julho;2026;24
Aérea;São Paulo;Gana;Julho;2026;32
Aérea;Rio Grande do Sul;Gana;Julho;2026;2
Aérea;Distrito Federal;Gana;Julho;2026;1
Aérea;Rio de Janeiro;Geórgia;Julho;2026;37
Aérea;São Paulo;Geórgia;Julho;2026;16
Aérea;Rio de Janeiro;Granada;Julho;2026;1
Aérea;São Paulo;Granada;Julho;2026;3
Aérea;Amazonas;Grécia;Julho;2026;4
Aérea;Ceará;Grécia;Julho;2026;9
Aérea;Rio Grande do Norte;Grécia;Julho;2026;2
Aérea;Pernambuco;Grécia;Julho;2026;3
Aérea;Bahia;Grécia;Julho;2026;19
Aérea;Minas Gerais;Grécia;Julho;2026;1
Aérea;Rio de Janeiro;Grécia;Julho;2026;183
Aérea;São Paulo;Grécia;Julho;2026;1
Aérea;São Paulo;Grécia;Julho;2026;615
Aérea;Paraná;Grécia;Julho;2026;5
Aérea;Rio Grande do Sul;Grécia;Julho;2026;5
Aérea;Distrito Federal;Grécia;Julho;2026;4
Terrestre;Acre;Grécia;Julho;2026;1
Terrestre;Paraná;Grécia;Julho;2026;1
Terrestre;Paraná;Grécia;Julho;2026;67
Marítima;Ceará;Grécia;Julho;2026;2
Marítima;Rio de Janeiro;Grécia;Julho;2026;5
Aérea;Rio de Janeiro;Grécia;Julho;2026;4
Aérea;Amazonas;Guatemala;Julho;2026;5
Aérea;Pará;Guatemala;Julho;2026;2
Aérea;Bahia;Guatemala;Julho;2026;6
Aérea;Minas Gerais;Guatemala;Julho;2026;9
Aérea;Rio de Janeiro;Guatemala;Julho;2026;510
Aérea;São Paulo;Guatemala;Julho;2026;730
Aérea;Paraná;Guatemala;Julho;2026;1
Aérea;Santa Catarina;Guatemala;Julho;2026;1
Aérea;Rio Grande do Sul;Guatemala;Julho;2026;12
Aérea;Distrito Federal;Guatemala;Julho;2026;17
Terrestre;Paraná;Guatemala;Julho;2026;2
Terrestre;Paraná;Guatemala;Julho;2026;41
Terrestre;Rio Grande do Sul;Guatemala;Julho;2026;1
Terrestre;Rio Grande do Sul;Guatemala;Julho;2026;1
Aérea;Pará;Guiana;Julho;2026;4
Aérea;Rio de Janeiro;Guiana;Julho;2026;23
Aérea;São Paulo;Guiana;Julho;2026;26
Aérea;Distrito Federal;Guiana;Julho;2026;4
Terrestre;Roraima;Guiana;Julho;2026;944
Terrestre;Roraima;Guiana;Julho;2026;12
Terrestre;Amapá;Guiana;Julho;2026;19
Terrestre;Paraná;Guiana;Julho;2026;4
Fluvial;Amapá;Guiana;Julho;2026;1
Aérea;Ceará;Guiné;Julho;2026;2
Aérea;Bahia;Guiné;Julho;2026;1
Aérea;Rio de Janeiro;Guiné;Julho;2026;11
Aérea;São Paulo;Guiné;Julho;2026;58
Terrestre;Roraima;Guiné;Julho;2026;1
Aérea;Rio de Janeiro;Guiné Equatorial;Julho;2026;1
Aérea;São Paulo;Guiné Equatorial;Julho;2026;5
Aérea;Ceará;Guiné-Bissau;Julho;2026;6
Aérea;Bahia;Guiné-Bissau;Julho;2026;2
Aérea;Rio de Janeiro;Guiné-Bissau;Julho;2026;4
Aérea;São Paulo;Guiné-Bissau;Julho;2026;14
Aérea;Pernambuco;Gâmbia;Julho;2026;1
Aérea;Rio de Janeiro;Gâmbia;Julho;2026;1
Aérea;São Paulo;Gâmbia;Julho;2026;3
Aérea;Amazonas;Haiti;Julho;2026;3
Aérea;Roraima;Haiti;Julho;2026;1
Aérea;Pará;Haiti;Julho;2026;5
Aérea;Ceará;Haiti;Julho;2026;3
Aérea;Minas Gerais;Haiti;Julho;2026;1
Aérea;Rio de Janeiro;Haiti;Julho;2026;10
Aérea;São Paulo;Haiti;Julho;2026;2
Aérea;São Paulo;Haiti;Julho;2026;62
Aérea;Paraná;Haiti;Julho;2026;2
Aérea;Paraná;Haiti;Julho;2026;1
Aérea;Santa Catarina;Haiti;Julho;2026;1
Aérea;Rio Grande do Sul;Haiti;Julho;2026;4
Aérea;Distrito Federal;Haiti;Julho;2026;1
Terrestre;Amapá;Haiti;Julho;2026;9
Terrestre;Rio Grande do Sul;Haiti;Julho;2026;2
Fluvial;Amapá;Haiti;Julho;2026;3
Aérea;Amazonas;Holanda;Julho;2026;50
Aérea;Pará;Holanda;Julho;2026;179
Aérea;Ceará;Holanda;Julho;2026;759
Aérea;Rio Grande do Norte;Holanda;Julho;2026;109
Aérea;Pernambuco;Holanda;Julho;2026;178
Aérea;Alagoas;Holanda;Julho;2026;21
Aérea;Bahia;Holanda;Julho;2026;280
Aérea;Minas Gerais;Holanda;Julho;2026;77
Aérea;Rio de Janeiro;Holanda;Julho;2026;3496
Aérea;São Paulo;Holanda;Julho;2026;22
Aérea;São Paulo;Holanda;Julho;2026;3256
Aérea;Paraná;Holanda;Julho;2026;3
Aérea;Paraná;Holanda;Julho;2026;25
Aérea;Santa Catarina;Holanda;Julho;2026;7
Aérea;Rio Grande do Sul;Holanda;Julho;2026;10
Aérea;Distrito Federal;Holanda;Julho;2026;54
Terrestre;Acre;Holanda;Julho;2026;1
Terrestre;Amazonas;Holanda;Julho;2026;9
Terrestre;Roraima;Holanda;Julho;2026;16
Terrestre;Amapá;Holanda;Julho;2026;16
Terrestre;Paraná;Holanda;Julho;2026;33
Terrestre;Paraná;Holanda;Julho;2026;830
Terrestre;Rio Grande do Sul;Holanda;Julho;2026;7
Terrestre;Mato Grosso do Sul;Holanda;Julho;2026;6
Terrestre;Mato Grosso do Sul;Holanda;Julho;2026;2
Marítima;Pernambuco;Holanda;Julho;2026;1
Marítima;Pernambuco;Holanda;Julho;2026;2
Fluvial;Amapá;Holanda;Julho;2026;3
Aérea;Amazonas;Honduras;Julho;2026;7
Aérea;Pará;Honduras;Julho;2026;3
Aérea;Ceará;Honduras;Julho;2026;1
Aérea;Bahia;Honduras;Julho;2026;2
Aérea;Minas Gerais;Honduras;Julho;2026;10
Aérea;Rio de Janeiro;Honduras;Julho;2026;156
Aérea;São Paulo;Honduras;Julho;2026;2
Aérea;São Paulo;Honduras;Julho;2026;146
Aérea;Santa Catarina;Honduras;Julho;2026;12
Aérea;Rio Grande do Sul;Honduras;Julho;2026;3
Aérea;Distrito Federal;Honduras;Julho;2026;9
Terrestre;Paraná;Honduras;Julho;2026;4
Terrestre;Paraná;Honduras;Julho;2026;3
Aérea;Amazonas;Hungria;Julho;2026;4
Aérea;Pará;Hungria;Julho;2026;2
Aérea;Ceará;Hungria;Julho;2026;9
Aérea;Pernambuco;Hungria;Julho;2026;5
Aérea;Bahia;Hungria;Julho;2026;6
Aérea;Minas Gerais;Hungria;Julho;2026;1
Aérea;Rio de Janeiro;Hungria;Julho;2026;135
Aérea;São Paulo;Hungria;Julho;2026;2
Aérea;São Paulo;Hungria;Julho;2026;284
Aérea;Santa Catarina;Hungria;Julho;2026;1
Aérea;Distrito Federal;Hungria;Julho;2026;2
Terrestre;Amapá;Hungria;Julho;2026;1
Terrestre;Paraná;Hungria;Julho;2026;1
Terrestre;Paraná;Hungria;Julho;2026;20
Fluvial;Rio Grande do Sul;Hungria;Julho;2026;2
Aérea;São Paulo;Ilhas Salomão;Julho;2026;1
Aérea;Amazonas;Indonésia;Julho;2026;2
Aérea;Pernambuco;Indonésia;Julho;2026;1
Aérea;Bahia;Indonésia;Julho;2026;1
Aérea;Rio de Janeiro;Indonésia;Julho;2026;39
Aérea;São Paulo;Indonésia;Julho;2026;123
Aérea;Paraná;Indonésia;Julho;2026;1
Terrestre;Paraná;Indonésia;Julho;2026;1
Terrestre;Paraná;Indonésia;Julho;2026;1
Aérea;Pará;Iraque;Julho;2026;1
Aérea;São Paulo;Iraque;Julho;2026;60
Aérea;Distrito Federal;Iraque;Julho;2026;2
Aérea;Amazonas;Irlanda;Julho;2026;5
Aérea;Pará;Irlanda;Julho;2026;3
Aérea;Ceará;Irlanda;Julho;2026;36
Aérea;Rio Grande do Norte;Irlanda;Julho;2026;6
Aérea;Pernambuco;Irlanda;Julho;2026;90
Aérea;Alagoas;Irlanda;Julho;2026;2
Aérea;Bahia;Irlanda;Julho;2026;31
Aérea;Minas Gerais;Irlanda;Julho;2026;28
Aérea;Rio de Janeiro;Irlanda;Julho;2026;999
Aérea;São Paulo;Irlanda;Julho;2026;9
Aérea;São Paulo;Irlanda;Julho;2026;2750
Aérea;São Paulo;Irlanda;Julho;2026;1
Aérea;Paraná;Irlanda;Julho;2026;5
Aérea;Paraná;Irlanda;Julho;2026;5
Aérea;Santa Catarina;Irlanda;Julho;2026;8
Aérea;Rio Grande do Sul;Irlanda;Julho;2026;15
Aérea;Distrito Federal;Irlanda;Julho;2026;46
Terrestre;Amazonas;Irlanda;Julho;2026;3
Terrestre;Paraná;Irlanda;Julho;2026;19
Terrestre;Paraná;Irlanda;Julho;2026;130
Terrestre;Rio Grande do Sul;Irlanda;Julho;2026;2
Terrestre;Rio Grande do Sul;Irlanda;Julho;2026;1
Terrestre;Rio Grande do Sul;Irlanda;Julho;2026;1
Terrestre;Rio Grande do Sul;Irlanda;Julho;2026;2
Terrestre;Mato Grosso do Sul;Irlanda;Julho;2026;2
Aérea;Rio de Janeiro;Irã;Julho;2026;14
Aérea;São Paulo;Irã;Julho;2026;45
Aérea;Pernambuco;Islândia;Julho;2026;2
Aérea;Rio de Janeiro;Islândia;Julho;2026;24
Aérea;São Paulo;Islândia;Julho;2026;1
Aérea;São Paulo;Islândia;Julho;2026;34
Aérea;Distrito Federal;Islândia;Julho;2026;2
Terrestre;Paraná;Islândia;Julho;2026;2
Aérea;Pará;Israel;Julho;2026;3
Aérea;Ceará;Israel;Julho;2026;15
Aérea;Rio Grande do Norte;Israel;Julho;2026;6
Aérea;Pernambuco;Israel;Julho;2026;5
Aérea;Bahia;Israel;Julho;2026;36
Aérea;Minas Gerais;Israel;Julho;2026;5
Aérea;Rio de Janeiro;Israel;Julho;2026;485
Aérea;São Paulo;Israel;Julho;2026;1370
Aérea;Paraná;Israel;Julho;2026;3
Aérea;Santa Catarina;Israel;Julho;2026;5
Aérea;Rio Grande do Sul;Israel;Julho;2026;4
Aérea;Distrito Federal;Israel;Julho;2026;25
Terrestre;Acre;Israel;Julho;2026;5
Terrestre;Acre;Israel;Julho;2026;1
Terrestre;Amazonas;Israel;Julho;2026;3
Terrestre;Roraima;Israel;Julho;2026;1
Terrestre;Paraná;Israel;Julho;2026;6
Terrestre;Paraná;Israel;Julho;2026;95
Terrestre;Rio Grande do Sul;Israel;Julho;2026;1
Terrestre;Rio Grande do Sul;Israel;Julho;2026;1
Terrestre;Rio Grande do Sul;Israel;Julho;2026;13
Terrestre;Mato Grosso do Sul;Israel;Julho;2026;3
Terrestre;Mato Grosso do Sul;Israel;Julho;2026;2
Aérea;Amazonas;Itália;Julho;2026;40
Aérea;Roraima;Itália;Julho;2026;2
Aérea;Pará;Itália;Julho;2026;36
Aérea;Ceará;Itália;Julho;2026;900
Aérea;Rio Grande do Norte;Itália;Julho;2026;276
Aérea;Pernambuco;Itália;Julho;2026;574
Aérea;Alagoas;Itália;Julho;2026;11
Aérea;Bahia;Itália;Julho;2026;4
Aérea;Bahia;Itália;Julho;2026;978
Aérea;Minas Gerais;Itália;Julho;2026;194
Aérea;Rio de Janeiro;Itália;Julho;2026;3519
Aérea;São Paulo;Itália;Julho;2026;35
Aérea;São Paulo;Itália;Julho;2026;6557
Aérea;Paraná;Itália;Julho;2026;5
Aérea;Paraná;Itália;Julho;2026;23
Aérea;Santa Catarina;Itália;Julho;2026;49
Aérea;Rio Grande do Sul;Itália;Julho;2026;63
Aérea;Distrito Federal;Itália;Julho;2026;93
Terrestre;Acre;Itália;Julho;2026;3
Terrestre;Amazonas;Itália;Julho;2026;13
Terrestre;Roraima;Itália;Julho;2026;13
Terrestre;Amapá;Itália;Julho;2026;5
Terrestre;Paraná;Itália;Julho;2026;53
Terrestre;Paraná;Itália;Julho;2026;319
Terrestre;Santa Catarina;Itália;Julho;2026;1
Terrestre;Rio Grande do Sul;Itália;Julho;2026;11
Terrestre;Rio Grande do Sul;Itália;Julho;2026;3
Terrestre;Rio Grande do Sul;Itália;Julho;2026;4
Terrestre;Rio Grande do Sul;Itália;Julho;2026;3
Terrestre;Rio Grande do Sul;Itália;Julho;2026;7
Terrestre;Mato Grosso do Sul;Itália;Julho;2026;6
Terrestre;Mato Grosso do Sul;Itália;Julho;2026;5
Terrestre;Mato Grosso;Itália;Julho;2026;2
Aérea;São Paulo;Iêmen;Julho;2026;5
Aérea;Bahia;Jamaica;Julho;2026;4
Aérea;Minas Gerais;Jamaica;Julho;2026;2
Aérea;Rio de Janeiro;Jamaica;Julho;2026;79
Aérea;São Paulo;Jamaica;Julho;2026;1
Aérea;São Paulo;Jamaica;Julho;2026;67
Aérea;Santa Catarina;Jamaica;Julho;2026;1
Aérea;Rio Grande do Sul;Jamaica;Julho;2026;2
Aérea;Distrito Federal;Jamaica;Julho;2026;10
Terrestre;Roraima;Jamaica;Julho;2026;1
Aérea;Amazonas;Japão;Julho;2026;34
Aérea;Pará;Japão;Julho;2026;1
Aérea;Ceará;Japão;Julho;2026;1
Aérea;Rio Grande do Norte;Japão;Julho;2026;3
Aérea;Bahia;Japão;Julho;2026;3
Aérea;Minas Gerais;Japão;Julho;2026;4
Aérea;Rio de Janeiro;Japão;Julho;2026;315
Aérea;São Paulo;Japão;Julho;2026;2
Aérea;São Paulo;Japão;Julho;2026;3269
Aérea;Paraná;Japão;Julho;2026;3
Aérea;Santa Catarina;Japão;Julho;2026;2
Aérea;Rio Grande do Sul;Japão;Julho;2026;2
Aérea;Distrito Federal;Japão;Julho;2026;27
Terrestre;Acre;Japão;Julho;2026;1
Terrestre;Amazonas;Japão;Julho;2026;3
Terrestre;Roraima;Japão;Julho;2026;1
Terrestre;Amapá;Japão;Julho;2026;1
Terrestre;Paraná;Japão;Julho;2026;59
Terrestre;Paraná;Japão;Julho;2026;96
Terrestre;Santa Catarina;Japão;Julho;2026;1
Terrestre;Rio Grande do Sul;Japão;Julho;2026;1
Terrestre;Mato Grosso do Sul;Japão;Julho;2026;3
Terrestre;Mato Grosso do Sul;Japão;Julho;2026;2
Aérea;Rio de Janeiro;Jordânia;Julho;2026;2
Aérea;São Paulo;Jordânia;Julho;2026;29
Aérea;Rio de Janeiro;Kuwait;Julho;2026;11
Aérea;São Paulo;Kuwait;Julho;2026;3
Aérea;São Paulo;Laos;Julho;2026;1
Aérea;Distrito Federal;Laos;Julho;2026;3
Aérea;Rio de Janeiro;Lesoto;Julho;2026;3
Aérea;São Paulo;Lesoto;Julho;2026;8
Aérea;Ceará;Letônia;Julho;2026;1
Aérea;Pernambuco;Letônia;Julho;2026;6
Aérea;Rio de Janeiro;Letônia;Julho;2026;23
Aérea;São Paulo;Letônia;Julho;2026;83
Aérea;Rio Grande do Sul;Letônia;Julho;2026;3
Aérea;Distrito Federal;Letônia;Julho;2026;2
Terrestre;Paraná;Letônia;Julho;2026;2
Aérea;Rio de Janeiro;Libéria;Julho;2026;4
Aérea;São Paulo;Libéria;Julho;2026;4
Aérea;Amazonas;Liechtenstein;Julho;2026;2
Aérea;Ceará;Liechtenstein;Julho;2026;5
Aérea;Pernambuco;Liechtenstein;Julho;2026;1
Aérea;Bahia;Liechtenstein;Julho;2026;1
Aérea;Rio de Janeiro;Liechtenstein;Julho;2026;3
Aérea;São Paulo;Liechtenstein;Julho;2026;4
Aérea;Rio Grande do Sul;Liechtenstein;Julho;2026;3
Aérea;Distrito Federal;Liechtenstein;Julho;2026;1
Terrestre;Paraná;Liechtenstein;Julho;2026;1
Aérea;Amazonas;Lituânia;Julho;2026;1
Aérea;Ceará;Lituânia;Julho;2026;2
Aérea;Pernambuco;Lituânia;Julho;2026;4
Aérea;Bahia;Lituânia;Julho;2026;3
Aérea;Minas Gerais;Lituânia;Julho;2026;4
Aérea;Rio de Janeiro;Lituânia;Julho;2026;86
Aérea;São Paulo;Lituânia;Julho;2026;2
Aérea;São Paulo;Lituânia;Julho;2026;152
Terrestre;Amazonas;Lituânia;Julho;2026;1
Terrestre;Paraná;Lituânia;Julho;2026;3
Terrestre;Paraná;Lituânia;Julho;2026;8
Aérea;Pará;Luxemburgo;Julho;2026;1
Aérea;Ceará;Luxemburgo;Julho;2026;17
Aérea;Rio Grande do Norte;Luxemburgo;Julho;2026;2
Aérea;Pernambuco;Luxemburgo;Julho;2026;7
Aérea;Bahia;Luxemburgo;Julho;2026;12
Aérea;Minas Gerais;Luxemburgo;Julho;2026;3
Aérea;Rio de Janeiro;Luxemburgo;Julho;2026;68
Aérea;São Paulo;Luxemburgo;Julho;2026;5
Aérea;São Paulo;Luxemburgo;Julho;2026;264
Aérea;Distrito Federal;Luxemburgo;Julho;2026;3
Terrestre;Paraná;Luxemburgo;Julho;2026;6
Aérea;Ceará;Líbano;Julho;2026;1
Aérea;Rio de Janeiro;Líbano;Julho;2026;10
Aérea;São Paulo;Líbano;Julho;2026;167
Aérea;Paraná;Líbano;Julho;2026;1
Aérea;Distrito Federal;Líbano;Julho;2026;1
Terrestre;Paraná;Líbano;Julho;2026;1
Aérea;São Paulo;Líbia;Julho;2026;3
Aérea;Ceará;Macedônia;Julho;2026;1
Aérea;Rio de Janeiro;Macedônia;Julho;2026;14
Aérea;São Paulo;Macedônia;Julho;2026;12
Terrestre;Paraná;Macedônia;Julho;2026;1
Aérea;Ceará;Madagascar;Julho;2026;1
Aérea;Rio de Janeiro;Madagascar;Julho;2026;2
Aérea;São Paulo;Madagascar;Julho;2026;4
Terrestre;Amapá;Madagascar;Julho;2026;2
Aérea;Rio de Janeiro;Malauí;Julho;2026;12
Aérea;São Paulo;Malauí;Julho;2026;44
Aérea;São Paulo;Maldivas;Julho;2026;1
Aérea;Rio de Janeiro;Mali;Julho;2026;5
Aérea;São Paulo;Mali;Julho;2026;17
Aérea;Distrito Federal;Mali;Julho;2026;1
Aérea;Ceará;Malta;Julho;2026;1
Aérea;Rio de Janeiro;Malta;Julho;2026;20
Aérea;São Paulo;Malta;Julho;2026;36
Terrestre;Amazonas;Malta;Julho;2026;2
Terrestre;Paraná;Malta;Julho;2026;1
Aérea;Pará;Malásia;Julho;2026;1
Aérea;Ceará;Malásia;Julho;2026;1
Aérea;Rio de Janeiro;Malásia;Julho;2026;84
Aérea;São Paulo;Malásia;Julho;2026;173
Aérea;Paraná;Malásia;Julho;2026;3
Aérea;Distrito Federal;Malásia;Julho;2026;2
Terrestre;Roraima;Malásia;Julho;2026;4
Terrestre;Paraná;Malásia;Julho;2026;35
Marítima;Rio de Janeiro;Malásia;Julho;2026;4
Aérea;Amazonas;Marrocos;Julho;2026;4
Aérea;Pará;Marrocos;Julho;2026;12
Aérea;Ceará;Marrocos;Julho;2026;6
Aérea;Pernambuco;Marrocos;Julho;2026;3
Aérea;Bahia;Marrocos;Julho;2026;5
Aérea;Rio de Janeiro;Marrocos;Julho;2026;73
Aérea;São Paulo;Marrocos;Julho;2026;1
Aérea;São Paulo;Marrocos;Julho;2026;392
Aérea;Distrito Federal;Marrocos;Julho;2026;3
Terrestre;Amazonas;Marrocos;Julho;2026;1
Terrestre;Amapá;Marrocos;Julho;2026;1
Terrestre;Paraná;Marrocos;Julho;2026;1
Terrestre;Santa Catarina;Marrocos;Julho;2026;1
Terrestre;Rio Grande do Sul;Marrocos;Julho;2026;1
Marítima;Pernambuco;Marrocos;Julho;2026;1
Fluvial;Amapá;Marrocos;Julho;2026;1
Aérea;Rio de Janeiro;Mauritânia;Julho;2026;1
Aérea;São Paulo;Mauritânia;Julho;2026;4
Aérea;Rio de Janeiro;Maurício;Julho;2026;4
Aérea;São Paulo;Maurício;Julho;2026;6
Aérea;Minas Gerais;Mianma;Julho;2026;1
Aérea;Rio de Janeiro;Mianma;Julho;2026;5
Aérea;São Paulo;Mianma;Julho;2026;8
Aérea;Rio de Janeiro;Moldávia;Julho;2026;6
Aérea;São Paulo;Moldávia;Julho;2026;6
Terrestre;Paraná;Moldávia;Julho;2026;1
Fluvial;Amapá;Moldávia;Julho;2026;1
Aérea;São Paulo;Mongólia;Julho;2026;4
Terrestre;Paraná;Mongólia;Julho;2026;2
Aérea;Bahia;Montenegro;Julho;2026;1
Aérea;Minas Gerais;Montenegro;Julho;2026;1
Aérea;Rio de Janeiro;Montenegro;Julho;2026;2
Aérea;São Paulo;Montenegro;Julho;2026;8
Aérea;Minas Gerais;Moçambique;Julho;2026;2
Aérea;Rio de Janeiro;Moçambique;Julho;2026;13
Aérea;São Paulo;Moçambique;Julho;2026;313
Aérea;Paraná;Moçambique;Julho;2026;1
Aérea;Santa Catarina;Moçambique;Julho;2026;1
Aérea;Rio Grande do Sul;Moçambique;Julho;2026;1
Terrestre;Paraná;Moçambique;Julho;2026;1
Aérea;Amazonas;México;Julho;2026;114
Aérea;Pará;México;Julho;2026;16
Aérea;Ceará;México;Julho;2026;6
Aérea;Rio Grande do Norte;México;Julho;2026;1
Aérea;Pernambuco;México;Julho;2026;14
Aérea;Alagoas;México;Julho;2026;1
Aérea;Bahia;México;Julho;2026;33
Aérea;Minas Gerais;México;Julho;2026;118
Aérea;Rio de Janeiro;México;Julho;2026;3764
Aérea;São Paulo;México;Julho;2026;5
Aérea;São Paulo;México;Julho;2026;6684
Aérea;São Paulo;México;Julho;2026;1
Aérea;Paraná;México;Julho;2026;7
Aérea;Paraná;México;Julho;2026;8
Aérea;Santa Catarina;México;Julho;2026;31
Aérea;Rio Grande do Sul;México;Julho;2026;105
Aérea;Mato Grosso;México;Julho;2026;1
Aérea;Distrito Federal;México;Julho;2026;82
Terrestre;Amazonas;México;Julho;2026;1
Terrestre;Roraima;México;Julho;2026;2
Terrestre;Paraná;México;Julho;2026;81
Terrestre;Paraná;México;Julho;2026;620
Terrestre;Paraná;México;Julho;2026;4
Terrestre;Rio Grande do Sul;México;Julho;2026;8
Terrestre;Rio Grande do Sul;México;Julho;2026;3
Terrestre;Mato Grosso do Sul;México;Julho;2026;22
Terrestre;Mato Grosso do Sul;México;Julho;2026;21
Aérea;Rio Grande do Norte;Mônaco;Julho;2026;1
Aérea;Rio de Janeiro;Mônaco;Julho;2026;4
Aérea;Rio de Janeiro;Namíbia;Julho;2026;2
Aérea;São Paulo;Namíbia;Julho;2026;10
Aérea;Rio de Janeiro;Nepal;Julho;2026;11
Aérea;São Paulo;Nepal;Julho;2026;25
Aérea;Amazonas;Nicarágua;Julho;2026;1
Aérea;Ceará;Nicarágua;Julho;2026;1
Aérea;Bahia;Nicarágua;Julho;2026;3
Aérea;Minas Gerais;Nicarágua;Julho;2026;4
Aérea;Rio de Janeiro;Nicarágua;Julho;2026;70
Aérea;São Paulo;Nicarágua;Julho;2026;98
Aérea;Santa Catarina;Nicarágua;Julho;2026;5
Aérea;Rio Grande do Sul;Nicarágua;Julho;2026;1
Aérea;Distrito Federal;Nicarágua;Julho;2026;7
Terrestre;Paraná;Nicarágua;Julho;2026;6
Terrestre;Paraná;Nicarágua;Julho;2026;9
Aérea;Ceará;Nigéria;Julho;2026;1
Aérea;Bahia;Nigéria;Julho;2026;2
Aérea;Rio de Janeiro;Nigéria;Julho;2026;45
Aérea;São Paulo;Nigéria;Julho;2026;206
Aérea;Amazonas;Noruega;Julho;2026;5
Aérea;Pará;Noruega;Julho;2026;7
Aérea;Ceará;Noruega;Julho;2026;148
Aérea;Rio Grande do Norte;Noruega;Julho;2026;77
Aérea;Pernambuco;Noruega;Julho;2026;32
Aérea;Bahia;Noruega;Julho;2026;52
Aérea;Minas Gerais;Noruega;Julho;2026;3
Aérea;Rio de Janeiro;Noruega;Julho;2026;540
Aérea;São Paulo;Noruega;Julho;2026;4
Aérea;São Paulo;Noruega;Julho;2026;314
Aérea;Paraná;Noruega;Julho;2026;1
Aérea;Santa Catarina;Noruega;Julho;2026;5
Aérea;Rio Grande do Sul;Noruega;Julho;2026;1
Aérea;Distrito Federal;Noruega;Julho;2026;12
Terrestre;Amazonas;Noruega;Julho;2026;1
Terrestre;Paraná;Noruega;Julho;2026;11
Terrestre;Paraná;Noruega;Julho;2026;29
Terrestre;Mato Grosso do Sul;Noruega;Julho;2026;5
Aérea;Amazonas;Nova Zelândia;Julho;2026;2
Aérea;Pará;Nova Zelândia;Julho;2026;2
Aérea;Rio Grande do Norte;Nova Zelândia;Julho;2026;1
Aérea;Pernambuco;Nova Zelândia;Julho;2026;2
Aérea;Bahia;Nova Zelândia;Julho;2026;5
Aérea;Minas Gerais;Nova Zelândia;Julho;2026;7
Aérea;Rio de Janeiro;Nova Zelândia;Julho;2026;241
Aérea;São Paulo;Nova Zelândia;Julho;2026;2
Aérea;São Paulo;Nova Zelândia;Julho;2026;328
Aérea;Paraná;Nova Zelândia;Julho;2026;4
Aérea;Santa Catarina;Nova Zelândia;Julho;2026;19
Aérea;Rio Grande do Sul;Nova Zelândia;Julho;2026;4
Aérea;Distrito Federal;Nova Zelândia;Julho;2026;7
Terrestre;Amazonas;Nova Zelândia;Julho;2026;1
Terrestre;Roraima;Nova Zelândia;Julho;2026;1
Terrestre;Paraná;Nova Zelândia;Julho;2026;8
Terrestre;Paraná;Nova Zelândia;Julho;2026;72
Terrestre;Mato Grosso do Sul;Nova Zelândia;Julho;2026;3
Fluvial;Amapá;Nova Zelândia;Julho;2026;1
Aérea;Rio de Janeiro;Omã;Julho;2026;6
Aérea;São Paulo;Omã;Julho;2026;9
Aérea;Rio de Janeiro;Palestina;Julho;2026;2
Aérea;São Paulo;Palestina;Julho;2026;39
Aérea;Amazonas;Panamá;Julho;2026;16
Aérea;Pará;Panamá;Julho;2026;1
Aérea;Bahia;Panamá;Julho;2026;12
Aérea;Minas Gerais;Panamá;Julho;2026;19
Aérea;Rio de Janeiro;Panamá;Julho;2026;537
Aérea;São Paulo;Panamá;Julho;2026;514
Aérea;Santa Catarina;Panamá;Julho;2026;20
Aérea;Rio Grande do Sul;Panamá;Julho;2026;15
Aérea;Distrito Federal;Panamá;Julho;2026;8
Terrestre;Acre;Panamá;Julho;2026;1
Terrestre;Acre;Panamá;Julho;2026;1
Terrestre;Amazonas;Panamá;Julho;2026;1
Terrestre;Paraná;Panamá;Julho;2026;7
Terrestre;Paraná;Panamá;Julho;2026;20
Terrestre;Rio Grande do Sul;Panamá;Julho;2026;2
Terrestre;Rio Grande do Sul;Panamá;Julho;2026;1
Marítima;Rio de Janeiro;Panamá;Julho;2026;3
Aérea;Bahia;Papua Nova Guiné;Julho;2026;1
Aérea;São Paulo;Papua Nova Guiné;Julho;2026;3
Aérea;Minas Gerais;Paquistão;Julho;2026;1
Aérea;Rio de Janeiro;Paquistão;Julho;2026;15
Aérea;São Paulo;Paquistão;Julho;2026;1
Aérea;São Paulo;Paquistão;Julho;2026;86
Aérea;Paraná;Paquistão;Julho;2026;1
Aérea;Rio Grande do Sul;Paquistão;Julho;2026;2
Aérea;Distrito Federal;Paquistão;Julho;2026;1
Terrestre;Roraima;Paquistão;Julho;2026;2
Terrestre;Rio Grande do Sul;Paquistão;Julho;2026;4
Aérea;Amazonas;Paraguai;Julho;2026;7
Aérea;Roraima;Paraguai;Julho;2026;1
Aérea;Ceará;Paraguai;Julho;2026;3
Aérea;Rio Grande do Norte;Paraguai;Julho;2026;10
Aérea;Pernambuco;Paraguai;Julho;2026;14
Aérea;Bahia;Paraguai;Julho;2026;4
Aérea;Rio de Janeiro;Paraguai;Julho;2026;695
Aérea;São Paulo;Paraguai;Julho;2026;1
Aérea;São Paulo;Paraguai;Julho;2026;3582
Aérea;São Paulo;Paraguai;Julho;2026;1
Aérea;Paraná;Paraguai;Julho;2026;272
Aérea;Santa Catarina;Paraguai;Julho;2026;9
Aérea;Rio Grande do Sul;Paraguai;Julho;2026;2
Aérea;Mato Grosso;Paraguai;Julho;2026;3
Aérea;Goiás;Paraguai;Julho;2026;13
Aérea;Distrito Federal;Paraguai;Julho;2026;49
Terrestre;Acre;Paraguai;Julho;2026;1
Terrestre;Paraná;Paraguai;Julho;2026;4
Terrestre;Paraná;Paraguai;Julho;2026;24534
Terrestre;Paraná;Paraguai;Julho;2026;146
Terrestre;Paraná;Paraguai;Julho;2026;1380
Terrestre;Paraná;Paraguai;Julho;2026;487
Terrestre;Paraná;Paraguai;Julho;2026;264
Terrestre;Paraná;Paraguai;Julho;2026;17
Terrestre;Santa Catarina;Paraguai;Julho;2026;400
Terrestre;Rio Grande do Sul;Paraguai;Julho;2026;25
Terrestre;Rio Grande do Sul;Paraguai;Julho;2026;14
Terrestre;Rio Grande do Sul;Paraguai;Julho;2026;2
Terrestre;Rio Grande do Sul;Paraguai;Julho;2026;6
Terrestre;Rio Grande do Sul;Paraguai;Julho;2026;32
Terrestre;Rio Grande do Sul;Paraguai;Julho;2026;1
Terrestre;Rio Grande do Sul;Paraguai;Julho;2026;612
Terrestre;Rio Grande do Sul;Paraguai;Julho;2026;168
Terrestre;Mato Grosso do Sul;Paraguai;Julho;2026;49
Terrestre;Mato Grosso do Sul;Paraguai;Julho;2026;1612
Fluvial;Amapá;Paraguai;Julho;2026;1
Fluvial;Rio Grande do Sul;Paraguai;Julho;2026;199
Fluvial;Rio Grande do Sul;Paraguai;Julho;2026;88
Aérea;São Paulo;Países não especificados;Julho;2026;1
Aérea;Amazonas;Peru;Julho;2026;24
Aérea;Pará;Peru;Julho;2026;4
Aérea;Ceará;Peru;Julho;2026;2
Aérea;Rio Grande do Norte;Peru;Julho;2026;1
Aérea;Pernambuco;Peru;Julho;2026;9
Aérea;Bahia;Peru;Julho;2026;1
Aérea;Bahia;Peru;Julho;2026;8
Aérea;Minas Gerais;Peru;Julho;2026;18
Aérea;Rio de Janeiro;Peru;Julho;2026;5217
Aérea;São Paulo;Peru;Julho;2026;5
Aérea;São Paulo;Peru;Julho;2026;6566
Aérea;Paraná;Peru;Julho;2026;32
Aérea;Paraná;Peru;Julho;2026;271
Aérea;Santa Catarina;Peru;Julho;2026;218
Aérea;Rio Grande do Sul;Peru;Julho;2026;211
Aérea;Distrito Federal;Peru;Julho;2026;722
Terrestre;Rondônia;Peru;Julho;2026;2
Terrestre;Acre;Peru;Julho;2026;1812
Terrestre;Acre;Peru;Julho;2026;66
Terrestre;Acre;Peru;Julho;2026;1
Terrestre;Amazonas;Peru;Julho;2026;129
Terrestre;Roraima;Peru;Julho;2026;10
Terrestre;Amapá;Peru;Julho;2026;38
Terrestre;Paraná;Peru;Julho;2026;137
Terrestre;Paraná;Peru;Julho;2026;748
Terrestre;Paraná;Peru;Julho;2026;1
Terrestre;Santa Catarina;Peru;Julho;2026;1
Terrestre;Rio Grande do Sul;Peru;Julho;2026;9
Terrestre;Rio Grande do Sul;Peru;Julho;2026;4
Terrestre;Rio Grande do Sul;Peru;Julho;2026;18
Terrestre;Mato Grosso do Sul;Peru;Julho;2026;99
Terrestre;Mato Grosso;Peru;Julho;2026;1
Fluvial;Amapá;Peru;Julho;2026;30
Fluvial;Rio Grande do Sul;Peru;Julho;2026;3
Aérea;Amazonas;Polônia;Julho;2026;1
Aérea;Pará;Polônia;Julho;2026;2
Aérea;Ceará;Polônia;Julho;2026;35
Aérea;Rio Grande do Norte;Polônia;Julho;2026;7
Aérea;Pernambuco;Polônia;Julho;2026;23
Aérea;Alagoas;Polônia;Julho;2026;1
Aérea;Bahia;Polônia;Julho;2026;27
Aérea;Minas Gerais;Polônia;Julho;2026;11
Aérea;Rio de Janeiro;Polônia;Julho;2026;784
Aérea;São Paulo;Polônia;Julho;2026;5
Aérea;São Paulo;Polônia;Julho;2026;642
Aérea;São Paulo;Polônia;Julho;2026;1
Aérea;Paraná;Polônia;Julho;2026;1
Aérea;Santa Catarina;Polônia;Julho;2026;5
Aérea;Rio Grande do Sul;Polônia;Julho;2026;13
Aérea;Distrito Federal;Polônia;Julho;2026;17
Terrestre;Acre;Polônia;Julho;2026;2
Terrestre;Amazonas;Polônia;Julho;2026;1
Terrestre;Paraná;Polônia;Julho;2026;17
Terrestre;Paraná;Polônia;Julho;2026;197
Terrestre;Rio Grande do Sul;Polônia;Julho;2026;1
Marítima;Rio de Janeiro;Polônia;Julho;2026;1
Fluvial;Amapá;Polônia;Julho;2026;4
Aérea;Amazonas;Portugal;Julho;2026;58
Aérea;Pará;Portugal;Julho;2026;294
Aérea;Ceará;Portugal;Julho;2026;2509
Aérea;Rio Grande do Norte;Portugal;Julho;2026;564
Aérea;Pernambuco;Portugal;Julho;2026;969
Aérea;Alagoas;Portugal;Julho;2026;297
Aérea;Bahia;Portugal;Julho;2026;719
Aérea;Minas Gerais;Portugal;Julho;2026;980
Aérea;Rio de Janeiro;Portugal;Julho;2026;2591
Aérea;São Paulo;Portugal;Julho;2026;806
Aérea;São Paulo;Portugal;Julho;2026;5149
Aérea;Paraná;Portugal;Julho;2026;58
Aérea;Santa Catarina;Portugal;Julho;2026;104
Aérea;Rio Grande do Sul;Portugal;Julho;2026;220
Aérea;Distrito Federal;Portugal;Julho;2026;433
Terrestre;Acre;Portugal;Julho;2026;2
Terrestre;Amazonas;Portugal;Julho;2026;2
Terrestre;Amapá;Portugal;Julho;2026;8
Terrestre;Paraná;Portugal;Julho;2026;22
Terrestre;Paraná;Portugal;Julho;2026;60
Terrestre;Rio Grande do Sul;Portugal;Julho;2026;5
Terrestre;Rio Grande do Sul;Portugal;Julho;2026;1
Terrestre;Rio Grande do Sul;Portugal;Julho;2026;2
Terrestre;Rio Grande do Sul;Portugal;Julho;2026;1
Fluvial;Amapá;Portugal;Julho;2026;2
Aérea;Minas Gerais;Quirguistão;Julho;2026;1
Aérea;Rio de Janeiro;Quirguistão;Julho;2026;1
Aérea;São Paulo;Quirguistão;Julho;2026;8
Aérea;Bahia;Quênia;Julho;2026;1
Aérea;Rio de Janeiro;Quênia;Julho;2026;92
Aérea;São Paulo;Quênia;Julho;2026;151
Aérea;Rio Grande do Sul;Quênia;Julho;2026;1
Aérea;Amazonas;Reino Unido;Julho;2026;36
Aérea;Pará;Reino Unido;Julho;2026;26
Aérea;Ceará;Reino Unido;Julho;2026;304
Aérea;Rio Grande do Norte;Reino Unido;Julho;2026;80
Aérea;Pernambuco;Reino Unido;Julho;2026;165
Aérea;Alagoas;Reino Unido;Julho;2026;1
Aérea;Bahia;Reino Unido;Julho;2026;165
Aérea;Minas Gerais;Reino Unido;Julho;2026;82
Aérea;Rio de Janeiro;Reino Unido;Julho;2026;4738
Aérea;São Paulo;Reino Unido;Julho;2026;38
Aérea;São Paulo;Reino Unido;Julho;2026;7136
Aérea;São Paulo;Reino Unido;Julho;2026;1
Aérea;Paraná;Reino Unido;Julho;2026;20
Aérea;Paraná;Reino Unido;Julho;2026;9
Aérea;Santa Catarina;Reino Unido;Julho;2026;43
Aérea;Rio Grande do Sul;Reino Unido;Julho;2026;34
Aérea;Distrito Federal;Reino Unido;Julho;2026;85
Terrestre;Acre;Reino Unido;Julho;2026;5
Terrestre;Acre;Reino Unido;Julho;2026;1
Terrestre;Amazonas;Reino Unido;Julho;2026;5
Terrestre;Roraima;Reino Unido;Julho;2026;8
Terrestre;Roraima;Reino Unido;Julho;2026;1
Terrestre;Amapá;Reino Unido;Julho;2026;8
Terrestre;Paraná;Reino Unido;Julho;2026;52
Terrestre;Paraná;Reino Unido;Julho;2026;821
Terrestre;Paraná;Reino Unido;Julho;2026;1
Terrestre;Rio Grande do Sul;Reino Unido;Julho;2026;5
Terrestre;Rio Grande do Sul;Reino Unido;Julho;2026;1
Terrestre;Rio Grande do Sul;Reino Unido;Julho;2026;9
Marítima;Pernambuco;Reino Unido;Julho;2026;1
Aérea;São Paulo;República Centro Africana;Julho;2026;1
Aérea;Ceará;República Democrática do Congo;Julho;2026;1
Aérea;Bahia;República Democrática do Congo;Julho;2026;1
Aérea;Minas Gerais;República Democrática do Congo;Julho;2026;1
Aérea;Rio de Janeiro;República Democrática do Congo;Julho;2026;7
Aérea;São Paulo;República Democrática do Congo;Julho;2026;45
Aérea;Amazonas;República Dominicana;Julho;2026;6
Aérea;Pará;República Dominicana;Julho;2026;12
Aérea;Pernambuco;República Dominicana;Julho;2026;1
Aérea;Bahia;República Dominicana;Julho;2026;4
Aérea;Minas Gerais;República Dominicana;Julho;2026;4
Aérea;Rio de Janeiro;República Dominicana;Julho;2026;532
Aérea;São Paulo;República Dominicana;Julho;2026;2
Aérea;São Paulo;República Dominicana;Julho;2026;956
Aérea;Santa Catarina;República Dominicana;Julho;2026;2
Aérea;Rio Grande do Sul;República Dominicana;Julho;2026;50
Aérea;Distrito Federal;República Dominicana;Julho;2026;50
Terrestre;Acre;República Dominicana;Julho;2026;3
Terrestre;Amazonas;República Dominicana;Julho;2026;18
Terrestre;Roraima;República Dominicana;Julho;2026;2
Terrestre;Amapá;República Dominicana;Julho;2026;24
Terrestre;Paraná;República Dominicana;Julho;2026;9
Terrestre;Paraná;República Dominicana;Julho;2026;54
Terrestre;Paraná;República Dominicana;Julho;2026;1
Terrestre;Rio Grande do Sul;República Dominicana;Julho;2026;8
Terrestre;Rio Grande do Sul;República Dominicana;Julho;2026;1
Terrestre;Rio Grande do Sul;República Dominicana;Julho;2026;1
Terrestre;Mato Grosso do Sul;República Dominicana;Julho;2026;3
Aérea;Amazonas;República Tcheca;Julho;2026;3
Aérea;Ceará;República Tcheca;Julho;2026;11
Aérea;Rio Grande do Norte;República Tcheca;Julho;2026;5
Aérea;Pernambuco;República Tcheca;Julho;2026;5
Aérea;Bahia;República Tcheca;Julho;2026;13
Aérea;Minas Gerais;República Tcheca;Julho;2026;5
Aérea;Rio de Janeiro;República Tcheca;Julho;2026;134
Aérea;São Paulo;República Tcheca;Julho;2026;2
Aérea;São Paulo;República Tcheca;Julho;2026;267
Aérea;Paraná;República Tcheca;Julho;2026;4
Aérea;Santa Catarina;República Tcheca;Julho;2026;2
Aérea;Rio Grande do Sul;República Tcheca;Julho;2026;27
Terrestre;Amazonas;República Tcheca;Julho;2026;2
Terrestre;Paraná;República Tcheca;Julho;2026;4
Terrestre;Paraná;República Tcheca;Julho;2026;102
Terrestre;Mato Grosso do Sul;República Tcheca;Julho;2026;1
Aérea;Amazonas;República da Coreia;Julho;2026;11
Aérea;Ceará;República da Coreia;Julho;2026;10
Aérea;Rio Grande do Norte;República da Coreia;Julho;2026;1
Aérea;Pernambuco;República da Coreia;Julho;2026;2
Aérea;Bahia;República da Coreia;Julho;2026;9
Aérea;Bahia;República da Coreia;Julho;2026;1
Aérea;Minas Gerais;República da Coreia;Julho;2026;1
Aérea;Rio de Janeiro;República da Coreia;Julho;2026;152
Aérea;São Paulo;República da Coreia;Julho;2026;4
Aérea;São Paulo;República da Coreia;Julho;2026;1303
Aérea;São Paulo;República da Coreia;Julho;2026;1
Aérea;Paraná;República da Coreia;Julho;2026;6
Aérea;Paraná;República da Coreia;Julho;2026;3
Aérea;Santa Catarina;República da Coreia;Julho;2026;6
Aérea;Rio Grande do Sul;República da Coreia;Julho;2026;1
Aérea;Distrito Federal;República da Coreia;Julho;2026;167
Terrestre;Amazonas;República da Coreia;Julho;2026;1
Terrestre;Roraima;República da Coreia;Julho;2026;1
Terrestre;Paraná;República da Coreia;Julho;2026;80
Terrestre;Paraná;República da Coreia;Julho;2026;138
Terrestre;Mato Grosso do Sul;República da Coreia;Julho;2026;2
Fluvial;Rio Grande do Sul;República da Coreia;Julho;2026;1
Aérea;Pará;República do Kosovo;Julho;2026;1
Aérea;Ceará;República do Kosovo;Julho;2026;1
Aérea;Rio de Janeiro;República do Kosovo;Julho;2026;2
Aérea;São Paulo;República do Kosovo;Julho;2026;5
Aérea;Amazonas;Romênia;Julho;2026;1
Aérea;Pará;Romênia;Julho;2026;2
Aérea;Ceará;Romênia;Julho;2026;9
Aérea;Rio Grande do Norte;Romênia;Julho;2026;4
Aérea;Pernambuco;Romênia;Julho;2026;7
Aérea;Bahia;Romênia;Julho;2026;4
Aérea;Minas Gerais;Romênia;Julho;2026;7
Aérea;Rio de Janeiro;Romênia;Julho;2026;156
Aérea;São Paulo;Romênia;Julho;2026;6
Aérea;São Paulo;Romênia;Julho;2026;260
Aérea;Rio Grande do Sul;Romênia;Julho;2026;1
Aérea;Distrito Federal;Romênia;Julho;2026;4
Terrestre;Roraima;Romênia;Julho;2026;1
Terrestre;Paraná;Romênia;Julho;2026;14
Terrestre;Paraná;Romênia;Julho;2026;32
Terrestre;Mato Grosso do Sul;Romênia;Julho;2026;2
Marítima;Rio de Janeiro;Romênia;Julho;2026;2
Fluvial;Amapá;Romênia;Julho;2026;2
Aérea;Pernambuco;Ruanda;Julho;2026;1
Aérea;Rio de Janeiro;Ruanda;Julho;2026;13
Aérea;São Paulo;Ruanda;Julho;2026;7
Aérea;Amazonas;Rússia;Julho;2026;10
Aérea;Roraima;Rússia;Julho;2026;3
Aérea;Pará;Rússia;Julho;2026;3
Aérea;Ceará;Rússia;Julho;2026;9
Aérea;Rio Grande do Norte;Rússia;Julho;2026;4
Aérea;Pernambuco;Rússia;Julho;2026;6
Aérea;Bahia;Rússia;Julho;2026;6
Aérea;Minas Gerais;Rússia;Julho;2026;2
Aérea;Rio de Janeiro;Rússia;Julho;2026;302
Aérea;São Paulo;Rússia;Julho;2026;4
Aérea;São Paulo;Rússia;Julho;2026;3096
Aérea;Paraná;Rússia;Julho;2026;3
Aérea;Paraná;Rússia;Julho;2026;2
Aérea;Santa Catarina;Rússia;Julho;2026;44
Aérea;Rio Grande do Sul;Rússia;Julho;2026;6
Aérea;Distrito Federal;Rússia;Julho;2026;13
Terrestre;Rondônia;Rússia;Julho;2026;1
Terrestre;Acre;Rússia;Julho;2026;1
Terrestre;Amazonas;Rússia;Julho;2026;2
Terrestre;Paraná;Rússia;Julho;2026;48
Terrestre;Paraná;Rússia;Julho;2026;117
Terrestre;Paraná;Rússia;Julho;2026;1
Terrestre;Santa Catarina;Rússia;Julho;2026;3
Terrestre;Rio Grande do Sul;Rússia;Julho;2026;12
Terrestre;Rio Grande do Sul;Rússia;Julho;2026;8
Terrestre;Rio Grande do Sul;Rússia;Julho;2026;2
Terrestre;Rio Grande do Sul;Rússia;Julho;2026;9
Terrestre;Mato Grosso do Sul;Rússia;Julho;2026;5
Marítima;Rio de Janeiro;Rússia;Julho;2026;1
Marítima;Santa Catarina;Rússia;Julho;2026;1
Fluvial;Rio Grande do Sul;Rússia;Julho;2026;1
Aérea;São Paulo;San Marino;Julho;2026;3
Aérea;Rio de Janeiro;Santa Lúcia;Julho;2026;3
Aérea;São Paulo;Santa Lúcia;Julho;2026;17
Terrestre;Amapá;Santa Lúcia;Julho;2026;1
Terrestre;Paraná;Santa Lúcia;Julho;2026;1
Aérea;Rio de Janeiro;Senegal;Julho;2026;6
Aérea;São Paulo;Senegal;Julho;2026;4
Aérea;Distrito Federal;Senegal;Julho;2026;1
Aérea;Pernambuco;Serra Leoa;Julho;2026;1
Aérea;Rio de Janeiro;Serra Leoa;Julho;2026;2
Aérea;São Paulo;Somália;Julho;2026;2
Aérea;Rio de Janeiro;Sri Lanka;Julho;2026;13
Aérea;São Paulo;Sri Lanka;Julho;2026;14
Aérea;Rio de Janeiro;Suazilândia;Julho;2026;11
Aérea;São Paulo;Suazilândia;Julho;2026;10
Aérea;Rio de Janeiro;Sudão;Julho;2026;1
Aérea;São Paulo;Sudão;Julho;2026;18
Aérea;Pará;Suriname;Julho;2026;802
Aérea;Minas Gerais;Suriname;Julho;2026;2
Aérea;Rio de Janeiro;Suriname;Julho;2026;13
Aérea;São Paulo;Suriname;Julho;2026;17
Terrestre;Roraima;Suriname;Julho;2026;10
Terrestre;Amapá;Suriname;Julho;2026;44
Terrestre;Paraná;Suriname;Julho;2026;2
Fluvial;Amapá;Suriname;Julho;2026;6
Aérea;Amazonas;Suécia;Julho;2026;3
Aérea;Pará;Suécia;Julho;2026;2
Aérea;Ceará;Suécia;Julho;2026;122
Aérea;Rio Grande do Norte;Suécia;Julho;2026;13
Aérea;Pernambuco;Suécia;Julho;2026;17
Aérea;Bahia;Suécia;Julho;2026;29
Aérea;Minas Gerais;Suécia;Julho;2026;6
Aérea;Rio de Janeiro;Suécia;Julho;2026;510
Aérea;São Paulo;Suécia;Julho;2026;4
Aérea;São Paulo;Suécia;Julho;2026;594
Aérea;Paraná;Suécia;Julho;2026;5
Aérea;Santa Catarina;Suécia;Julho;2026;1
Aérea;Rio Grande do Sul;Suécia;Julho;2026;8
Aérea;Distrito Federal;Suécia;Julho;2026;27
Terrestre;Paraná;Suécia;Julho;2026;5
Terrestre;Paraná;Suécia;Julho;2026;51
Terrestre;Rio Grande do Sul;Suécia;Julho;2026;7
Aérea;Amazonas;Suíça;Julho;2026;48
Aérea;Pará;Suíça;Julho;2026;96
Aérea;Ceará;Suíça;Julho;2026;760
Aérea;Rio Grande do Norte;Suíça;Julho;2026;160
Aérea;Pernambuco;Suíça;Julho;2026;417
Aérea;Alagoas;Suíça;Julho;2026;9
Aérea;Bahia;Suíça;Julho;2026;364
Aérea;Minas Gerais;Suíça;Julho;2026;128
Aérea;Rio de Janeiro;Suíça;Julho;2026;2537
Aérea;São Paulo;Suíça;Julho;2026;15
Aérea;São Paulo;Suíça;Julho;2026;3000
Aérea;São Paulo;Suíça;Julho;2026;2
Aérea;Paraná;Suíça;Julho;2026;3
Aérea;Santa Catarina;Suíça;Julho;2026;21
Aérea;Rio Grande do Sul;Suíça;Julho;2026;4
Aérea;Distrito Federal;Suíça;Julho;2026;164
Terrestre;Rondônia;Suíça;Julho;2026;1
Terrestre;Acre;Suíça;Julho;2026;2
Terrestre;Amazonas;Suíça;Julho;2026;3
Terrestre;Roraima;Suíça;Julho;2026;3
Terrestre;Amapá;Suíça;Julho;2026;3
Terrestre;Paraná;Suíça;Julho;2026;38
Terrestre;Paraná;Suíça;Julho;2026;265
Terrestre;Paraná;Suíça;Julho;2026;2
Terrestre;Santa Catarina;Suíça;Julho;2026;2
Terrestre;Rio Grande do Sul;Suíça;Julho;2026;4
Terrestre;Rio Grande do Sul;Suíça;Julho;2026;1
Terrestre;Rio Grande do Sul;Suíça;Julho;2026;3
Terrestre;Rio Grande do Sul;Suíça;Julho;2026;2
Terrestre;Rio Grande do Sul;Suíça;Julho;2026;1
Terrestre;Mato Grosso do Sul;Suíça;Julho;2026;2
Terrestre;Mato Grosso do Sul;Suíça;Julho;2026;11
Marítima;Pernambuco;Suíça;Julho;2026;2
Fluvial;Amapá;Suíça;Julho;2026;2
Aérea;Rio de Janeiro;Suíça;Julho;2026;1
Aérea;Ceará;São Cristóvão e Nevis;Julho;2026;2
Aérea;Rio de Janeiro;São Cristóvão e Nevis;Julho;2026;3
Aérea;São Paulo;São Cristóvão e Nevis;Julho;2026;25
Aérea;Ceará;São Tome e Príncipe;Julho;2026;1
Aérea;Bahia;São Tome e Príncipe;Julho;2026;2
Aérea;Rio de Janeiro;São Tome e Príncipe;Julho;2026;1
Aérea;Pará;São Vicente e Granadinas;Julho;2026;7
Aérea;Rio de Janeiro;São Vicente e Granadinas;Julho;2026;3
Aérea;São Paulo;São Vicente e Granadinas;Julho;2026;2
Terrestre;Paraná;São Vicente e Granadinas;Julho;2026;5
Aérea;Pará;Sérvia;Julho;2026;2
Aérea;Ceará;Sérvia;Julho;2026;1
Aérea;Rio Grande do Norte;Sérvia;Julho;2026;1
Aérea;Rio de Janeiro;Sérvia;Julho;2026;62
Aérea;São Paulo;Sérvia;Julho;2026;1
Aérea;São Paulo;Sérvia;Julho;2026;74
Aérea;Santa Catarina;Sérvia;Julho;2026;2
Aérea;Distrito Federal;Sérvia;Julho;2026;3
Terrestre;Paraná;Sérvia;Julho;2026;3
Aérea;Pernambuco;Síria;Julho;2026;1
Aérea;Rio de Janeiro;Síria;Julho;2026;5
Aérea;São Paulo;Síria;Julho;2026;25
Aérea;São Paulo;Tadjiquistão;Julho;2026;2
Aérea;Ceará;Tailândia;Julho;2026;1
Aérea;Rio Grande do Norte;Tailândia;Julho;2026;1
Aérea;Pernambuco;Tailândia;Julho;2026;1
Aérea;Rio de Janeiro;Tailândia;Julho;2026;108
Aérea;São Paulo;Tailândia;Julho;2026;116
Aérea;Paraná;Tailândia;Julho;2026;1
Terrestre;Paraná;Tailândia;Julho;2026;13
Marítima;Santa Catarina;Tailândia;Julho;2026;14
Fluvial;Amapá;Tailândia;Julho;2026;1
Aérea;Amazonas;Taiwan;Julho;2026;3
Aérea;Rio Grande do Norte;Taiwan;Julho;2026;1
Aérea;Pernambuco;Taiwan;Julho;2026;1
Aérea;Minas Gerais;Taiwan;Julho;2026;1
Aérea;Rio de Janeiro;Taiwan;Julho;2026;55
Aérea;São Paulo;Taiwan;Julho;2026;179
Aérea;Paraná;Taiwan;Julho;2026;1
Aérea;Rio Grande do Sul;Taiwan;Julho;2026;1
Aérea;Distrito Federal;Taiwan;Julho;2026;1
Terrestre;Paraná;Taiwan;Julho;2026;12
Terrestre;Paraná;Taiwan;Julho;2026;10
Aérea;Bahia;Tanzânia;Julho;2026;1
Aérea;Rio de Janeiro;Tanzânia;Julho;2026;11
Aérea;São Paulo;Tanzânia;Julho;2026;36
Aérea;Rio de Janeiro;Timor Leste;Julho;2026;1
Aérea;São Paulo;Timor Leste;Julho;2026;2
Aérea;Rio de Janeiro;Togo;Julho;2026;3
Aérea;São Paulo;Togo;Julho;2026;6
Aérea;Distrito Federal;Togo;Julho;2026;1
Aérea;Amazonas;Trinidad e Tobago;Julho;2026;9
Aérea;Pará;Trinidad e Tobago;Julho;2026;1
Aérea;Bahia;Trinidad e Tobago;Julho;2026;1
Aérea;Minas Gerais;Trinidad e Tobago;Julho;2026;3
Aérea;Rio de Janeiro;Trinidad e Tobago;Julho;2026;59
Aérea;São Paulo;Trinidad e Tobago;Julho;2026;19
Aérea;Distrito Federal;Trinidad e Tobago;Julho;2026;8
Terrestre;Roraima;Trinidad e Tobago;Julho;2026;4
Terrestre;Paraná;Trinidad e Tobago;Julho;2026;12
Aérea;Amazonas;Tunísia;Julho;2026;1
Aérea;Ceará;Tunísia;Julho;2026;4
Aérea;Pernambuco;Tunísia;Julho;2026;1
Aérea;Bahia;Tunísia;Julho;2026;3
Aérea;Rio de Janeiro;Tunísia;Julho;2026;24
Aérea;São Paulo;Tunísia;Julho;2026;156
Aérea;Amazonas;Turquia;Julho;2026;2
Aérea;Ceará;Turquia;Julho;2026;1
Aérea;Rio Grande do Norte;Turquia;Julho;2026;2
Aérea;Bahia;Turquia;Julho;2026;2
Aérea;Minas Gerais;Turquia;Julho;2026;1
Aérea;Rio de Janeiro;Turquia;Julho;2026;107
Aérea;São Paulo;Turquia;Julho;2026;1306
Aérea;Paraná;Turquia;Julho;2026;1
Aérea;Distrito Federal;Turquia;Julho;2026;4
Terrestre;Paraná;Turquia;Julho;2026;11
Terrestre;Paraná;Turquia;Julho;2026;52
Terrestre;Rio Grande do Sul;Turquia;Julho;2026;1
Terrestre;Mato Grosso do Sul;Turquia;Julho;2026;2
Aérea;Rio de Janeiro;Turquia;Julho;2026;2
Aérea;Amazonas;Ucrânia;Julho;2026;2
Aérea;Pará;Ucrânia;Julho;2026;2
Aérea;Ceará;Ucrânia;Julho;2026;1
Aérea;Rio Grande do Norte;Ucrânia;Julho;2026;1
Aérea;Pernambuco;Ucrânia;Julho;2026;10
Aérea;Bahia;Ucrânia;Julho;2026;9
Aérea;Minas Gerais;Ucrânia;Julho;2026;1
Aérea;Rio de Janeiro;Ucrânia;Julho;2026;156
Aérea;São Paulo;Ucrânia;Julho;2026;3
Aérea;São Paulo;Ucrânia;Julho;2026;231
Aérea;Paraná;Ucrânia;Julho;2026;1
Aérea;Santa Catarina;Ucrânia;Julho;2026;10
Aérea;Rio Grande do Sul;Ucrânia;Julho;2026;4
Aérea;Distrito Federal;Ucrânia;Julho;2026;4
Terrestre;Paraná;Ucrânia;Julho;2026;14
Terrestre;Paraná;Ucrânia;Julho;2026;8
Terrestre;Rio Grande do Sul;Ucrânia;Julho;2026;2
Marítima;Pernambuco;Ucrânia;Julho;2026;1
Marítima;Bahia;Ucrânia;Julho;2026;2
Marítima;Rio de Janeiro;Ucrânia;Julho;2026;1
Fluvial;Amapá;Ucrânia;Julho;2026;1
Aérea;Rio de Janeiro;Uganda;Julho;2026;44
Aérea;São Paulo;Uganda;Julho;2026;117
Aérea;Amazonas;Uruguai;Julho;2026;7
Aérea;Roraima;Uruguai;Julho;2026;1
Aérea;Ceará;Uruguai;Julho;2026;395
Aérea;Rio Grande do Norte;Uruguai;Julho;2026;520
Aérea;Pernambuco;Uruguai;Julho;2026;1050
Aérea;Bahia;Uruguai;Julho;2026;25
Aérea;Bahia;Uruguai;Julho;2026;1054
Aérea;Minas Gerais;Uruguai;Julho;2026;106
Aérea;Rio de Janeiro;Uruguai;Julho;2026;6322
Aérea;São Paulo;Uruguai;Julho;2026;2
Aérea;São Paulo;Uruguai;Julho;2026;5800
Aérea;Paraná;Uruguai;Julho;2026;1
Aérea;Santa Catarina;Uruguai;Julho;2026;11
Aérea;Rio Grande do Sul;Uruguai;Julho;2026;312
Aérea;Distrito Federal;Uruguai;Julho;2026;35
Terrestre;Acre;Uruguai;Julho;2026;3
Terrestre;Roraima;Uruguai;Julho;2026;1
Terrestre;Paraná;Uruguai;Julho;2026;215
Terrestre;Paraná;Uruguai;Julho;2026;752
Terrestre;Paraná;Uruguai;Julho;2026;11
Terrestre;Santa Catarina;Uruguai;Julho;2026;2
Terrestre;Rio Grande do Sul;Uruguai;Julho;2026;1083
Terrestre;Rio Grande do Sul;Uruguai;Julho;2026;16
Terrestre;Rio Grande do Sul;Uruguai;Julho;2026;2728
Terrestre;Rio Grande do Sul;Uruguai;Julho;2026;3764
Terrestre;Rio Grande do Sul;Uruguai;Julho;2026;694
Terrestre;Rio Grande do Sul;Uruguai;Julho;2026;4245
Terrestre;Rio Grande do Sul;Uruguai;Julho;2026;86
Terrestre;Rio Grande do Sul;Uruguai;Julho;2026;367
Terrestre;Mato Grosso do Sul;Uruguai;Julho;2026;2
Terrestre;Mato Grosso do Sul;Uruguai;Julho;2026;5
Marítima;Rio de Janeiro;Uruguai;Julho;2026;1
Marítima;São Paulo;Uruguai;Julho;2026;3
Fluvial;Rio Grande do Sul;Uruguai;Julho;2026;11
Aérea;Rio de Janeiro;Uzbequistão;Julho;2026;8
Aérea;São Paulo;Uzbequistão;Julho;2026;30
Aérea;Distrito Federal;Uzbequistão;Julho;2026;2
Terrestre;Paraná;Uzbequistão;Julho;2026;1
Aérea;São Paulo;Vanuatu;Julho;2026;2
Aérea;São Paulo;Vaticano;Julho;2026;1
Aérea;Amazonas;Venezuela;Julho;2026;17
Aérea;Roraima;Venezuela;Julho;2026;83
Aérea;Pará;Venezuela;Julho;2026;7
Aérea;Ceará;Venezuela;Julho;2026;8
Aérea;Pernambuco;Venezuela;Julho;2026;22
Aérea;Bahia;Venezuela;Julho;2026;17
Aérea;Minas Gerais;Venezuela;Julho;2026;10
Aérea;Rio de Janeiro;Venezuela;Julho;2026;1128
Aérea;São Paulo;Venezuela;Julho;2026;3
Aérea;São Paulo;Venezuela;Julho;2026;1248
Aérea;Paraná;Venezuela;Julho;2026;49
Aérea;Paraná;Venezuela;Julho;2026;35
Aérea;Santa Catarina;Venezuela;Julho;2026;243
Aérea;Rio Grande do Sul;Venezuela;Julho;2026;31
Aérea;Distrito Federal;Venezuela;Julho;2026;84
Terrestre;Rondônia;Venezuela;Julho;2026;8
Terrestre;Acre;Venezuela;Julho;2026;18
Terrestre;Acre;Venezuela;Julho;2026;2
Terrestre;Amazonas;Venezuela;Julho;2026;16
Terrestre;Roraima;Venezuela;Julho;2026;89
Terrestre;Roraima;Venezuela;Julho;2026;6721
Terrestre;Amapá;Venezuela;Julho;2026;2
Terrestre;Paraná;Venezuela;Julho;2026;31
Terrestre;Paraná;Venezuela;Julho;2026;77
Terrestre;Santa Catarina;Venezuela;Julho;2026;5
Terrestre;Rio Grande do Sul;Venezuela;Julho;2026;4
Terrestre;Rio Grande do Sul;Venezuela;Julho;2026;16
Terrestre;Rio Grande do Sul;Venezuela;Julho;2026;5
Terrestre;Rio Grande do Sul;Venezuela;Julho;2026;7
Terrestre;Rio Grande do Sul;Venezuela;Julho;2026;2
Terrestre;Rio Grande do Sul;Venezuela;Julho;2026;49
Terrestre;Mato Grosso do Sul;Venezuela;Julho;2026;83
Terrestre;Mato Grosso;Venezuela;Julho;2026;5
Aérea;Rio de Janeiro;Vietnã;Julho;2026;26
Aérea;São Paulo;Vietnã;Julho;2026;56
Aérea;Distrito Federal;Vietnã;Julho;2026;11
Aérea;Pernambuco;Zimbábue;Julho;2026;1
Aérea;Rio de Janeiro;Zimbábue;Julho;2026;41
Aérea;São Paulo;Zimbábue;Julho;2026;130
Aérea;Rio de Janeiro;Zâmbia;Julho;2026;28
Aérea;São Paulo;Zâmbia;Julho;2026;48
Aérea;Amazonas;África do Sul;Julho;2026;1
Aérea;Pará;África do Sul;Julho;2026;2
Aérea;Ceará;África do Sul;Julho;2026;2
Aérea;Alagoas;África do Sul;Julho;2026;1
Aérea;Minas Gerais;África do Sul;Julho;2026;2
Aérea;Rio de Janeiro;África do Sul;Julho;2026;254
Aérea;São Paulo;África do Sul;Julho;2026;1471
Aérea;Santa Catarina;África do Sul;Julho;2026;1
Aérea;Rio Grande do Sul;África do Sul;Julho;2026;3
Aérea;Distrito Federal;África do Sul;Julho;2026;1
Terrestre;Acre;África do Sul;Julho;2026;1
Terrestre;Amazonas;África do Sul;Julho;2026;2
Terrestre;Roraima;África do Sul;Julho;2026;1
Terrestre;Paraná;África do Sul;Julho;2026;9
Terrestre;Paraná;África do Sul;Julho;2026;25
Terrestre;Mato Grosso do Sul;África do Sul;Julho;2026;2
Marítima;Paraíba;África do Sul;Julho;2026;2
Aérea;Amazonas;Áustria;Julho;2026;12
Aérea;Pará;Áustria;Julho;2026;2
Aérea;Ceará;Áustria;Julho;2026;95
Aérea;Rio Grande do Norte;Áustria;Julho;2026;9
Aérea;Pernambuco;Áustria;Julho;2026;40
Aérea;Bahia;Áustria;Julho;2026;46
Aérea;Minas Gerais;Áustria;Julho;2026;8
Aérea;Rio de Janeiro;Áustria;Julho;2026;548
Aérea;São Paulo;Áustria;Julho;2026;5
Aérea;São Paulo;Áustria;Julho;2026;1228
Aérea;São Paulo;Áustria;Julho;2026;1
Aérea;Paraná;Áustria;Julho;2026;1
Aérea;Paraná;Áustria;Julho;2026;5
Aérea;Santa Catarina;Áustria;Julho;2026;3
Aérea;Rio Grande do Sul;Áustria;Julho;2026;1
Aérea;Distrito Federal;Áustria;Julho;2026;15
Terrestre;Amazonas;Áustria;Julho;2026;1
Terrestre;Roraima;Áustria;Julho;2026;1
Terrestre;Amapá;Áustria;Julho;2026;1
Terrestre;Paraná;Áustria;Julho;2026;9
Terrestre;Paraná;Áustria;Julho;2026;88
Terrestre;Rio Grande do Sul;Áustria;Julho;2026;6
Fluvial;Amapá;Áustria;Julho;2026;3
Aérea;Amazonas;Índia;Julho;2026;3
Aérea;Ceará;Índia;Julho;2026;12
Aérea;Rio Grande do Norte;Índia;Julho;2026;3
Aérea;Pernambuco;Índia;Julho;2026;1
Aérea;Bahia;Índia;Julho;2026;1
Aérea;Minas Gerais;Índia;Julho;2026;2
Aérea;Rio de Janeiro;Índia;Julho;2026;273
Aérea;São Paulo;Índia;Julho;2026;1053
Aérea;Paraná;Índia;Julho;2026;1
Aérea;Paraná;Índia;Julho;2026;3
Aérea;Santa Catarina;Índia;Julho;2026;1
Aérea;Rio Grande do Sul;Índia;Julho;2026;2
Aérea;Distrito Federal;Índia;Julho;2026;15
Terrestre;Acre;Índia;Julho;2026;2
Terrestre;Paraná;Índia;Julho;2026;1
Terrestre;Paraná;Índia;Julho;2026;43
Terrestre;Rio Grande do Sul;Índia;Julho;2026;1
Fluvial;Rio Grande do Sul;Índia;Julho;2026;2
Aérea;São Paulo;Afeganistão;Agosto;2026;4
Aérea;Ceará;Albânia;Agosto;2026;3
Aérea;Bahia;Albânia;Agosto;2026;3
Aérea;Rio de Janeiro;Albânia;Agosto;2026;19
Aérea;São Paulo;Albânia;Agosto;2026;1
Aérea;São Paulo;Albânia;Agosto;2026;42
Aérea;Distrito Federal;Albânia;Agosto;2026;1
Terrestre;Paraná;Albânia;Agosto;2026;1
Aérea;Amazonas;Alemanha;Agosto;2026;54
Aérea;Pará;Alemanha;Agosto;2026;122
Aérea;Ceará;Alemanha;Agosto;2026;610
Aérea;Rio Grande do Norte;Alemanha;Agosto;2026;89
Aérea;Pernambuco;Alemanha;Agosto;2026;656
Aérea;Alagoas;Alemanha;Agosto;2026;17
Aérea;Bahia;Alemanha;Agosto;2026;2
Aérea;Bahia;Alemanha;Agosto;2026;707
Aérea;Minas Gerais;Alemanha;Agosto;2026;104
Aérea;Rio de Janeiro;Alemanha;Agosto;2026;4100
Aérea;São Paulo;Alemanha;Agosto;2026;59
Aérea;São Paulo;Alemanha;Agosto;2026;8471
Aérea;Paraná;Alemanha;Agosto;2026;5
Aérea;Paraná;Alemanha;Agosto;2026;26
Aérea;Santa Catarina;Alemanha;Agosto;2026;67
Aérea;Rio Grande do Sul;Alemanha;Agosto;2026;43
Aérea;Mato Grosso;Alemanha;Agosto;2026;1
Aérea;Distrito Federal;Alemanha;Agosto;2026;155
Terrestre;Rondônia;Alemanha;Agosto;2026;20
Terrestre;Acre;Alemanha;Agosto;2026;8
Terrestre;Acre;Alemanha;Agosto;2026;4
Terrestre;Amazonas;Alemanha;Agosto;2026;42
Terrestre;Roraima;Alemanha;Agosto;2026;3
Terrestre;Roraima;Alemanha;Agosto;2026;5
Terrestre;Amapá;Alemanha;Agosto;2026;4
Terrestre;Paraná;Alemanha;Agosto;2026;205
Terrestre;Paraná;Alemanha;Agosto;2026;736
Terrestre;Paraná;Alemanha;Agosto;2026;13
Terrestre;Paraná;Alemanha;Agosto;2026;2
Terrestre;Rio Grande do Sul;Alemanha;Agosto;2026;27
Terrestre;Rio Grande do Sul;Alemanha;Agosto;2026;1
Terrestre;Rio Grande do Sul;Alemanha;Agosto;2026;12
Terrestre;Rio Grande do Sul;Alemanha;Agosto;2026;5
Terrestre;Mato Grosso do Sul;Alemanha;Agosto;2026;16
Terrestre;Mato Grosso do Sul;Alemanha;Agosto;2026;11
Terrestre;Mato Grosso;Alemanha;Agosto;2026;3
Marítima;Pernambuco;Alemanha;Agosto;2026;1
Fluvial;Amapá;Alemanha;Agosto;2026;1
Fluvial;Rio Grande do Sul;Alemanha;Agosto;2026;6
Aérea;Rio Grande do Norte;Andorra;Agosto;2026;1
Aérea;Bahia;Andorra;Agosto;2026;1
Aérea;Minas Gerais;Andorra;Agosto;2026;1
Aérea;Rio de Janeiro;Andorra;Agosto;2026;4
Aérea;São Paulo;Andorra;Agosto;2026;1
Aérea;São Paulo;Andorra;Agosto;2026;7
Aérea;Santa Catarina;Andorra;Agosto;2026;1
Aérea;Ceará;Angola;Agosto;2026;5
Aérea;Rio Grande do Norte;Angola;Agosto;2026;1
Aérea;Bahia;Angola;Agosto;2026;3
Aérea;Minas Gerais;Angola;Agosto;2026;4
Aérea;Rio de Janeiro;Angola;Agosto;2026;15
Aérea;São Paulo;Angola;Agosto;2026;767
Aérea;Santa Catarina;Angola;Agosto;2026;1
Aérea;Distrito Federal;Angola;Agosto;2026;1
Terrestre;Paraná;Angola;Agosto;2026;1
Terrestre;Roraima;Antilhas Holandesas;Agosto;2026;1
Aérea;Bahia;Antígua e Barbuda;Agosto;2026;1
Aérea;Rio de Janeiro;Antígua e Barbuda;Agosto;2026;11
Aérea;São Paulo;Antígua e Barbuda;Agosto;2026;13
Aérea;Amazonas;Argentina;Agosto;2026;9
Aérea;Pará;Argentina;Agosto;2026;6
Aérea;Ceará;Argentina;Agosto;2026;1058
Aérea;Rio Grande do Norte;Argentina;Agosto;2026;3327
Aérea;Paraíba;Argentina;Agosto;2026;82
Aérea;Pernambuco;Argentina;Agosto;2026;5034
Aérea;Alagoas;Argentina;Agosto;2026;534
Aérea;Bahia;Argentina;Agosto;2026;2340
Aérea;Bahia;Argentina;Agosto;2026;2401
Aérea;Minas Gerais;Argentina;Agosto;2026;92
Aérea;Rio de Janeiro;Argentina;Agosto;2026;34369
Aérea;São Paulo;Argentina;Agosto;2026;68
Aérea;São Paulo;Argentina;Agosto;2026;25095
Aérea;São Paulo;Argentina;Agosto;2026;6
Aérea;Paraná;Argentina;Agosto;2026;30
Aérea;Paraná;Argentina;Agosto;2026;392
Aérea;Santa Catarina;Argentina;Agosto;2026;1494
Aérea;Rio Grande do Sul;Argentina;Agosto;2026;666
Aérea;Distrito Federal;Argentina;Agosto;2026;1271
Terrestre;Rondônia;Argentina;Agosto;2026;2
Terrestre;Acre;Argentina;Agosto;2026;12
Terrestre;Acre;Argentina;Agosto;2026;1
Terrestre;Amazonas;Argentina;Agosto;2026;6
Terrestre;Roraima;Argentina;Agosto;2026;13
Terrestre;Amapá;Argentina;Agosto;2026;1
Terrestre;Paraná;Argentina;Agosto;2026;265
Terrestre;Paraná;Argentina;Agosto;2026;343
Terrestre;Paraná;Argentina;Agosto;2026;9073
Terrestre;Paraná;Argentina;Agosto;2026;168
Terrestre;Paraná;Argentina;Agosto;2026;14
Terrestre;Paraná;Argentina;Agosto;2026;1
Terrestre;Paraná;Argentina;Agosto;2026;123
Terrestre;Santa Catarina;Argentina;Agosto;2026;1571
Terrestre;Rio Grande do Sul;Argentina;Agosto;2026;17
Terrestre;Rio Grande do Sul;Argentina;Agosto;2026;110
Terrestre;Rio Grande do Sul;Argentina;Agosto;2026;43
Terrestre;Rio Grande do Sul;Argentina;Agosto;2026;33
Terrestre;Rio Grande do Sul;Argentina;Agosto;2026;353
Terrestre;Rio Grande do Sul;Argentina;Agosto;2026;12
Terrestre;Rio Grande do Sul;Argentina;Agosto;2026;1883
Terrestre;Rio Grande do Sul;Argentina;Agosto;2026;4364
Terrestre;Mato Grosso do Sul;Argentina;Agosto;2026;49
Terrestre;Mato Grosso do Sul;Argentina;Agosto;2026;44
Terrestre;Mato Grosso;Argentina;Agosto;2026;2
Marítima;Bahia;Argentina;Agosto;2026;2
Fluvial;Rio Grande do Sul;Argentina;Agosto;2026;2683
Fluvial;Rio Grande do Sul;Argentina;Agosto;2026;2999
Aérea;Ceará;Argélia;Agosto;2026;2
Aérea;Pernambuco;Argélia;Agosto;2026;1
Aérea;Rio de Janeiro;Argélia;Agosto;2026;7
Aérea;São Paulo;Argélia;Agosto;2026;18
Terrestre;Rio Grande do Sul;Argélia;Agosto;2026;1
Terrestre;Rio Grande do Sul;Argélia;Agosto;2026;1
Aérea;Pernambuco;Armênia;Agosto;2026;1
Aérea;Rio de Janeiro;Armênia;Agosto;2026;14
Aérea;São Paulo;Armênia;Agosto;2026;1
Aérea;São Paulo;Armênia;Agosto;2026;24
Aérea;Distrito Federal;Armênia;Agosto;2026;1
Terrestre;Rio Grande do Sul;Armênia;Agosto;2026;1
Aérea;Rio de Janeiro;Arábia Saudita;Agosto;2026;37
Aérea;São Paulo;Arábia Saudita;Agosto;2026;134
Aérea;Distrito Federal;Arábia Saudita;Agosto;2026;1
Terrestre;Paraná;Arábia Saudita;Agosto;2026;1
Aérea;Amazonas;Austrália;Agosto;2026;4
Aérea;Pará;Austrália;Agosto;2026;2
Aérea;Ceará;Austrália;Agosto;2026;13
Aérea;Pernambuco;Austrália;Agosto;2026;9
Aérea;Bahia;Austrália;Agosto;2026;28
Aérea;Minas Gerais;Austrália;Agosto;2026;34
Aérea;Rio de Janeiro;Austrália;Agosto;2026;755
Aérea;São Paulo;Austrália;Agosto;2026;4
Aérea;São Paulo;Austrália;Agosto;2026;2433
Aérea;Paraná;Austrália;Agosto;2026;2
Aérea;Paraná;Austrália;Agosto;2026;17
Aérea;Santa Catarina;Austrália;Agosto;2026;16
Aérea;Rio Grande do Sul;Austrália;Agosto;2026;116
Aérea;Distrito Federal;Austrália;Agosto;2026;31
Terrestre;Amazonas;Austrália;Agosto;2026;1
Terrestre;Paraná;Austrália;Agosto;2026;10
Terrestre;Paraná;Austrália;Agosto;2026;455
Terrestre;Paraná;Austrália;Agosto;2026;1
Terrestre;Rio Grande do Sul;Austrália;Agosto;2026;8
Terrestre;Mato Grosso do Sul;Austrália;Agosto;2026;1
Terrestre;Mato Grosso do Sul;Austrália;Agosto;2026;1
Aérea;São Paulo;Azerbaijão;Agosto;2026;5
Aérea;Amazonas;Bahamas;Agosto;2026;1
Aérea;Bahia;Bahamas;Agosto;2026;1
Aérea;Rio de Janeiro;Bahamas;Agosto;2026;12
Aérea;São Paulo;Bahamas;Agosto;2026;1
Aérea;São Paulo;Bahamas;Agosto;2026;32
Aérea;Rio Grande do Sul;Bahamas;Agosto;2026;1
Aérea;Distrito Federal;Bahamas;Agosto;2026;9
Aérea;Rio de Janeiro;Bangladesh;Agosto;2026;3
Aérea;São Paulo;Bangladesh;Agosto;2026;55
Aérea;Distrito Federal;Bangladesh;Agosto;2026;1
Terrestre;Roraima;Bangladesh;Agosto;2026;1
Aérea;Amazonas;Barbados;Agosto;2026;1
Aérea;Pará;Barbados;Agosto;2026;1
Aérea;Rio de Janeiro;Barbados;Agosto;2026;14
Aérea;São Paulo;Barbados;Agosto;2026;5
Aérea;Distrito Federal;Barbados;Agosto;2026;2
Terrestre;Roraima;Barbados;Agosto;2026;2
Aérea;São Paulo;Barein;Agosto;2026;7
Aérea;Bahia;Belize;Agosto;2026;1
Aérea;Rio de Janeiro;Belize;Agosto;2026;7
Aérea;São Paulo;Belize;Agosto;2026;7
Terrestre;Amazonas;Belize;Agosto;2026;1
Terrestre;Rio Grande do Sul;Belize;Agosto;2026;1
Terrestre;Mato Grosso do Sul;Belize;Agosto;2026;1
Aérea;Pernambuco;Benin;Agosto;2026;1
Aérea;Rio de Janeiro;Benin;Agosto;2026;6
Aérea;São Paulo;Benin;Agosto;2026;41
Terrestre;Paraná;Benin;Agosto;2026;2
Aérea;Amazonas;Bielorússia;Agosto;2026;1
Aérea;Ceará;Bielorússia;Agosto;2026;3
Aérea;Pernambuco;Bielorússia;Agosto;2026;3
Aérea;Bahia;Bielorússia;Agosto;2026;1
Aérea;Rio de Janeiro;Bielorússia;Agosto;2026;11
Aérea;São Paulo;Bielorússia;Agosto;2026;2
Aérea;São Paulo;Bielorússia;Agosto;2026;46
Aérea;Distrito Federal;Bielorússia;Agosto;2026;2
Terrestre;Amazonas;Bielorússia;Agosto;2026;1
Terrestre;Paraná;Bielorússia;Agosto;2026;6
Terrestre;Paraná;Bielorússia;Agosto;2026;3
Aérea;Amazonas;Bolívia;Agosto;2026;9
Aérea;Pará;Bolívia;Agosto;2026;2
Aérea;Rio Grande do Norte;Bolívia;Agosto;2026;2
Aérea;Pernambuco;Bolívia;Agosto;2026;7
Aérea;Bahia;Bolívia;Agosto;2026;1
Aérea;Bahia;Bolívia;Agosto;2026;1
Aérea;Minas Gerais;Bolívia;Agosto;2026;3
Aérea;Rio de Janeiro;Bolívia;Agosto;2026;540
Aérea;São Paulo;Bolívia;Agosto;2026;1
Aérea;São Paulo;Bolívia;Agosto;2026;5852
Aérea;São Paulo;Bolívia;Agosto;2026;1
Aérea;Paraná;Bolívia;Agosto;2026;4
Aérea;Paraná;Bolívia;Agosto;2026;1
Aérea;Santa Catarina;Bolívia;Agosto;2026;9
Aérea;Rio Grande do Sul;Bolívia;Agosto;2026;3
Aérea;Mato Grosso;Bolívia;Agosto;2026;13
Aérea;Distrito Federal;Bolívia;Agosto;2026;6
Terrestre;Rondônia;Bolívia;Agosto;2026;385
Terrestre;Rondônia;Bolívia;Agosto;2026;3
Terrestre;Acre;Bolívia;Agosto;2026;47
Terrestre;Acre;Bolívia;Agosto;2026;566
Terrestre;Amazonas;Bolívia;Agosto;2026;1
Terrestre;Roraima;Bolívia;Agosto;2026;2
Terrestre;Amapá;Bolívia;Agosto;2026;1
Terrestre;Paraná;Bolívia;Agosto;2026;85
Terrestre;Paraná;Bolívia;Agosto;2026;69
Terrestre;Paraná;Bolívia;Agosto;2026;68
Terrestre;Rio Grande do Sul;Bolívia;Agosto;2026;1
Terrestre;Rio Grande do Sul;Bolívia;Agosto;2026;1
Terrestre;Rio Grande do Sul;Bolívia;Agosto;2026;19
Terrestre;Mato Grosso do Sul;Bolívia;Agosto;2026;2779
Terrestre;Mato Grosso do Sul;Bolívia;Agosto;2026;20
Terrestre;Mato Grosso;Bolívia;Agosto;2026;72
Fluvial;Amapá;Bolívia;Agosto;2026;3
Fluvial;Rio Grande do Sul;Bolívia;Agosto;2026;1
Aérea;Rio de Janeiro;Botsuana;Agosto;2026;1
Aérea;São Paulo;Botsuana;Agosto;2026;11
Terrestre;Roraima;Botsuana;Agosto;2026;1
Aérea;São Paulo;Brunei;Agosto;2026;1
Aérea;Amazonas;Bulgária;Agosto;2026;2
Aérea;Ceará;Bulgária;Agosto;2026;4
Aérea;Pernambuco;Bulgária;Agosto;2026;7
Aérea;Bahia;Bulgária;Agosto;2026;1
Aérea;Rio de Janeiro;Bulgária;Agosto;2026;83
Aérea;São Paulo;Bulgária;Agosto;2026;2
Aérea;São Paulo;Bulgária;Agosto;2026;138
Aérea;Paraná;Bulgária;Agosto;2026;6
Aérea;Distrito Federal;Bulgária;Agosto;2026;1
Terrestre;Paraná;Bulgária;Agosto;2026;13
Aérea;Bahia;Burkina Faso;Agosto;2026;2
Aérea;São Paulo;Burkina Faso;Agosto;2026;23
Aérea;Rio de Janeiro;Burundi;Agosto;2026;1
Aérea;São Paulo;Burundi;Agosto;2026;1
Aérea;Amazonas;Bélgica;Agosto;2026;7
Aérea;Pará;Bélgica;Agosto;2026;7
Aérea;Ceará;Bélgica;Agosto;2026;95
Aérea;Rio Grande do Norte;Bélgica;Agosto;2026;5
Aérea;Pernambuco;Bélgica;Agosto;2026;44
Aérea;Bahia;Bélgica;Agosto;2026;1
Aérea;Bahia;Bélgica;Agosto;2026;84
Aérea;Minas Gerais;Bélgica;Agosto;2026;46
Aérea;Rio de Janeiro;Bélgica;Agosto;2026;577
Aérea;São Paulo;Bélgica;Agosto;2026;11
Aérea;São Paulo;Bélgica;Agosto;2026;1243
Aérea;Paraná;Bélgica;Agosto;2026;1
Aérea;Paraná;Bélgica;Agosto;2026;3
Aérea;Santa Catarina;Bélgica;Agosto;2026;8
Aérea;Rio Grande do Sul;Bélgica;Agosto;2026;1
Aérea;Distrito Federal;Bélgica;Agosto;2026;50
Terrestre;Rondônia;Bélgica;Agosto;2026;1
Terrestre;Acre;Bélgica;Agosto;2026;5
Terrestre;Amazonas;Bélgica;Agosto;2026;1
Terrestre;Roraima;Bélgica;Agosto;2026;4
Terrestre;Roraima;Bélgica;Agosto;2026;1
Terrestre;Amapá;Bélgica;Agosto;2026;9
Terrestre;Paraná;Bélgica;Agosto;2026;4
Terrestre;Paraná;Bélgica;Agosto;2026;145
Terrestre;Paraná;Bélgica;Agosto;2026;1
Terrestre;Rio Grande do Sul;Bélgica;Agosto;2026;2
Terrestre;Rio Grande do Sul;Bélgica;Agosto;2026;1
Terrestre;Mato Grosso do Sul;Bélgica;Agosto;2026;3
Terrestre;Mato Grosso do Sul;Bélgica;Agosto;2026;5
Fluvial;Amapá;Bélgica;Agosto;2026;1
Aérea;Ceará;Bósnia-Herzegovina;Agosto;2026;1
Aérea;Pernambuco;Bósnia-Herzegovina;Agosto;2026;1
Aérea;Bahia;Bósnia-Herzegovina;Agosto;2026;1
Aérea;Rio de Janeiro;Bósnia-Herzegovina;Agosto;2026;8
Aérea;São Paulo;Bósnia-Herzegovina;Agosto;2026;14
Aérea;Amazonas;Cabo Verde;Agosto;2026;3
Aérea;Ceará;Cabo Verde;Agosto;2026;2
Aérea;Pernambuco;Cabo Verde;Agosto;2026;104
Aérea;Rio de Janeiro;Cabo Verde;Agosto;2026;7
Aérea;São Paulo;Cabo Verde;Agosto;2026;3
Aérea;São Paulo;Cabo Verde;Agosto;2026;11
Marítima;Rio de Janeiro;Cabo Verde;Agosto;2026;1
Aérea;Ceará;Camarões;Agosto;2026;1
Aérea;Minas Gerais;Camarões;Agosto;2026;1
Aérea;Rio de Janeiro;Camarões;Agosto;2026;3
Aérea;São Paulo;Camarões;Agosto;2026;73
Aérea;Distrito Federal;Camarões;Agosto;2026;1
Aérea;São Paulo;Camboja;Agosto;2026;2
Aérea;Amazonas;Canadá;Agosto;2026;63
Aérea;Pará;Canadá;Agosto;2026;10
Aérea;Ceará;Canadá;Agosto;2026;21
Aérea;Pernambuco;Canadá;Agosto;2026;1
Aérea;Bahia;Canadá;Agosto;2026;1
Aérea;Bahia;Canadá;Agosto;2026;48
Aérea;Minas Gerais;Canadá;Agosto;2026;31
Aérea;Rio de Janeiro;Canadá;Agosto;2026;1885
Aérea;São Paulo;Canadá;Agosto;2026;2
Aérea;São Paulo;Canadá;Agosto;2026;3532
Aérea;Paraná;Canadá;Agosto;2026;8
Aérea;Paraná;Canadá;Agosto;2026;2
Aérea;Santa Catarina;Canadá;Agosto;2026;13
Aérea;Rio Grande do Sul;Canadá;Agosto;2026;3
Aérea;Distrito Federal;Canadá;Agosto;2026;128
Terrestre;Amazonas;Canadá;Agosto;2026;2
Terrestre;Paraná;Canadá;Agosto;2026;14
Terrestre;Paraná;Canadá;Agosto;2026;165
Terrestre;Paraná;Canadá;Agosto;2026;2
Terrestre;Rio Grande do Sul;Canadá;Agosto;2026;2
Terrestre;Mato Grosso do Sul;Canadá;Agosto;2026;1
Aérea;Amazonas;Casaquistão;Agosto;2026;1
Aérea;Rio de Janeiro;Casaquistão;Agosto;2026;29
Aérea;São Paulo;Casaquistão;Agosto;2026;258
Terrestre;Paraná;Casaquistão;Agosto;2026;14
Aérea;Rio de Janeiro;Catar;Agosto;2026;1
Aérea;São Paulo;Catar;Agosto;2026;119
Aérea;São Paulo;Chade;Agosto;2026;2
Aérea;Amazonas;Chile;Agosto;2026;8
Aérea;Pará;Chile;Agosto;2026;6
Aérea;Ceará;Chile;Agosto;2026;172
Aérea;Rio Grande do Norte;Chile;Agosto;2026;62
Aérea;Pernambuco;Chile;Agosto;2026;676
Aérea;Alagoas;Chile;Agosto;2026;1
Aérea;Bahia;Chile;Agosto;2026;12
Aérea;Bahia;Chile;Agosto;2026;165
Aérea;Minas Gerais;Chile;Agosto;2026;244
Aérea;Rio de Janeiro;Chile;Agosto;2026;13956
Aérea;São Paulo;Chile;Agosto;2026;5
Aérea;São Paulo;Chile;Agosto;2026;9380
Aérea;Paraná;Chile;Agosto;2026;651
Aérea;Paraná;Chile;Agosto;2026;245
Aérea;Santa Catarina;Chile;Agosto;2026;4980
Aérea;Santa Catarina;Chile;Agosto;2026;1
Aérea;Rio Grande do Sul;Chile;Agosto;2026;405
Aérea;Distrito Federal;Chile;Agosto;2026;222
Terrestre;Acre;Chile;Agosto;2026;11
Terrestre;Amazonas;Chile;Agosto;2026;5
Terrestre;Roraima;Chile;Agosto;2026;1
Terrestre;Roraima;Chile;Agosto;2026;4
Terrestre;Paraná;Chile;Agosto;2026;74
Terrestre;Paraná;Chile;Agosto;2026;128
Terrestre;Paraná;Chile;Agosto;2026;27
Terrestre;Rio Grande do Sul;Chile;Agosto;2026;1
Terrestre;Rio Grande do Sul;Chile;Agosto;2026;6
Terrestre;Rio Grande do Sul;Chile;Agosto;2026;2
Terrestre;Rio Grande do Sul;Chile;Agosto;2026;1
Terrestre;Rio Grande do Sul;Chile;Agosto;2026;5
Terrestre;Rio Grande do Sul;Chile;Agosto;2026;7
Terrestre;Rio Grande do Sul;Chile;Agosto;2026;22
Terrestre;Mato Grosso do Sul;Chile;Agosto;2026;14
Terrestre;Mato Grosso do Sul;Chile;Agosto;2026;4
Marítima;São Paulo;Chile;Agosto;2026;1
Fluvial;Amapá;Chile;Agosto;2026;1
Fluvial;Rio Grande do Sul;Chile;Agosto;2026;1
Aérea;Amazonas;China;Agosto;2026;47
Aérea;Pará;China;Agosto;2026;31
Aérea;Ceará;China;Agosto;2026;51
Aérea;Rio Grande do Norte;China;Agosto;2026;4
Aérea;Paraíba;China;Agosto;2026;2
Aérea;Pernambuco;China;Agosto;2026;11
Aérea;Bahia;China;Agosto;2026;1
Aérea;Bahia;China;Agosto;2026;148
Aérea;Minas Gerais;China;Agosto;2026;74
Aérea;Rio de Janeiro;China;Agosto;2026;1564
Aérea;São Paulo;China;Agosto;2026;22
Aérea;São Paulo;China;Agosto;2026;18803
Aérea;Paraná;China;Agosto;2026;23
Aérea;Paraná;China;Agosto;2026;20
Aérea;Santa Catarina;China;Agosto;2026;21
Aérea;Rio Grande do Sul;China;Agosto;2026;33
Aérea;Distrito Federal;China;Agosto;2026;66
Terrestre;Acre;China;Agosto;2026;1
Terrestre;Acre;China;Agosto;2026;2
Terrestre;Amazonas;China;Agosto;2026;4
Terrestre;Roraima;China;Agosto;2026;10
Terrestre;Roraima;China;Agosto;2026;7
Terrestre;Amapá;China;Agosto;2026;1
Terrestre;Paraná;China;Agosto;2026;85
Terrestre;Paraná;China;Agosto;2026;314
Terrestre;Paraná;China;Agosto;2026;2
Terrestre;Santa Catarina;China;Agosto;2026;2
Terrestre;Rio Grande do Sul;China;Agosto;2026;1
Terrestre;Rio Grande do Sul;China;Agosto;2026;2
Terrestre;Rio Grande do Sul;China;Agosto;2026;25
Terrestre;Rio Grande do Sul;China;Agosto;2026;5
Terrestre;Mato Grosso do Sul;China;Agosto;2026;4
Marítima;Ceará;China;Agosto;2026;36
Marítima;Pernambuco;China;Agosto;2026;1
Marítima;Bahia;China;Agosto;2026;41
Marítima;Espírito Santo;China;Agosto;2026;288
Marítima;Rio de Janeiro;China;Agosto;2026;46
Marítima;Rio de Janeiro;China;Agosto;2026;277
Marítima;Rio de Janeiro;China;Agosto;2026;113
Marítima;Rio de Janeiro;China;Agosto;2026;3
Marítima;São Paulo;China;Agosto;2026;539
Marítima;Paraná;China;Agosto;2026;300
Marítima;Santa Catarina;China;Agosto;2026;1
Fluvial;Pará;China;Agosto;2026;52
Fluvial;Amapá;China;Agosto;2026;34
Aérea;Ceará;China, Hong Kong;Agosto;2026;1
Aérea;Rio de Janeiro;China, Hong Kong;Agosto;2026;25
Aérea;São Paulo;China, Hong Kong;Agosto;2026;327
Terrestre;Paraná;China, Hong Kong;Agosto;2026;32
Aérea;São Paulo;China, Macao;Agosto;2026;7
Aérea;Ceará;Chipre;Agosto;2026;2
Aérea;Rio Grande do Norte;Chipre;Agosto;2026;1
Aérea;Bahia;Chipre;Agosto;2026;1
Aérea;Rio de Janeiro;Chipre;Agosto;2026;79
Aérea;São Paulo;Chipre;Agosto;2026;40
Aérea;Santa Catarina;Chipre;Agosto;2026;1
Terrestre;Paraná;Chipre;Agosto;2026;34
Aérea;Amazonas;Cingapura;Agosto;2026;3
Aérea;Pernambuco;Cingapura;Agosto;2026;2
Aérea;Bahia;Cingapura;Agosto;2026;1
Aérea;Rio de Janeiro;Cingapura;Agosto;2026;67
Aérea;São Paulo;Cingapura;Agosto;2026;1
Aérea;São Paulo;Cingapura;Agosto;2026;378
Aérea;São Paulo;Cingapura;Agosto;2026;1
Aérea;Paraná;Cingapura;Agosto;2026;1
Aérea;Distrito Federal;Cingapura;Agosto;2026;1
Terrestre;Acre;Cingapura;Agosto;2026;1
Terrestre;Amapá;Cingapura;Agosto;2026;1
Terrestre;Paraná;Cingapura;Agosto;2026;4
Terrestre;Paraná;Cingapura;Agosto;2026;19
Terrestre;Rio Grande do Sul;Cingapura;Agosto;2026;1
Aérea;Amazonas;Colômbia;Agosto;2026;188
Aérea;Pará;Colômbia;Agosto;2026;248
Aérea;Ceará;Colômbia;Agosto;2026;8
Aérea;Rio Grande do Norte;Colômbia;Agosto;2026;5
Aérea;Paraíba;Colômbia;Agosto;2026;1
Aérea;Pernambuco;Colômbia;Agosto;2026;12
Aérea;Bahia;Colômbia;Agosto;2026;105
Aérea;Minas Gerais;Colômbia;Agosto;2026;252
Aérea;Rio de Janeiro;Colômbia;Agosto;2026;9297
Aérea;São Paulo;Colômbia;Agosto;2026;13
Aérea;São Paulo;Colômbia;Agosto;2026;8200
Aérea;São Paulo;Colômbia;Agosto;2026;1
Aérea;Paraná;Colômbia;Agosto;2026;18
Aérea;Paraná;Colômbia;Agosto;2026;51
Aérea;Santa Catarina;Colômbia;Agosto;2026;202
Aérea;Rio Grande do Sul;Colômbia;Agosto;2026;220
Aérea;Distrito Federal;Colômbia;Agosto;2026;644
Terrestre;Rondônia;Colômbia;Agosto;2026;6
Terrestre;Acre;Colômbia;Agosto;2026;11
Terrestre;Acre;Colômbia;Agosto;2026;1
Terrestre;Amazonas;Colômbia;Agosto;2026;317
Terrestre;Roraima;Colômbia;Agosto;2026;7
Terrestre;Roraima;Colômbia;Agosto;2026;38
Terrestre;Amapá;Colômbia;Agosto;2026;17
Terrestre;Paraná;Colômbia;Agosto;2026;175
Terrestre;Paraná;Colômbia;Agosto;2026;613
Terrestre;Paraná;Colômbia;Agosto;2026;76
Terrestre;Paraná;Colômbia;Agosto;2026;1
Terrestre;Santa Catarina;Colômbia;Agosto;2026;4
Terrestre;Rio Grande do Sul;Colômbia;Agosto;2026;14
Terrestre;Rio Grande do Sul;Colômbia;Agosto;2026;3
Terrestre;Rio Grande do Sul;Colômbia;Agosto;2026;3
Terrestre;Rio Grande do Sul;Colômbia;Agosto;2026;15
Terrestre;Rio Grande do Sul;Colômbia;Agosto;2026;8
Terrestre;Rio Grande do Sul;Colômbia;Agosto;2026;11
Terrestre;Mato Grosso do Sul;Colômbia;Agosto;2026;33
Terrestre;Mato Grosso do Sul;Colômbia;Agosto;2026;10
Terrestre;Mato Grosso;Colômbia;Agosto;2026;1
Fluvial;Amapá;Colômbia;Agosto;2026;3
Fluvial;Rio Grande do Sul;Colômbia;Agosto;2026;1
Fluvial;Rio Grande do Sul;Colômbia;Agosto;2026;5
Aérea;São Paulo;Comores;Agosto;2026;1
Aérea;Rio de Janeiro;Congo;Agosto;2026;2
Aérea;São Paulo;Congo;Agosto;2026;298
Aérea;Amazonas;Costa Rica;Agosto;2026;24
Aérea;Pará;Costa Rica;Agosto;2026;2
Aérea;Rio Grande do Norte;Costa Rica;Agosto;2026;1
Aérea;Bahia;Costa Rica;Agosto;2026;5
Aérea;Minas Gerais;Costa Rica;Agosto;2026;19
Aérea;Rio de Janeiro;Costa Rica;Agosto;2026;1031
Aérea;São Paulo;Costa Rica;Agosto;2026;972
Aérea;São Paulo;Costa Rica;Agosto;2026;1
Aérea;Paraná;Costa Rica;Agosto;2026;7
Aérea;Santa Catarina;Costa Rica;Agosto;2026;11
Aérea;Rio Grande do Sul;Costa Rica;Agosto;2026;19
Aérea;Distrito Federal;Costa Rica;Agosto;2026;51
Terrestre;Acre;Costa Rica;Agosto;2026;1
Terrestre;Paraná;Costa Rica;Agosto;2026;5
Terrestre;Paraná;Costa Rica;Agosto;2026;37
Terrestre;Paraná;Costa Rica;Agosto;2026;2
Terrestre;Santa Catarina;Costa Rica;Agosto;2026;1
Aérea;Rio de Janeiro;Costa do Marfim;Agosto;2026;13
Aérea;São Paulo;Costa do Marfim;Agosto;2026;28
Aérea;Distrito Federal;Costa do Marfim;Agosto;2026;1
Aérea;Pará;Croácia;Agosto;2026;2
Aérea;Ceará;Croácia;Agosto;2026;4
Aérea;Pernambuco;Croácia;Agosto;2026;2
Aérea;Bahia;Croácia;Agosto;2026;4
Aérea;Rio de Janeiro;Croácia;Agosto;2026;70
Aérea;São Paulo;Croácia;Agosto;2026;129
Aérea;Santa Catarina;Croácia;Agosto;2026;1
Aérea;Rio Grande do Sul;Croácia;Agosto;2026;2
Terrestre;Paraná;Croácia;Agosto;2026;8
Marítima;Rio de Janeiro;Croácia;Agosto;2026;2
Aérea;Amazonas;Cuba;Agosto;2026;8
Aérea;Pará;Cuba;Agosto;2026;4
Aérea;Pernambuco;Cuba;Agosto;2026;1
Aérea;Bahia;Cuba;Agosto;2026;4
Aérea;Minas Gerais;Cuba;Agosto;2026;12
Aérea;Rio de Janeiro;Cuba;Agosto;2026;49
Aérea;São Paulo;Cuba;Agosto;2026;5
Aérea;São Paulo;Cuba;Agosto;2026;205
Aérea;Santa Catarina;Cuba;Agosto;2026;24
Aérea;Rio Grande do Sul;Cuba;Agosto;2026;12
Aérea;Distrito Federal;Cuba;Agosto;2026;35
Terrestre;Paraná;Cuba;Agosto;2026;1
Terrestre;Paraná;Cuba;Agosto;2026;1
Terrestre;Rio Grande do Sul;Cuba;Agosto;2026;18
Terrestre;Rio Grande do Sul;Cuba;Agosto;2026;2
Aérea;Rio de Janeiro;Curaçao;Agosto;2026;2
Aérea;Amazonas;Dinamarca;Agosto;2026;5
Aérea;Pará;Dinamarca;Agosto;2026;3
Aérea;Ceará;Dinamarca;Agosto;2026;21
Aérea;Rio Grande do Norte;Dinamarca;Agosto;2026;1
Aérea;Pernambuco;Dinamarca;Agosto;2026;13
Aérea;Bahia;Dinamarca;Agosto;2026;14
Aérea;Minas Gerais;Dinamarca;Agosto;2026;4
Aérea;Rio de Janeiro;Dinamarca;Agosto;2026;259
Aérea;São Paulo;Dinamarca;Agosto;2026;3
Aérea;São Paulo;Dinamarca;Agosto;2026;568
Aérea;Paraná;Dinamarca;Agosto;2026;4
Aérea;Santa Catarina;Dinamarca;Agosto;2026;3
Aérea;Distrito Federal;Dinamarca;Agosto;2026;2
Terrestre;Amapá;Dinamarca;Agosto;2026;2
Terrestre;Paraná;Dinamarca;Agosto;2026;7
Terrestre;Paraná;Dinamarca;Agosto;2026;59
Marítima;Ceará;Dinamarca;Agosto;2026;1
Fluvial;Amapá;Dinamarca;Agosto;2026;1
Aérea;Rio de Janeiro;Dominica;Agosto;2026;5
Aérea;São Paulo;Dominica;Agosto;2026;27
Aérea;Distrito Federal;Dominica;Agosto;2026;1
Terrestre;Rio Grande do Sul;Dominica;Agosto;2026;1
Aérea;Pará;Egito;Agosto;2026;1
Aérea;Bahia;Egito;Agosto;2026;1
Aérea;Rio de Janeiro;Egito;Agosto;2026;16
Aérea;São Paulo;Egito;Agosto;2026;119
Terrestre;Roraima;Egito;Agosto;2026;4
Terrestre;Paraná;Egito;Agosto;2026;1
Marítima;Maranhão;Egito;Agosto;2026;5
Marítima;Santa Catarina;Egito;Agosto;2026;6
Aérea;Amazonas;El Salvador;Agosto;2026;1
Aérea;Ceará;El Salvador;Agosto;2026;1
Aérea;Bahia;El Salvador;Agosto;2026;6
Aérea;Minas Gerais;El Salvador;Agosto;2026;8
Aérea;Rio de Janeiro;El Salvador;Agosto;2026;212
Aérea;São Paulo;El Salvador;Agosto;2026;208
Aérea;Paraná;El Salvador;Agosto;2026;1
Aérea;Paraná;El Salvador;Agosto;2026;1
Aérea;Santa Catarina;El Salvador;Agosto;2026;7
Aérea;Rio Grande do Sul;El Salvador;Agosto;2026;11
Aérea;Distrito Federal;El Salvador;Agosto;2026;20
Terrestre;Paraná;El Salvador;Agosto;2026;8
Terrestre;Paraná;El Salvador;Agosto;2026;18
Terrestre;Paraná;El Salvador;Agosto;2026;47
Terrestre;Paraná;El Salvador;Agosto;2026;2
Terrestre;Rio Grande do Sul;El Salvador;Agosto;2026;1
Terrestre;Mato Grosso do Sul;El Salvador;Agosto;2026;1
Aérea;Rio de Janeiro;Emirados Árabes Unidos;Agosto;2026;289
Aérea;São Paulo;Emirados Árabes Unidos;Agosto;2026;207
Aérea;Distrito Federal;Emirados Árabes Unidos;Agosto;2026;1
Aérea;Amazonas;Equador;Agosto;2026;19
Aérea;Pará;Equador;Agosto;2026;10
Aérea;Rio Grande do Norte;Equador;Agosto;2026;2
Aérea;Pernambuco;Equador;Agosto;2026;1
Aérea;Bahia;Equador;Agosto;2026;11
Aérea;Minas Gerais;Equador;Agosto;2026;40
Aérea;Rio de Janeiro;Equador;Agosto;2026;2543
Aérea;São Paulo;Equador;Agosto;2026;2
Aérea;São Paulo;Equador;Agosto;2026;2905
Aérea;Paraná;Equador;Agosto;2026;111
Aérea;Santa Catarina;Equador;Agosto;2026;51
Aérea;Rio Grande do Sul;Equador;Agosto;2026;69
Aérea;Distrito Federal;Equador;Agosto;2026;204
Terrestre;Rondônia;Equador;Agosto;2026;2
Terrestre;Acre;Equador;Agosto;2026;12
Terrestre;Acre;Equador;Agosto;2026;1
Terrestre;Amazonas;Equador;Agosto;2026;5
Terrestre;Roraima;Equador;Agosto;2026;2
Terrestre;Roraima;Equador;Agosto;2026;2
Terrestre;Paraná;Equador;Agosto;2026;77
Terrestre;Paraná;Equador;Agosto;2026;477
Terrestre;Paraná;Equador;Agosto;2026;25
Terrestre;Rio Grande do Sul;Equador;Agosto;2026;3
Terrestre;Rio Grande do Sul;Equador;Agosto;2026;5
Terrestre;Rio Grande do Sul;Equador;Agosto;2026;4
Terrestre;Rio Grande do Sul;Equador;Agosto;2026;1
Terrestre;Rio Grande do Sul;Equador;Agosto;2026;1
Terrestre;Rio Grande do Sul;Equador;Agosto;2026;7
Terrestre;Mato Grosso do Sul;Equador;Agosto;2026;13
Terrestre;Mato Grosso do Sul;Equador;Agosto;2026;4
Terrestre;Mato Grosso;Equador;Agosto;2026;4
Aérea;São Paulo;Eritréia;Agosto;2026;1
Aérea;Ceará;Eslováquia;Agosto;2026;4
Aérea;Pernambuco;Eslováquia;Agosto;2026;3
Aérea;Bahia;Eslováquia;Agosto;2026;5
Aérea;Minas Gerais;Eslováquia;Agosto;2026;1
Aérea;Rio de Janeiro;Eslováquia;Agosto;2026;66
Aérea;São Paulo;Eslováquia;Agosto;2026;89
Aérea;Distrito Federal;Eslováquia;Agosto;2026;4
Terrestre;Amazonas;Eslováquia;Agosto;2026;1
Terrestre;Paraná;Eslováquia;Agosto;2026;37
Aérea;Ceará;Eslovênia;Agosto;2026;6
Aérea;Rio Grande do Norte;Eslovênia;Agosto;2026;1
Aérea;Pernambuco;Eslovênia;Agosto;2026;2
Aérea;Bahia;Eslovênia;Agosto;2026;1
Aérea;Rio de Janeiro;Eslovênia;Agosto;2026;32
Aérea;São Paulo;Eslovênia;Agosto;2026;106
Terrestre;Paraná;Eslovênia;Agosto;2026;10
Marítima;Pernambuco;Eslovênia;Agosto;2026;1
Aérea;Amazonas;Espanha;Agosto;2026;95
Aérea;Pará;Espanha;Agosto;2026;100
Aérea;Ceará;Espanha;Agosto;2026;2492
Aérea;Rio Grande do Norte;Espanha;Agosto;2026;212
Aérea;Pernambuco;Espanha;Agosto;2026;1153
Aérea;Alagoas;Espanha;Agosto;2026;21
Aérea;Bahia;Espanha;Agosto;2026;3
Aérea;Bahia;Espanha;Agosto;2026;975
Aérea;Minas Gerais;Espanha;Agosto;2026;115
Aérea;Rio de Janeiro;Espanha;Agosto;2026;4329
Aérea;São Paulo;Espanha;Agosto;2026;1071
Aérea;São Paulo;Espanha;Agosto;2026;9861
Aérea;Paraná;Espanha;Agosto;2026;22
Aérea;Paraná;Espanha;Agosto;2026;22
Aérea;Santa Catarina;Espanha;Agosto;2026;65
Aérea;Rio Grande do Sul;Espanha;Agosto;2026;96
Aérea;Distrito Federal;Espanha;Agosto;2026;166
Terrestre;Acre;Espanha;Agosto;2026;8
Terrestre;Amazonas;Espanha;Agosto;2026;4
Terrestre;Roraima;Espanha;Agosto;2026;2
Terrestre;Roraima;Espanha;Agosto;2026;10
Terrestre;Amapá;Espanha;Agosto;2026;5
Terrestre;Paraná;Espanha;Agosto;2026;308
Terrestre;Paraná;Espanha;Agosto;2026;1869
Terrestre;Paraná;Espanha;Agosto;2026;25
Terrestre;Paraná;Espanha;Agosto;2026;3
Terrestre;Paraná;Espanha;Agosto;2026;1
Terrestre;Santa Catarina;Espanha;Agosto;2026;5
Terrestre;Rio Grande do Sul;Espanha;Agosto;2026;2
Terrestre;Rio Grande do Sul;Espanha;Agosto;2026;10
Terrestre;Rio Grande do Sul;Espanha;Agosto;2026;4
Terrestre;Rio Grande do Sul;Espanha;Agosto;2026;1
Terrestre;Rio Grande do Sul;Espanha;Agosto;2026;2
Terrestre;Rio Grande do Sul;Espanha;Agosto;2026;4
Terrestre;Rio Grande do Sul;Espanha;Agosto;2026;4
Terrestre;Mato Grosso do Sul;Espanha;Agosto;2026;10
Terrestre;Mato Grosso do Sul;Espanha;Agosto;2026;6
Terrestre;Mato Grosso;Espanha;Agosto;2026;3
Marítima;Pernambuco;Espanha;Agosto;2026;1
Fluvial;Amapá;Espanha;Agosto;2026;1
Fluvial;Rio Grande do Sul;Espanha;Agosto;2026;2
Aérea;Amazonas;Estados Unidos;Agosto;2026;715
Aérea;Pará;Estados Unidos;Agosto;2026;169
Aérea;Ceará;Estados Unidos;Agosto;2026;591
Aérea;Rio Grande do Norte;Estados Unidos;Agosto;2026;9
Aérea;Paraíba;Estados Unidos;Agosto;2026;2
Aérea;Pernambuco;Estados Unidos;Agosto;2026;62
Aérea;Bahia;Estados Unidos;Agosto;2026;3
Aérea;Bahia;Estados Unidos;Agosto;2026;283
Aérea;Minas Gerais;Estados Unidos;Agosto;2026;1371
Aérea;Rio de Janeiro;Estados Unidos;Agosto;2026;16059
Aérea;São Paulo;Estados Unidos;Agosto;2026;1123
Aérea;São Paulo;Estados Unidos;Agosto;2026;32940
Aérea;São Paulo;Estados Unidos;Agosto;2026;14
Aérea;Paraná;Estados Unidos;Agosto;2026;26
Aérea;Paraná;Estados Unidos;Agosto;2026;37
Aérea;Santa Catarina;Estados Unidos;Agosto;2026;101
Aérea;Rio Grande do Sul;Estados Unidos;Agosto;2026;200
Aérea;Distrito Federal;Estados Unidos;Agosto;2026;2012
Terrestre;Acre;Estados Unidos;Agosto;2026;11
Terrestre;Acre;Estados Unidos;Agosto;2026;4
Terrestre;Amazonas;Estados Unidos;Agosto;2026;9
Terrestre;Roraima;Estados Unidos;Agosto;2026;15
Terrestre;Roraima;Estados Unidos;Agosto;2026;1
Terrestre;Paraná;Estados Unidos;Agosto;2026;121
Terrestre;Paraná;Estados Unidos;Agosto;2026;1312
Terrestre;Paraná;Estados Unidos;Agosto;2026;79
Terrestre;Santa Catarina;Estados Unidos;Agosto;2026;2
Terrestre;Rio Grande do Sul;Estados Unidos;Agosto;2026;7
Terrestre;Rio Grande do Sul;Estados Unidos;Agosto;2026;3
Terrestre;Rio Grande do Sul;Estados Unidos;Agosto;2026;2
Terrestre;Rio Grande do Sul;Estados Unidos;Agosto;2026;3
Terrestre;Rio Grande do Sul;Estados Unidos;Agosto;2026;1
Terrestre;Mato Grosso do Sul;Estados Unidos;Agosto;2026;6
Terrestre;Mato Grosso do Sul;Estados Unidos;Agosto;2026;8
Terrestre;Mato Grosso;Estados Unidos;Agosto;2026;2
Marítima;Pernambuco;Estados Unidos;Agosto;2026;6
Fluvial;Amapá;Estados Unidos;Agosto;2026;1
Fluvial;Rio Grande do Sul;Estados Unidos;Agosto;2026;1
Aérea;Ceará;Estônia;Agosto;2026;1
Aérea;Bahia;Estônia;Agosto;2026;1
Aérea;Minas Gerais;Estônia;Agosto;2026;2
Aérea;Rio de Janeiro;Estônia;Agosto;2026;21
Aérea;São Paulo;Estônia;Agosto;2026;1
Aérea;São Paulo;Estônia;Agosto;2026;98
Terrestre;Paraná;Estônia;Agosto;2026;1
Terrestre;Paraná;Estônia;Agosto;2026;1
Aérea;Rio de Janeiro;Etiópia;Agosto;2026;3
Aérea;São Paulo;Etiópia;Agosto;2026;54
Marítima;Maranhão;Etiópia;Agosto;2026;3
Marítima;Rio de Janeiro;Etiópia;Agosto;2026;1
Fluvial;Pará;Etiópia;Agosto;2026;1
Fluvial;Amapá;Etiópia;Agosto;2026;3
Aérea;Rio de Janeiro;Fiji;Agosto;2026;1
Aérea;São Paulo;Fiji;Agosto;2026;2
Aérea;Ceará;Filipinas;Agosto;2026;1
Aérea;Rio Grande do Norte;Filipinas;Agosto;2026;1
Aérea;Pernambuco;Filipinas;Agosto;2026;3
Aérea;Bahia;Filipinas;Agosto;2026;2
Aérea;Minas Gerais;Filipinas;Agosto;2026;1
Aérea;Rio de Janeiro;Filipinas;Agosto;2026;125
Aérea;São Paulo;Filipinas;Agosto;2026;4
Aérea;São Paulo;Filipinas;Agosto;2026;217
Aérea;Paraná;Filipinas;Agosto;2026;2
Aérea;Santa Catarina;Filipinas;Agosto;2026;1
Aérea;Distrito Federal;Filipinas;Agosto;2026;3
Terrestre;Amapá;Filipinas;Agosto;2026;1
Terrestre;Paraná;Filipinas;Agosto;2026;7
Terrestre;Paraná;Filipinas;Agosto;2026;9
Terrestre;Paraná;Filipinas;Agosto;2026;3
Terrestre;Mato Grosso do Sul;Filipinas;Agosto;2026;1
Marítima;Rio Grande do Norte;Filipinas;Agosto;2026;1
Marítima;Espírito Santo;Filipinas;Agosto;2026;1
Marítima;Rio de Janeiro;Filipinas;Agosto;2026;60
Marítima;Rio de Janeiro;Filipinas;Agosto;2026;2
Marítima;São Paulo;Filipinas;Agosto;2026;2
Fluvial;Pará;Filipinas;Agosto;2026;1
Aérea;Amazonas;Finlândia;Agosto;2026;2
Aérea;Pará;Finlândia;Agosto;2026;3
Aérea;Pernambuco;Finlândia;Agosto;2026;9
Aérea;Alagoas;Finlândia;Agosto;2026;1
Aérea;Bahia;Finlândia;Agosto;2026;1
Aérea;Bahia;Finlândia;Agosto;2026;4
Aérea;Minas Gerais;Finlândia;Agosto;2026;3
Aérea;Rio de Janeiro;Finlândia;Agosto;2026;53
Aérea;São Paulo;Finlândia;Agosto;2026;2
Aérea;São Paulo;Finlândia;Agosto;2026;225
Aérea;Paraná;Finlândia;Agosto;2026;3
Aérea;Santa Catarina;Finlândia;Agosto;2026;4
Aérea;Distrito Federal;Finlândia;Agosto;2026;4
Terrestre;Paraná;Finlândia;Agosto;2026;2
Terrestre;Paraná;Finlândia;Agosto;2026;9
Terrestre;Rio Grande do Sul;Finlândia;Agosto;2026;1
Fluvial;Amapá;Finlândia;Agosto;2026;2
Aérea;Amazonas;França;Agosto;2026;126
Aérea;Pará;França;Agosto;2026;398
Aérea;Ceará;França;Agosto;2026;3494
Aérea;Rio Grande do Norte;França;Agosto;2026;169
Aérea;Pernambuco;França;Agosto;2026;706
Aérea;Alagoas;França;Agosto;2026;14
Aérea;Bahia;França;Agosto;2026;2
Aérea;Bahia;França;Agosto;2026;1497
Aérea;Minas Gerais;França;Agosto;2026;90
Aérea;Rio de Janeiro;França;Agosto;2026;8911
Aérea;São Paulo;França;Agosto;2026;128
Aérea;São Paulo;França;Agosto;2026;5925
Aérea;Paraná;França;Agosto;2026;14
Aérea;Paraná;França;Agosto;2026;15
Aérea;Santa Catarina;França;Agosto;2026;53
Aérea;Rio Grande do Sul;França;Agosto;2026;3
Aérea;Distrito Federal;França;Agosto;2026;513
Terrestre;Acre;França;Agosto;2026;4
Terrestre;Amazonas;França;Agosto;2026;20
Terrestre;Roraima;França;Agosto;2026;2
Terrestre;Amapá;França;Agosto;2026;6481
Terrestre;Paraná;França;Agosto;2026;84
Terrestre;Paraná;França;Agosto;2026;1459
Terrestre;Paraná;França;Agosto;2026;23
Terrestre;Paraná;França;Agosto;2026;2
Terrestre;Santa Catarina;França;Agosto;2026;1
Terrestre;Rio Grande do Sul;França;Agosto;2026;9
Terrestre;Rio Grande do Sul;França;Agosto;2026;3
Terrestre;Rio Grande do Sul;França;Agosto;2026;2
Terrestre;Rio Grande do Sul;França;Agosto;2026;8
Terrestre;Mato Grosso do Sul;França;Agosto;2026;19
Terrestre;Mato Grosso do Sul;França;Agosto;2026;3
Terrestre;Mato Grosso;França;Agosto;2026;1
Marítima;Ceará;França;Agosto;2026;3
Marítima;Bahia;França;Agosto;2026;2
Fluvial;Amapá;França;Agosto;2026;1185
Aérea;Rio de Janeiro;Gabão;Agosto;2026;4
Aérea;São Paulo;Gabão;Agosto;2026;11
Aérea;Amazonas;Gana;Agosto;2026;2
Aérea;Bahia;Gana;Agosto;2026;1
Aérea;Rio de Janeiro;Gana;Agosto;2026;5
Aérea;São Paulo;Gana;Agosto;2026;18
Aérea;Rio de Janeiro;Geórgia;Agosto;2026;13
Aérea;São Paulo;Geórgia;Agosto;2026;22
Aérea;Paraná;Geórgia;Agosto;2026;1
Marítima;Rio de Janeiro;Geórgia;Agosto;2026;3
Aérea;Amazonas;Granada;Agosto;2026;1
Aérea;Minas Gerais;Granada;Agosto;2026;1
Aérea;São Paulo;Granada;Agosto;2026;1
Aérea;São Paulo;Granada;Agosto;2026;10
Aérea;Distrito Federal;Granada;Agosto;2026;3
Terrestre;Roraima;Granada;Agosto;2026;1
Aérea;Amazonas;Grécia;Agosto;2026;5
Aérea;Pará;Grécia;Agosto;2026;1
Aérea;Ceará;Grécia;Agosto;2026;14
Aérea;Rio Grande do Norte;Grécia;Agosto;2026;1
Aérea;Pernambuco;Grécia;Agosto;2026;3
Aérea;Bahia;Grécia;Agosto;2026;7
Aérea;Minas Gerais;Grécia;Agosto;2026;4
Aérea;Rio de Janeiro;Grécia;Agosto;2026;337
Aérea;São Paulo;Grécia;Agosto;2026;1
Aérea;São Paulo;Grécia;Agosto;2026;1308
Aérea;Paraná;Grécia;Agosto;2026;1
Aérea;Santa Catarina;Grécia;Agosto;2026;1
Aérea;Rio Grande do Sul;Grécia;Agosto;2026;1
Aérea;Distrito Federal;Grécia;Agosto;2026;7
Terrestre;Paraná;Grécia;Agosto;2026;173
Terrestre;Rio Grande do Sul;Grécia;Agosto;2026;1
Marítima;Pernambuco;Grécia;Agosto;2026;1
Marítima;Rio de Janeiro;Grécia;Agosto;2026;29
Fluvial;Pará;Grécia;Agosto;2026;1
Aérea;Amazonas;Guatemala;Agosto;2026;6
Aérea;Pará;Guatemala;Agosto;2026;2
Aérea;Pernambuco;Guatemala;Agosto;2026;1
Aérea;Bahia;Guatemala;Agosto;2026;3
Aérea;Minas Gerais;Guatemala;Agosto;2026;8
Aérea;Rio de Janeiro;Guatemala;Agosto;2026;525
Aérea;São Paulo;Guatemala;Agosto;2026;712
Aérea;Santa Catarina;Guatemala;Agosto;2026;12
Aérea;Rio Grande do Sul;Guatemala;Agosto;2026;12
Aérea;Distrito Federal;Guatemala;Agosto;2026;18
Terrestre;Roraima;Guatemala;Agosto;2026;1
Terrestre;Paraná;Guatemala;Agosto;2026;3
Terrestre;Paraná;Guatemala;Agosto;2026;27
Terrestre;Paraná;Guatemala;Agosto;2026;6
Terrestre;Mato Grosso do Sul;Guatemala;Agosto;2026;1
Aérea;Amazonas;Guiana;Agosto;2026;6
Aérea;Roraima;Guiana;Agosto;2026;1
Aérea;Pará;Guiana;Agosto;2026;15
Aérea;Ceará;Guiana;Agosto;2026;1
Aérea;Bahia;Guiana;Agosto;2026;1
Aérea;Minas Gerais;Guiana;Agosto;2026;3
Aérea;Rio de Janeiro;Guiana;Agosto;2026;21
Aérea;São Paulo;Guiana;Agosto;2026;29
Aérea;Distrito Federal;Guiana;Agosto;2026;8
Terrestre;Roraima;Guiana;Agosto;2026;1614
Terrestre;Roraima;Guiana;Agosto;2026;15
Terrestre;Amapá;Guiana;Agosto;2026;25
Terrestre;Paraná;Guiana;Agosto;2026;1
Fluvial;Amapá;Guiana;Agosto;2026;4
Terrestre;Amapá;Guiana Francesa;Agosto;2026;9
Aérea;Rio de Janeiro;Guiné;Agosto;2026;3
Aérea;São Paulo;Guiné;Agosto;2026;107
Terrestre;Roraima;Guiné;Agosto;2026;4
Aérea;São Paulo;Guiné Equatorial;Agosto;2026;10
Aérea;Ceará;Guiné-Bissau;Agosto;2026;3
Aérea;Pernambuco;Guiné-Bissau;Agosto;2026;4
Aérea;Rio de Janeiro;Guiné-Bissau;Agosto;2026;5
Aérea;São Paulo;Guiné-Bissau;Agosto;2026;1
Aérea;São Paulo;Guiné-Bissau;Agosto;2026;23
Aérea;Distrito Federal;Guiné-Bissau;Agosto;2026;4
Aérea;São Paulo;Gâmbia;Agosto;2026;6
Aérea;Amazonas;Haiti;Agosto;2026;3
Aérea;Pará;Haiti;Agosto;2026;1
Aérea;Ceará;Haiti;Agosto;2026;1
Aérea;Rio de Janeiro;Haiti;Agosto;2026;12
Aérea;São Paulo;Haiti;Agosto;2026;1
Aérea;São Paulo;Haiti;Agosto;2026;54
Aérea;Santa Catarina;Haiti;Agosto;2026;4
Aérea;Rio Grande do Sul;Haiti;Agosto;2026;1
Aérea;Distrito Federal;Haiti;Agosto;2026;4
Terrestre;Amapá;Haiti;Agosto;2026;5
Terrestre;Paraná;Haiti;Agosto;2026;1
Aérea;Amazonas;Holanda;Agosto;2026;27
Aérea;Pará;Holanda;Agosto;2026;163
Aérea;Ceará;Holanda;Agosto;2026;316
Aérea;Rio Grande do Norte;Holanda;Agosto;2026;41
Aérea;Pernambuco;Holanda;Agosto;2026;35
Aérea;Alagoas;Holanda;Agosto;2026;1
Aérea;Bahia;Holanda;Agosto;2026;141
Aérea;Minas Gerais;Holanda;Agosto;2026;15
Aérea;Rio de Janeiro;Holanda;Agosto;2026;1771
Aérea;São Paulo;Holanda;Agosto;2026;19
Aérea;São Paulo;Holanda;Agosto;2026;2269
Aérea;Paraná;Holanda;Agosto;2026;1
Aérea;Paraná;Holanda;Agosto;2026;7
Aérea;Santa Catarina;Holanda;Agosto;2026;24
Aérea;Rio Grande do Sul;Holanda;Agosto;2026;5
Aérea;Distrito Federal;Holanda;Agosto;2026;41
Terrestre;Amazonas;Holanda;Agosto;2026;3
Terrestre;Roraima;Holanda;Agosto;2026;11
Terrestre;Amapá;Holanda;Agosto;2026;12
Terrestre;Paraná;Holanda;Agosto;2026;44
Terrestre;Paraná;Holanda;Agosto;2026;391
Terrestre;Paraná;Holanda;Agosto;2026;13
Terrestre;Rio Grande do Sul;Holanda;Agosto;2026;1
Terrestre;Rio Grande do Sul;Holanda;Agosto;2026;7
Terrestre;Rio Grande do Sul;Holanda;Agosto;2026;1
Terrestre;Rio Grande do Sul;Holanda;Agosto;2026;2
Terrestre;Mato Grosso do Sul;Holanda;Agosto;2026;3
Terrestre;Mato Grosso do Sul;Holanda;Agosto;2026;3
Aérea;Amazonas;Honduras;Agosto;2026;4
Aérea;Pará;Honduras;Agosto;2026;5
Aérea;Bahia;Honduras;Agosto;2026;2
Aérea;Minas Gerais;Honduras;Agosto;2026;9
Aérea;Rio de Janeiro;Honduras;Agosto;2026;195
Aérea;São Paulo;Honduras;Agosto;2026;1
Aérea;São Paulo;Honduras;Agosto;2026;235
Aérea;Santa Catarina;Honduras;Agosto;2026;5
Aérea;Rio Grande do Sul;Honduras;Agosto;2026;7
Aérea;Distrito Federal;Honduras;Agosto;2026;25
Terrestre;Paraná;Honduras;Agosto;2026;1
Terrestre;Paraná;Honduras;Agosto;2026;14
Aérea;Pará;Hungria;Agosto;2026;1
Aérea;Ceará;Hungria;Agosto;2026;22
Aérea;Pernambuco;Hungria;Agosto;2026;2
Aérea;Bahia;Hungria;Agosto;2026;3
Aérea;Minas Gerais;Hungria;Agosto;2026;2
Aérea;Rio de Janeiro;Hungria;Agosto;2026;100
Aérea;São Paulo;Hungria;Agosto;2026;5
Aérea;São Paulo;Hungria;Agosto;2026;332
Aérea;Paraná;Hungria;Agosto;2026;1
Aérea;Distrito Federal;Hungria;Agosto;2026;3
Terrestre;Acre;Hungria;Agosto;2026;1
Terrestre;Roraima;Hungria;Agosto;2026;1
Terrestre;Paraná;Hungria;Agosto;2026;5
Terrestre;Paraná;Hungria;Agosto;2026;24
Terrestre;Paraná;Hungria;Agosto;2026;1
Aérea;Ceará;Indonésia;Agosto;2026;1
Aérea;Rio de Janeiro;Indonésia;Agosto;2026;110
Aérea;São Paulo;Indonésia;Agosto;2026;144
Aérea;Paraná;Indonésia;Agosto;2026;1
Aérea;Paraná;Indonésia;Agosto;2026;1
Aérea;Rio Grande do Sul;Indonésia;Agosto;2026;1
Terrestre;Paraná;Indonésia;Agosto;2026;2
Terrestre;Paraná;Indonésia;Agosto;2026;13
Terrestre;Rio Grande do Sul;Indonésia;Agosto;2026;1
Marítima;Rio de Janeiro;Indonésia;Agosto;2026;4
Aérea;Rio de Janeiro;Iraque;Agosto;2026;1
Aérea;São Paulo;Iraque;Agosto;2026;25
Aérea;Amazonas;Irlanda;Agosto;2026;4
Aérea;Pará;Irlanda;Agosto;2026;3
Aérea;Ceará;Irlanda;Agosto;2026;21
Aérea;Rio Grande do Norte;Irlanda;Agosto;2026;7
Aérea;Pernambuco;Irlanda;Agosto;2026;48
Aérea;Bahia;Irlanda;Agosto;2026;29
Aérea;Minas Gerais;Irlanda;Agosto;2026;13
Aérea;Rio de Janeiro;Irlanda;Agosto;2026;632
Aérea;São Paulo;Irlanda;Agosto;2026;10
Aérea;São Paulo;Irlanda;Agosto;2026;2294
Aérea;São Paulo;Irlanda;Agosto;2026;1
Aérea;Paraná;Irlanda;Agosto;2026;4
Aérea;Santa Catarina;Irlanda;Agosto;2026;7
Aérea;Rio Grande do Sul;Irlanda;Agosto;2026;12
Aérea;Distrito Federal;Irlanda;Agosto;2026;15
Terrestre;Amazonas;Irlanda;Agosto;2026;1
Terrestre;Paraná;Irlanda;Agosto;2026;5
Terrestre;Paraná;Irlanda;Agosto;2026;103
Terrestre;Rio Grande do Sul;Irlanda;Agosto;2026;1
Terrestre;Rio Grande do Sul;Irlanda;Agosto;2026;1
Terrestre;Rio Grande do Sul;Irlanda;Agosto;2026;1
Aérea;Rio Grande do Norte;Irã;Agosto;2026;1
Aérea;Rio de Janeiro;Irã;Agosto;2026;3
Aérea;São Paulo;Irã;Agosto;2026;58
Aérea;Bahia;Islândia;Agosto;2026;1
Aérea;Rio de Janeiro;Islândia;Agosto;2026;8
Aérea;São Paulo;Islândia;Agosto;2026;11
Aérea;Rio Grande do Sul;Islândia;Agosto;2026;2
Terrestre;Paraná;Islândia;Agosto;2026;3
Aérea;Amazonas;Israel;Agosto;2026;6
Aérea;Pará;Israel;Agosto;2026;3
Aérea;Ceará;Israel;Agosto;2026;24
Aérea;Rio Grande do Norte;Israel;Agosto;2026;2
Aérea;Pernambuco;Israel;Agosto;2026;1
Aérea;Bahia;Israel;Agosto;2026;44
Aérea;Minas Gerais;Israel;Agosto;2026;1
Aérea;Rio de Janeiro;Israel;Agosto;2026;393
Aérea;São Paulo;Israel;Agosto;2026;6
Aérea;São Paulo;Israel;Agosto;2026;1669
Aérea;Paraná;Israel;Agosto;2026;3
Aérea;Santa Catarina;Israel;Agosto;2026;4
Aérea;Rio Grande do Sul;Israel;Agosto;2026;3
Aérea;Distrito Federal;Israel;Agosto;2026;20
Terrestre;Amazonas;Israel;Agosto;2026;4
Terrestre;Paraná;Israel;Agosto;2026;3
Terrestre;Paraná;Israel;Agosto;2026;130
Terrestre;Paraná;Israel;Agosto;2026;1
Terrestre;Rio Grande do Sul;Israel;Agosto;2026;6
Terrestre;Rio Grande do Sul;Israel;Agosto;2026;1
Terrestre;Mato Grosso do Sul;Israel;Agosto;2026;3
Fluvial;Amapá;Israel;Agosto;2026;1
Aérea;Amazonas;Itália;Agosto;2026;76
Aérea;Pará;Itália;Agosto;2026;41
Aérea;Ceará;Itália;Agosto;2026;2692
Aérea;Rio Grande do Norte;Itália;Agosto;2026;381
Aérea;Pernambuco;Itália;Agosto;2026;742
Aérea;Alagoas;Itália;Agosto;2026;40
Aérea;Bahia;Itália;Agosto;2026;4
Aérea;Bahia;Itália;Agosto;2026;2166
Aérea;Minas Gerais;Itália;Agosto;2026;280
Aérea;Rio de Janeiro;Itália;Agosto;2026;1
Aérea;Rio de Janeiro;Itália;Agosto;2026;8785
Aérea;São Paulo;Itália;Agosto;2026;67
Aérea;São Paulo;Itália;Agosto;2026;12727
Aérea;São Paulo;Itália;Agosto;2026;2
Aérea;Paraná;Itália;Agosto;2026;2
Aérea;Paraná;Itália;Agosto;2026;37
Aérea;Santa Catarina;Itália;Agosto;2026;68
Aérea;Rio Grande do Sul;Itália;Agosto;2026;50
Aérea;Distrito Federal;Itália;Agosto;2026;104
Terrestre;Acre;Itália;Agosto;2026;3
Terrestre;Amazonas;Itália;Agosto;2026;27
Terrestre;Roraima;Itália;Agosto;2026;1
Terrestre;Roraima;Itália;Agosto;2026;4
Terrestre;Amapá;Itália;Agosto;2026;5
Terrestre;Paraná;Itália;Agosto;2026;106
Terrestre;Paraná;Itália;Agosto;2026;1836
Terrestre;Paraná;Itália;Agosto;2026;11
Terrestre;Paraná;Itália;Agosto;2026;1
Terrestre;Santa Catarina;Itália;Agosto;2026;1
Terrestre;Rio Grande do Sul;Itália;Agosto;2026;7
Terrestre;Rio Grande do Sul;Itália;Agosto;2026;2
Terrestre;Rio Grande do Sul;Itália;Agosto;2026;5
Terrestre;Rio Grande do Sul;Itália;Agosto;2026;6
Terrestre;Mato Grosso do Sul;Itália;Agosto;2026;6
Terrestre;Mato Grosso do Sul;Itália;Agosto;2026;1
Marítima;Ceará;Itália;Agosto;2026;1
Marítima;Pernambuco;Itália;Agosto;2026;1
Marítima;Rio de Janeiro;Itália;Agosto;2026;1
Fluvial;Amapá;Itália;Agosto;2026;2
Fluvial;Rio Grande do Sul;Itália;Agosto;2026;3
Aérea;Rio de Janeiro;Iêmen;Agosto;2026;2
Aérea;São Paulo;Iêmen;Agosto;2026;11
Aérea;Amazonas;Jamaica;Agosto;2026;1
Aérea;Bahia;Jamaica;Agosto;2026;5
Aérea;Rio de Janeiro;Jamaica;Agosto;2026;53
Aérea;São Paulo;Jamaica;Agosto;2026;4
Aérea;São Paulo;Jamaica;Agosto;2026;91
Aérea;Santa Catarina;Jamaica;Agosto;2026;3
Aérea;Rio Grande do Sul;Jamaica;Agosto;2026;2
Aérea;Distrito Federal;Jamaica;Agosto;2026;11
Aérea;Amazonas;Japão;Agosto;2026;20
Aérea;Pará;Japão;Agosto;2026;3
Aérea;Ceará;Japão;Agosto;2026;3
Aérea;Bahia;Japão;Agosto;2026;3
Aérea;Minas Gerais;Japão;Agosto;2026;1
Aérea;Rio de Janeiro;Japão;Agosto;2026;589
Aérea;São Paulo;Japão;Agosto;2026;3
Aérea;São Paulo;Japão;Agosto;2026;4010
Aérea;Paraná;Japão;Agosto;2026;1
Aérea;Paraná;Japão;Agosto;2026;3
Aérea;Santa Catarina;Japão;Agosto;2026;5
Aérea;Rio Grande do Sul;Japão;Agosto;2026;7
Aérea;Distrito Federal;Japão;Agosto;2026;18
Terrestre;Amazonas;Japão;Agosto;2026;2
Terrestre;Roraima;Japão;Agosto;2026;2
Terrestre;Amapá;Japão;Agosto;2026;1
Terrestre;Paraná;Japão;Agosto;2026;84
Terrestre;Paraná;Japão;Agosto;2026;168
Terrestre;Paraná;Japão;Agosto;2026;5
Terrestre;Rio Grande do Sul;Japão;Agosto;2026;2
Terrestre;Mato Grosso do Sul;Japão;Agosto;2026;3
Terrestre;Mato Grosso do Sul;Japão;Agosto;2026;2
Aérea;Rio de Janeiro;Jordânia;Agosto;2026;2
Aérea;São Paulo;Jordânia;Agosto;2026;32
Aérea;Rio de Janeiro;Kuwait;Agosto;2026;3
Aérea;São Paulo;Kuwait;Agosto;2026;12
Terrestre;Paraná;Kuwait;Agosto;2026;2
Aérea;Rio de Janeiro;Laos;Agosto;2026;1
Aérea;São Paulo;Lesoto;Agosto;2026;1
Aérea;Ceará;Letônia;Agosto;2026;3
Aérea;Bahia;Letônia;Agosto;2026;1
Aérea;Rio de Janeiro;Letônia;Agosto;2026;23
Aérea;São Paulo;Letônia;Agosto;2026;25
Aérea;Paraná;Letônia;Agosto;2026;1
Aérea;Distrito Federal;Letônia;Agosto;2026;1
Terrestre;Paraná;Letônia;Agosto;2026;1
Aérea;Pernambuco;Liechtenstein;Agosto;2026;1
Aérea;São Paulo;Liechtenstein;Agosto;2026;6
Aérea;Ceará;Lituânia;Agosto;2026;5
Aérea;Pernambuco;Lituânia;Agosto;2026;7
Aérea;Bahia;Lituânia;Agosto;2026;1
Aérea;Rio de Janeiro;Lituânia;Agosto;2026;24
Aérea;São Paulo;Lituânia;Agosto;2026;1
Aérea;São Paulo;Lituânia;Agosto;2026;136
Terrestre;Paraná;Lituânia;Agosto;2026;3
Aérea;Ceará;Luxemburgo;Agosto;2026;19
Aérea;Rio Grande do Norte;Luxemburgo;Agosto;2026;4
Aérea;Pernambuco;Luxemburgo;Agosto;2026;14
Aérea;Alagoas;Luxemburgo;Agosto;2026;3
Aérea;Bahia;Luxemburgo;Agosto;2026;39
Aérea;Rio de Janeiro;Luxemburgo;Agosto;2026;113
Aérea;São Paulo;Luxemburgo;Agosto;2026;5
Aérea;São Paulo;Luxemburgo;Agosto;2026;339
Aérea;Santa Catarina;Luxemburgo;Agosto;2026;7
Terrestre;Amazonas;Luxemburgo;Agosto;2026;1
Terrestre;Paraná;Luxemburgo;Agosto;2026;1
Terrestre;Paraná;Luxemburgo;Agosto;2026;11
Aérea;Ceará;Líbano;Agosto;2026;2
Aérea;Rio Grande do Norte;Líbano;Agosto;2026;1
Aérea;Pernambuco;Líbano;Agosto;2026;1
Aérea;Bahia;Líbano;Agosto;2026;1
Aérea;Rio de Janeiro;Líbano;Agosto;2026;10
Aérea;São Paulo;Líbano;Agosto;2026;142
Aérea;Distrito Federal;Líbano;Agosto;2026;1
Terrestre;Paraná;Líbano;Agosto;2026;2
Aérea;Rio de Janeiro;Líbia;Agosto;2026;1
Aérea;São Paulo;Líbia;Agosto;2026;4
Aérea;Ceará;Macedônia;Agosto;2026;1
Aérea;Rio de Janeiro;Macedônia;Agosto;2026;8
Aérea;São Paulo;Macedônia;Agosto;2026;46
Aérea;Rio de Janeiro;Madagascar;Agosto;2026;3
Aérea;São Paulo;Madagascar;Agosto;2026;1
Terrestre;Amapá;Madagascar;Agosto;2026;2
Aérea;São Paulo;Malauí;Agosto;2026;8
Aérea;São Paulo;Maldivas;Agosto;2026;1
Aérea;São Paulo;Mali;Agosto;2026;16
Aérea;Rio de Janeiro;Malta;Agosto;2026;16
Aérea;São Paulo;Malta;Agosto;2026;1
Aérea;São Paulo;Malta;Agosto;2026;47
Aérea;Santa Catarina;Malta;Agosto;2026;1
Aérea;Distrito Federal;Malta;Agosto;2026;1
Terrestre;Paraná;Malta;Agosto;2026;6
Aérea;Pará;Malásia;Agosto;2026;1
Aérea;Pernambuco;Malásia;Agosto;2026;1
Aérea;Bahia;Malásia;Agosto;2026;2
Aérea;Minas Gerais;Malásia;Agosto;2026;2
Aérea;Rio de Janeiro;Malásia;Agosto;2026;57
Aérea;São Paulo;Malásia;Agosto;2026;180
Aérea;Santa Catarina;Malásia;Agosto;2026;1
Aérea;Rio Grande do Sul;Malásia;Agosto;2026;13
Terrestre;Amazonas;Malásia;Agosto;2026;1
Terrestre;Paraná;Malásia;Agosto;2026;3
Terrestre;Paraná;Malásia;Agosto;2026;13
Marítima;Rio de Janeiro;Malásia;Agosto;2026;12
Aérea;Amazonas;Marrocos;Agosto;2026;1
Aérea;Pará;Marrocos;Agosto;2026;4
Aérea;Ceará;Marrocos;Agosto;2026;10
Aérea;Pernambuco;Marrocos;Agosto;2026;1
Aérea;Bahia;Marrocos;Agosto;2026;8
Aérea;Rio de Janeiro;Marrocos;Agosto;2026;100
Aérea;São Paulo;Marrocos;Agosto;2026;2
Aérea;São Paulo;Marrocos;Agosto;2026;637
Aérea;Santa Catarina;Marrocos;Agosto;2026;2
Terrestre;Amazonas;Marrocos;Agosto;2026;1
Terrestre;Amapá;Marrocos;Agosto;2026;3
Terrestre;Rio Grande do Sul;Marrocos;Agosto;2026;4
Terrestre;Rio Grande do Sul;Marrocos;Agosto;2026;2
Fluvial;Amapá;Marrocos;Agosto;2026;4
Aérea;Rio de Janeiro;Mauritânia;Agosto;2026;1
Aérea;São Paulo;Mauritânia;Agosto;2026;10
Aérea;Bahia;Maurício;Agosto;2026;1
Aérea;Rio de Janeiro;Maurício;Agosto;2026;2
Aérea;São Paulo;Maurício;Agosto;2026;13
Aérea;Rio de Janeiro;Mianma;Agosto;2026;4
Aérea;São Paulo;Mianma;Agosto;2026;5
Terrestre;Paraná;Mianma;Agosto;2026;1
Aérea;Pernambuco;Moldávia;Agosto;2026;1
Aérea;Rio de Janeiro;Moldávia;Agosto;2026;4
Aérea;São Paulo;Moldávia;Agosto;2026;11
Aérea;Distrito Federal;Moldávia;Agosto;2026;1
Aérea;Rio de Janeiro;Mongólia;Agosto;2026;3
Aérea;São Paulo;Mongólia;Agosto;2026;5
Terrestre;Amapá;Mongólia;Agosto;2026;1
Terrestre;Paraná;Mongólia;Agosto;2026;2
Aérea;Rio de Janeiro;Montenegro;Agosto;2026;7
Aérea;São Paulo;Montenegro;Agosto;2026;8
Terrestre;Mato Grosso do Sul;Montenegro;Agosto;2026;1
Marítima;Rio de Janeiro;Montenegro;Agosto;2026;1
Aérea;Rio de Janeiro;Moçambique;Agosto;2026;4
Aérea;São Paulo;Moçambique;Agosto;2026;389
Aérea;Distrito Federal;Moçambique;Agosto;2026;1
Terrestre;Paraná;Moçambique;Agosto;2026;1
Aérea;Amazonas;México;Agosto;2026;112
Aérea;Roraima;México;Agosto;2026;2
Aérea;Pará;México;Agosto;2026;16
Aérea;Ceará;México;Agosto;2026;12
Aérea;Paraíba;México;Agosto;2026;1
Aérea;Pernambuco;México;Agosto;2026;2
Aérea;Bahia;México;Agosto;2026;2
Aérea;Bahia;México;Agosto;2026;50
Aérea;Minas Gerais;México;Agosto;2026;63
Aérea;Rio de Janeiro;México;Agosto;2026;4568
Aérea;São Paulo;México;Agosto;2026;6
Aérea;São Paulo;México;Agosto;2026;8851
Aérea;Paraná;México;Agosto;2026;13
Aérea;Santa Catarina;México;Agosto;2026;45
Aérea;Rio Grande do Sul;México;Agosto;2026;60
Aérea;Distrito Federal;México;Agosto;2026;119
Terrestre;Acre;México;Agosto;2026;1
Terrestre;Amazonas;México;Agosto;2026;4
Terrestre;Paraná;México;Agosto;2026;42
Terrestre;Paraná;México;Agosto;2026;828
Terrestre;Paraná;México;Agosto;2026;15
Terrestre;Rio Grande do Sul;México;Agosto;2026;5
Terrestre;Rio Grande do Sul;México;Agosto;2026;4
Terrestre;Mato Grosso do Sul;México;Agosto;2026;80
Terrestre;Mato Grosso do Sul;México;Agosto;2026;42
Aérea;Rio de Janeiro;Mônaco;Agosto;2026;1
Aérea;Rio de Janeiro;Namíbia;Agosto;2026;2
Aérea;São Paulo;Namíbia;Agosto;2026;20
Aérea;Amazonas;Nepal;Agosto;2026;3
Aérea;Rio de Janeiro;Nepal;Agosto;2026;7
Aérea;São Paulo;Nepal;Agosto;2026;1
Aérea;São Paulo;Nepal;Agosto;2026;10
Aérea;Amazonas;Nicarágua;Agosto;2026;3
Aérea;Pernambuco;Nicarágua;Agosto;2026;2
Aérea;Bahia;Nicarágua;Agosto;2026;3
Aérea;Minas Gerais;Nicarágua;Agosto;2026;5
Aérea;Rio de Janeiro;Nicarágua;Agosto;2026;66
Aérea;São Paulo;Nicarágua;Agosto;2026;86
Aérea;Santa Catarina;Nicarágua;Agosto;2026;2
Aérea;Rio Grande do Sul;Nicarágua;Agosto;2026;7
Aérea;Distrito Federal;Nicarágua;Agosto;2026;13
Terrestre;Paraná;Nicarágua;Agosto;2026;5
Terrestre;Paraná;Nicarágua;Agosto;2026;4
Terrestre;Paraná;Nicarágua;Agosto;2026;1
Aérea;Pernambuco;Nigéria;Agosto;2026;1
Aérea;Bahia;Nigéria;Agosto;2026;3
Aérea;Rio de Janeiro;Nigéria;Agosto;2026;20
Aérea;São Paulo;Nigéria;Agosto;2026;124
Terrestre;Paraná;Nigéria;Agosto;2026;2
Aérea;Pará;Noruega;Agosto;2026;11
Aérea;Ceará;Noruega;Agosto;2026;44
Aérea;Rio Grande do Norte;Noruega;Agosto;2026;12
Aérea;Pernambuco;Noruega;Agosto;2026;6
Aérea;Bahia;Noruega;Agosto;2026;14
Aérea;Rio de Janeiro;Noruega;Agosto;2026;383
Aérea;São Paulo;Noruega;Agosto;2026;192
Aérea;Santa Catarina;Noruega;Agosto;2026;4
Aérea;Distrito Federal;Noruega;Agosto;2026;4
Terrestre;Paraná;Noruega;Agosto;2026;2
Terrestre;Paraná;Noruega;Agosto;2026;13
Aérea;Ceará;Nova Zelândia;Agosto;2026;2
Aérea;Pernambuco;Nova Zelândia;Agosto;2026;1
Aérea;Bahia;Nova Zelândia;Agosto;2026;3
Aérea;Minas Gerais;Nova Zelândia;Agosto;2026;6
Aérea;Rio de Janeiro;Nova Zelândia;Agosto;2026;182
Aérea;São Paulo;Nova Zelândia;Agosto;2026;1
Aérea;São Paulo;Nova Zelândia;Agosto;2026;420
Aérea;Paraná;Nova Zelândia;Agosto;2026;4
Aérea;Paraná;Nova Zelândia;Agosto;2026;5
Aérea;Santa Catarina;Nova Zelândia;Agosto;2026;11
Aérea;Rio Grande do Sul;Nova Zelândia;Agosto;2026;9
Aérea;Distrito Federal;Nova Zelândia;Agosto;2026;11
Terrestre;Paraná;Nova Zelândia;Agosto;2026;10
Terrestre;Paraná;Nova Zelândia;Agosto;2026;88
Terrestre;Mato Grosso do Sul;Nova Zelândia;Agosto;2026;1
Marítima;Rio de Janeiro;Nova Zelândia;Agosto;2026;2
Aérea;São Paulo;Níger;Agosto;2026;3
Aérea;Rio de Janeiro;Omã;Agosto;2026;2
Aérea;São Paulo;Omã;Agosto;2026;10
Aérea;Distrito Federal;Omã;Agosto;2026;2
Marítima;Espírito Santo;Omã;Agosto;2026;6
Aérea;Rio de Janeiro;Palestina;Agosto;2026;1
Aérea;São Paulo;Palestina;Agosto;2026;68
Terrestre;Amazonas;Palestina;Agosto;2026;1
Terrestre;Rio Grande do Sul;Palestina;Agosto;2026;1
Aérea;Amazonas;Panamá;Agosto;2026;10
Aérea;Pará;Panamá;Agosto;2026;2
Aérea;Bahia;Panamá;Agosto;2026;28
Aérea;Minas Gerais;Panamá;Agosto;2026;25
Aérea;Rio de Janeiro;Panamá;Agosto;2026;676
Aérea;São Paulo;Panamá;Agosto;2026;962
Aérea;Santa Catarina;Panamá;Agosto;2026;15
Aérea;Rio Grande do Sul;Panamá;Agosto;2026;21
Aérea;Distrito Federal;Panamá;Agosto;2026;37
Terrestre;Paraná;Panamá;Agosto;2026;3
Terrestre;Paraná;Panamá;Agosto;2026;7
Terrestre;Paraná;Panamá;Agosto;2026;1
Aérea;São Paulo;Papua Nova Guiné;Agosto;2026;1
Aérea;Rio Grande do Norte;Paquistão;Agosto;2026;1
Aérea;Pernambuco;Paquistão;Agosto;2026;1
Aérea;Rio de Janeiro;Paquistão;Agosto;2026;14
Aérea;São Paulo;Paquistão;Agosto;2026;139
Aérea;Santa Catarina;Paquistão;Agosto;2026;1
Aérea;Distrito Federal;Paquistão;Agosto;2026;2
Terrestre;Paraná;Paquistão;Agosto;2026;2
Aérea;Amazonas;Paraguai;Agosto;2026;3
Aérea;Pará;Paraguai;Agosto;2026;1
Aérea;Ceará;Paraguai;Agosto;2026;5
Aérea;Rio Grande do Norte;Paraguai;Agosto;2026;4
Aérea;Pernambuco;Paraguai;Agosto;2026;12
Aérea;Bahia;Paraguai;Agosto;2026;2
Aérea;Bahia;Paraguai;Agosto;2026;4
Aérea;Rio de Janeiro;Paraguai;Agosto;2026;914
Aérea;São Paulo;Paraguai;Agosto;2026;25
Aérea;São Paulo;Paraguai;Agosto;2026;3653
Aérea;Paraná;Paraguai;Agosto;2026;178
Aérea;Paraná;Paraguai;Agosto;2026;6
Aérea;Santa Catarina;Paraguai;Agosto;2026;10
Aérea;Rio Grande do Sul;Paraguai;Agosto;2026;7
Aérea;Distrito Federal;Paraguai;Agosto;2026;5
Terrestre;Rondônia;Paraguai;Agosto;2026;1
Terrestre;Roraima;Paraguai;Agosto;2026;1
Terrestre;Paraná;Paraguai;Agosto;2026;6
Terrestre;Paraná;Paraguai;Agosto;2026;15250
Terrestre;Paraná;Paraguai;Agosto;2026;106
Terrestre;Paraná;Paraguai;Agosto;2026;2215
Terrestre;Paraná;Paraguai;Agosto;2026;642
Terrestre;Paraná;Paraguai;Agosto;2026;219
Terrestre;Paraná;Paraguai;Agosto;2026;11
Terrestre;Santa Catarina;Paraguai;Agosto;2026;144
Terrestre;Rio Grande do Sul;Paraguai;Agosto;2026;14
Terrestre;Rio Grande do Sul;Paraguai;Agosto;2026;1
Terrestre;Rio Grande do Sul;Paraguai;Agosto;2026;13
Terrestre;Rio Grande do Sul;Paraguai;Agosto;2026;9
Terrestre;Rio Grande do Sul;Paraguai;Agosto;2026;12
Terrestre;Rio Grande do Sul;Paraguai;Agosto;2026;144
Terrestre;Rio Grande do Sul;Paraguai;Agosto;2026;105
Terrestre;Mato Grosso do Sul;Paraguai;Agosto;2026;41
Terrestre;Mato Grosso do Sul;Paraguai;Agosto;2026;1211
Fluvial;Rio Grande do Sul;Paraguai;Agosto;2026;109
Fluvial;Rio Grande do Sul;Paraguai;Agosto;2026;60
Aérea;São Paulo;Países não especificados;Agosto;2026;1
Aérea;São Paulo;Países não especificados;Agosto;2026;2
Aérea;Amazonas;Peru;Agosto;2026;32
Aérea;Pará;Peru;Agosto;2026;2
Aérea;Ceará;Peru;Agosto;2026;7
Aérea;Rio Grande do Norte;Peru;Agosto;2026;9
Aérea;Pernambuco;Peru;Agosto;2026;7
Aérea;Alagoas;Peru;Agosto;2026;2
Aérea;Bahia;Peru;Agosto;2026;1
Aérea;Bahia;Peru;Agosto;2026;12
Aérea;Minas Gerais;Peru;Agosto;2026;22
Aérea;Rio de Janeiro;Peru;Agosto;2026;5383
Aérea;São Paulo;Peru;Agosto;2026;2
Aérea;São Paulo;Peru;Agosto;2026;7769
Aérea;São Paulo;Peru;Agosto;2026;3
Aérea;Paraná;Peru;Agosto;2026;51
Aérea;Paraná;Peru;Agosto;2026;284
Aérea;Santa Catarina;Peru;Agosto;2026;167
Aérea;Rio Grande do Sul;Peru;Agosto;2026;246
Aérea;Distrito Federal;Peru;Agosto;2026;764
Terrestre;Rondônia;Peru;Agosto;2026;2
Terrestre;Acre;Peru;Agosto;2026;1934
Terrestre;Acre;Peru;Agosto;2026;110
Terrestre;Acre;Peru;Agosto;2026;1
Terrestre;Amazonas;Peru;Agosto;2026;125
Terrestre;Roraima;Peru;Agosto;2026;1
Terrestre;Roraima;Peru;Agosto;2026;7
Terrestre;Amapá;Peru;Agosto;2026;13
Terrestre;Paraná;Peru;Agosto;2026;76
Terrestre;Paraná;Peru;Agosto;2026;1148
Terrestre;Paraná;Peru;Agosto;2026;28
Terrestre;Paraná;Peru;Agosto;2026;1
Terrestre;Santa Catarina;Peru;Agosto;2026;1
Terrestre;Rio Grande do Sul;Peru;Agosto;2026;10
Terrestre;Rio Grande do Sul;Peru;Agosto;2026;1
Terrestre;Rio Grande do Sul;Peru;Agosto;2026;2
Terrestre;Rio Grande do Sul;Peru;Agosto;2026;9
Terrestre;Mato Grosso do Sul;Peru;Agosto;2026;91
Terrestre;Mato Grosso;Peru;Agosto;2026;1
Marítima;Santa Catarina;Peru;Agosto;2026;2
Fluvial;Amapá;Peru;Agosto;2026;11
Aérea;Amazonas;Polônia;Agosto;2026;23
Aérea;Pará;Polônia;Agosto;2026;8
Aérea;Ceará;Polônia;Agosto;2026;71
Aérea;Rio Grande do Norte;Polônia;Agosto;2026;5
Aérea;Pernambuco;Polônia;Agosto;2026;38
Aérea;Alagoas;Polônia;Agosto;2026;2
Aérea;Bahia;Polônia;Agosto;2026;21
Aérea;Minas Gerais;Polônia;Agosto;2026;5
Aérea;Rio de Janeiro;Polônia;Agosto;2026;885
Aérea;São Paulo;Polônia;Agosto;2026;16
Aérea;São Paulo;Polônia;Agosto;2026;682
Aérea;Paraná;Polônia;Agosto;2026;12
Aérea;Paraná;Polônia;Agosto;2026;2
Aérea;Santa Catarina;Polônia;Agosto;2026;3
Aérea;Rio Grande do Sul;Polônia;Agosto;2026;1
Aérea;Distrito Federal;Polônia;Agosto;2026;12
Terrestre;Amazonas;Polônia;Agosto;2026;1
Terrestre;Amapá;Polônia;Agosto;2026;1
Terrestre;Paraná;Polônia;Agosto;2026;36
Terrestre;Paraná;Polônia;Agosto;2026;231
Terrestre;Paraná;Polônia;Agosto;2026;6
Terrestre;Rio Grande do Sul;Polônia;Agosto;2026;1
Terrestre;Mato Grosso do Sul;Polônia;Agosto;2026;3
Marítima;Rio de Janeiro;Polônia;Agosto;2026;4
Fluvial;Amapá;Polônia;Agosto;2026;2
Aérea;Santa Catarina;Porto Rico;Agosto;2026;1
Aérea;Amazonas;Portugal;Agosto;2026;99
Aérea;Pará;Portugal;Agosto;2026;288
Aérea;Ceará;Portugal;Agosto;2026;3318
Aérea;Rio Grande do Norte;Portugal;Agosto;2026;972
Aérea;Pernambuco;Portugal;Agosto;2026;2101
Aérea;Alagoas;Portugal;Agosto;2026;1219
Aérea;Bahia;Portugal;Agosto;2026;1358
Aérea;Minas Gerais;Portugal;Agosto;2026;1080
Aérea;Rio de Janeiro;Portugal;Agosto;2026;3457
Aérea;São Paulo;Portugal;Agosto;2026;1589
Aérea;São Paulo;Portugal;Agosto;2026;6342
Aérea;São Paulo;Portugal;Agosto;2026;5
Aérea;Paraná;Portugal;Agosto;2026;2
Aérea;Paraná;Portugal;Agosto;2026;63
Aérea;Santa Catarina;Portugal;Agosto;2026;174
Aérea;Rio Grande do Sul;Portugal;Agosto;2026;300
Aérea;Distrito Federal;Portugal;Agosto;2026;542
Terrestre;Acre;Portugal;Agosto;2026;1
Terrestre;Amazonas;Portugal;Agosto;2026;1
Terrestre;Roraima;Portugal;Agosto;2026;4
Terrestre;Amapá;Portugal;Agosto;2026;10
Terrestre;Paraná;Portugal;Agosto;2026;9
Terrestre;Paraná;Portugal;Agosto;2026;98
Terrestre;Paraná;Portugal;Agosto;2026;1
Terrestre;Paraná;Portugal;Agosto;2026;3
Terrestre;Rio Grande do Sul;Portugal;Agosto;2026;2
Terrestre;Mato Grosso do Sul;Portugal;Agosto;2026;2
Marítima;Pernambuco;Portugal;Agosto;2026;1
Fluvial;Amapá;Portugal;Agosto;2026;2
Aérea;Rio de Janeiro;Quirguistão;Agosto;2026;1
Aérea;São Paulo;Quirguistão;Agosto;2026;8
Aérea;Ceará;Quênia;Agosto;2026;1
Aérea;Pernambuco;Quênia;Agosto;2026;1
Aérea;Rio de Janeiro;Quênia;Agosto;2026;30
Aérea;São Paulo;Quênia;Agosto;2026;72
Aérea;Amazonas;Reino Unido;Agosto;2026;46
Aérea;Pará;Reino Unido;Agosto;2026;25
Aérea;Ceará;Reino Unido;Agosto;2026;178
Aérea;Rio Grande do Norte;Reino Unido;Agosto;2026;28
Aérea;Pernambuco;Reino Unido;Agosto;2026;179
Aérea;Alagoas;Reino Unido;Agosto;2026;10
Aérea;Bahia;Reino Unido;Agosto;2026;184
Aérea;Minas Gerais;Reino Unido;Agosto;2026;48
Aérea;Rio de Janeiro;Reino Unido;Agosto;2026;4523
Aérea;São Paulo;Reino Unido;Agosto;2026;47
Aérea;São Paulo;Reino Unido;Agosto;2026;7120
Aérea;São Paulo;Reino Unido;Agosto;2026;1
Aérea;Paraná;Reino Unido;Agosto;2026;12
Aérea;Paraná;Reino Unido;Agosto;2026;4
Aérea;Santa Catarina;Reino Unido;Agosto;2026;36
Aérea;Rio Grande do Sul;Reino Unido;Agosto;2026;27
Aérea;Distrito Federal;Reino Unido;Agosto;2026;64
Terrestre;Acre;Reino Unido;Agosto;2026;1
Terrestre;Amazonas;Reino Unido;Agosto;2026;15
Terrestre;Roraima;Reino Unido;Agosto;2026;10
Terrestre;Roraima;Reino Unido;Agosto;2026;1
Terrestre;Amapá;Reino Unido;Agosto;2026;2
Terrestre;Paraná;Reino Unido;Agosto;2026;67
Terrestre;Paraná;Reino Unido;Agosto;2026;808
Terrestre;Paraná;Reino Unido;Agosto;2026;6
Terrestre;Santa Catarina;Reino Unido;Agosto;2026;1
Terrestre;Rio Grande do Sul;Reino Unido;Agosto;2026;4
Terrestre;Rio Grande do Sul;Reino Unido;Agosto;2026;1
Terrestre;Mato Grosso do Sul;Reino Unido;Agosto;2026;2
Terrestre;Mato Grosso do Sul;Reino Unido;Agosto;2026;2
Aérea;Ceará;República Democrática do Congo;Agosto;2026;1
Aérea;Rio de Janeiro;República Democrática do Congo;Agosto;2026;3
Aérea;São Paulo;República Democrática do Congo;Agosto;2026;36
Aérea;Distrito Federal;República Democrática do Congo;Agosto;2026;3
Aérea;Amazonas;República Dominicana;Agosto;2026;9
Aérea;Pará;República Dominicana;Agosto;2026;4
Aérea;Pernambuco;República Dominicana;Agosto;2026;1
Aérea;Bahia;República Dominicana;Agosto;2026;6
Aérea;Minas Gerais;República Dominicana;Agosto;2026;6
Aérea;Rio de Janeiro;República Dominicana;Agosto;2026;360
Aérea;São Paulo;República Dominicana;Agosto;2026;1
Aérea;São Paulo;República Dominicana;Agosto;2026;1211
Aérea;Paraná;República Dominicana;Agosto;2026;2
Aérea;Santa Catarina;República Dominicana;Agosto;2026;5
Aérea;Rio Grande do Sul;República Dominicana;Agosto;2026;49
Aérea;Distrito Federal;República Dominicana;Agosto;2026;98
Terrestre;Acre;República Dominicana;Agosto;2026;7
Terrestre;Amazonas;República Dominicana;Agosto;2026;3
Terrestre;Roraima;República Dominicana;Agosto;2026;1
Terrestre;Roraima;República Dominicana;Agosto;2026;2
Terrestre;Amapá;República Dominicana;Agosto;2026;22
Terrestre;Paraná;República Dominicana;Agosto;2026;10
Terrestre;Paraná;República Dominicana;Agosto;2026;70
Terrestre;Paraná;República Dominicana;Agosto;2026;5
Terrestre;Rio Grande do Sul;República Dominicana;Agosto;2026;1
Terrestre;Rio Grande do Sul;República Dominicana;Agosto;2026;1
Terrestre;Rio Grande do Sul;República Dominicana;Agosto;2026;1
Terrestre;Mato Grosso do Sul;República Dominicana;Agosto;2026;3
Fluvial;Amapá;República Dominicana;Agosto;2026;3
Aérea;Amazonas;República Tcheca;Agosto;2026;1
Aérea;Ceará;República Tcheca;Agosto;2026;10
Aérea;Rio Grande do Norte;República Tcheca;Agosto;2026;1
Aérea;Pernambuco;República Tcheca;Agosto;2026;4
Aérea;Bahia;República Tcheca;Agosto;2026;7
Aérea;Minas Gerais;República Tcheca;Agosto;2026;1
Aérea;Rio de Janeiro;República Tcheca;Agosto;2026;117
Aérea;São Paulo;República Tcheca;Agosto;2026;2
Aérea;São Paulo;República Tcheca;Agosto;2026;213
Aérea;São Paulo;República Tcheca;Agosto;2026;1
Aérea;Paraná;República Tcheca;Agosto;2026;2
Aérea;Santa Catarina;República Tcheca;Agosto;2026;5
Aérea;Rio Grande do Sul;República Tcheca;Agosto;2026;25
Aérea;Distrito Federal;República Tcheca;Agosto;2026;5
Terrestre;Amazonas;República Tcheca;Agosto;2026;11
Terrestre;Paraná;República Tcheca;Agosto;2026;7
Terrestre;Paraná;República Tcheca;Agosto;2026;33
Terrestre;Rio Grande do Sul;República Tcheca;Agosto;2026;1
Terrestre;Rio Grande do Sul;República Tcheca;Agosto;2026;1
Aérea;Amazonas;República da Coreia;Agosto;2026;11
Aérea;Ceará;República da Coreia;Agosto;2026;18
Aérea;Rio Grande do Norte;República da Coreia;Agosto;2026;1
Aérea;Pernambuco;República da Coreia;Agosto;2026;2
Aérea;Bahia;República da Coreia;Agosto;2026;2
Aérea;Bahia;República da Coreia;Agosto;2026;1
Aérea;Minas Gerais;República da Coreia;Agosto;2026;1
Aérea;Rio de Janeiro;República da Coreia;Agosto;2026;161
Aérea;São Paulo;República da Coreia;Agosto;2026;2
Aérea;São Paulo;República da Coreia;Agosto;2026;1140
Aérea;Paraná;República da Coreia;Agosto;2026;3
Aérea;Paraná;República da Coreia;Agosto;2026;4
Aérea;Santa Catarina;República da Coreia;Agosto;2026;8
Aérea;Rio Grande do Sul;República da Coreia;Agosto;2026;1
Aérea;Distrito Federal;República da Coreia;Agosto;2026;8
Terrestre;Amazonas;República da Coreia;Agosto;2026;1
Terrestre;Amapá;República da Coreia;Agosto;2026;1
Terrestre;Paraná;República da Coreia;Agosto;2026;49
Terrestre;Paraná;República da Coreia;Agosto;2026;164
Terrestre;Paraná;República da Coreia;Agosto;2026;18
Terrestre;Rio Grande do Sul;República da Coreia;Agosto;2026;1
Marítima;Rio de Janeiro;República da Coreia;Agosto;2026;2
Aérea;São Paulo;República do Kosovo;Agosto;2026;2
Aérea;Amazonas;Romênia;Agosto;2026;2
Aérea;Pará;Romênia;Agosto;2026;5
Aérea;Ceará;Romênia;Agosto;2026;13
Aérea;Rio Grande do Norte;Romênia;Agosto;2026;4
Aérea;Pernambuco;Romênia;Agosto;2026;9
Aérea;Bahia;Romênia;Agosto;2026;13
Aérea;Minas Gerais;Romênia;Agosto;2026;4
Aérea;Rio de Janeiro;Romênia;Agosto;2026;136
Aérea;São Paulo;Romênia;Agosto;2026;1
Aérea;São Paulo;Romênia;Agosto;2026;311
Aérea;Paraná;Romênia;Agosto;2026;1
Aérea;Santa Catarina;Romênia;Agosto;2026;2
Aérea;Rio Grande do Sul;Romênia;Agosto;2026;1
Aérea;Distrito Federal;Romênia;Agosto;2026;3
Terrestre;Amapá;Romênia;Agosto;2026;1
Terrestre;Paraná;Romênia;Agosto;2026;6
Terrestre;Paraná;Romênia;Agosto;2026;17
Terrestre;Mato Grosso do Sul;Romênia;Agosto;2026;1
Marítima;Rio de Janeiro;Romênia;Agosto;2026;3
Marítima;Rio de Janeiro;Romênia;Agosto;2026;1
Marítima;São Paulo;Romênia;Agosto;2026;1
Aérea;Rio de Janeiro;Ruanda;Agosto;2026;2
Aérea;São Paulo;Ruanda;Agosto;2026;45
Aérea;Distrito Federal;Ruanda;Agosto;2026;1
Aérea;Amazonas;Rússia;Agosto;2026;4
Aérea;Ceará;Rússia;Agosto;2026;6
Aérea;Rio Grande do Norte;Rússia;Agosto;2026;1
Aérea;Paraíba;Rússia;Agosto;2026;4
Aérea;Pernambuco;Rússia;Agosto;2026;20
Aérea;Alagoas;Rússia;Agosto;2026;3
Aérea;Bahia;Rússia;Agosto;2026;6
Aérea;Minas Gerais;Rússia;Agosto;2026;13
Aérea;Rio de Janeiro;Rússia;Agosto;2026;285
Aérea;São Paulo;Rússia;Agosto;2026;11
Aérea;São Paulo;Rússia;Agosto;2026;3554
Aérea;Paraná;Rússia;Agosto;2026;3
Aérea;Paraná;Rússia;Agosto;2026;6
Aérea;Santa Catarina;Rússia;Agosto;2026;27
Aérea;Rio Grande do Sul;Rússia;Agosto;2026;4
Aérea;Distrito Federal;Rússia;Agosto;2026;38
Terrestre;Rondônia;Rússia;Agosto;2026;1
Terrestre;Acre;Rússia;Agosto;2026;2
Terrestre;Paraná;Rússia;Agosto;2026;59
Terrestre;Paraná;Rússia;Agosto;2026;139
Terrestre;Paraná;Rússia;Agosto;2026;6
Terrestre;Santa Catarina;Rússia;Agosto;2026;2
Terrestre;Rio Grande do Sul;Rússia;Agosto;2026;16
Terrestre;Rio Grande do Sul;Rússia;Agosto;2026;8
Terrestre;Rio Grande do Sul;Rússia;Agosto;2026;1
Terrestre;Mato Grosso do Sul;Rússia;Agosto;2026;3
Marítima;Rio de Janeiro;Rússia;Agosto;2026;7
Aérea;São Paulo;Samoa;Agosto;2026;1
Aérea;Ceará;San Marino;Agosto;2026;2
Aérea;Rio Grande do Norte;San Marino;Agosto;2026;1
Aérea;Rio de Janeiro;San Marino;Agosto;2026;9
Aérea;São Paulo;San Marino;Agosto;2026;7
Aérea;Pernambuco;Santa Lúcia;Agosto;2026;1
Aérea;Rio de Janeiro;Santa Lúcia;Agosto;2026;9
Aérea;São Paulo;Santa Lúcia;Agosto;2026;8
Aérea;Distrito Federal;Santa Lúcia;Agosto;2026;1
Terrestre;Roraima;Santa Lúcia;Agosto;2026;4
Terrestre;Amapá;Santa Lúcia;Agosto;2026;5
Terrestre;Paraná;Santa Lúcia;Agosto;2026;1
Aérea;Bahia;Seichelles;Agosto;2026;1
Aérea;São Paulo;Seichelles;Agosto;2026;4
Aérea;Bahia;Senegal;Agosto;2026;1
Aérea;Rio de Janeiro;Senegal;Agosto;2026;5
Aérea;São Paulo;Senegal;Agosto;2026;20
Aérea;Pernambuco;Serra Leoa;Agosto;2026;1
Aérea;Rio de Janeiro;Serra Leoa;Agosto;2026;4
Aérea;São Paulo;Serra Leoa;Agosto;2026;5
Aérea;Rio de Janeiro;Somália;Agosto;2026;1
Aérea;São Paulo;Somália;Agosto;2026;2
Aérea;Rio de Janeiro;Sri Lanka;Agosto;2026;2
Aérea;São Paulo;Sri Lanka;Agosto;2026;23
Aérea;São Paulo;Suazilândia;Agosto;2026;1
Aérea;Rio de Janeiro;Sudão;Agosto;2026;3
Aérea;São Paulo;Sudão;Agosto;2026;13
Aérea;São Paulo;Sudão do Sul;Agosto;2026;1
Aérea;Amazonas;Suriname;Agosto;2026;4
Aérea;Pará;Suriname;Agosto;2026;2165
Aérea;Ceará;Suriname;Agosto;2026;1
Aérea;Minas Gerais;Suriname;Agosto;2026;15
Aérea;Rio de Janeiro;Suriname;Agosto;2026;6
Aérea;São Paulo;Suriname;Agosto;2026;19
Aérea;Distrito Federal;Suriname;Agosto;2026;1
Terrestre;Roraima;Suriname;Agosto;2026;21
Terrestre;Amapá;Suriname;Agosto;2026;63
Terrestre;Paraná;Suriname;Agosto;2026;3
Fluvial;Amapá;Suriname;Agosto;2026;9
Aérea;Amazonas;Suécia;Agosto;2026;1
Aérea;Pará;Suécia;Agosto;2026;9
Aérea;Ceará;Suécia;Agosto;2026;30
Aérea;Rio Grande do Norte;Suécia;Agosto;2026;5
Aérea;Pernambuco;Suécia;Agosto;2026;12
Aérea;Alagoas;Suécia;Agosto;2026;1
Aérea;Bahia;Suécia;Agosto;2026;3
Aérea;Bahia;Suécia;Agosto;2026;8
Aérea;Minas Gerais;Suécia;Agosto;2026;8
Aérea;Rio de Janeiro;Suécia;Agosto;2026;267
Aérea;São Paulo;Suécia;Agosto;2026;3
Aérea;São Paulo;Suécia;Agosto;2026;603
Aérea;Paraná;Suécia;Agosto;2026;2
Aérea;Santa Catarina;Suécia;Agosto;2026;4
Aérea;Rio Grande do Sul;Suécia;Agosto;2026;10
Aérea;Distrito Federal;Suécia;Agosto;2026;6
Terrestre;Rondônia;Suécia;Agosto;2026;2
Terrestre;Paraná;Suécia;Agosto;2026;6
Terrestre;Paraná;Suécia;Agosto;2026;19
Aérea;Amazonas;Suíça;Agosto;2026;18
Aérea;Pará;Suíça;Agosto;2026;30
Aérea;Amapá;Suíça;Agosto;2026;1
Aérea;Ceará;Suíça;Agosto;2026;237
Aérea;Rio Grande do Norte;Suíça;Agosto;2026;45
Aérea;Pernambuco;Suíça;Agosto;2026;87
Aérea;Alagoas;Suíça;Agosto;2026;3
Aérea;Bahia;Suíça;Agosto;2026;122
Aérea;Minas Gerais;Suíça;Agosto;2026;40
Aérea;Rio de Janeiro;Suíça;Agosto;2026;910
Aérea;São Paulo;Suíça;Agosto;2026;9
Aérea;São Paulo;Suíça;Agosto;2026;1738
Aérea;Paraná;Suíça;Agosto;2026;1
Aérea;Santa Catarina;Suíça;Agosto;2026;9
Aérea;Rio Grande do Sul;Suíça;Agosto;2026;10
Aérea;Distrito Federal;Suíça;Agosto;2026;122
Terrestre;Rondônia;Suíça;Agosto;2026;2
Terrestre;Acre;Suíça;Agosto;2026;2
Terrestre;Acre;Suíça;Agosto;2026;1
Terrestre;Amazonas;Suíça;Agosto;2026;3
Terrestre;Roraima;Suíça;Agosto;2026;1
Terrestre;Paraná;Suíça;Agosto;2026;26
Terrestre;Paraná;Suíça;Agosto;2026;139
Terrestre;Paraná;Suíça;Agosto;2026;5
Terrestre;Paraná;Suíça;Agosto;2026;2
Terrestre;Rio Grande do Sul;Suíça;Agosto;2026;9
Terrestre;Rio Grande do Sul;Suíça;Agosto;2026;1
Terrestre;Rio Grande do Sul;Suíça;Agosto;2026;4
Terrestre;Rio Grande do Sul;Suíça;Agosto;2026;5
Terrestre;Mato Grosso do Sul;Suíça;Agosto;2026;3
Terrestre;Mato Grosso do Sul;Suíça;Agosto;2026;5
Terrestre;Mato Grosso;Suíça;Agosto;2026;2
Aérea;Rio de Janeiro;São Cristóvão e Nevis;Agosto;2026;1
Aérea;São Paulo;São Cristóvão e Nevis;Agosto;2026;10
Aérea;Distrito Federal;São Cristóvão e Nevis;Agosto;2026;1
Terrestre;Roraima;São Cristóvão e Nevis;Agosto;2026;3
Terrestre;Paraná;São Cristóvão e Nevis;Agosto;2026;2
Terrestre;Rio Grande do Sul;São Cristóvão e Nevis;Agosto;2026;1
Aérea;Rio de Janeiro;São Tome e Príncipe;Agosto;2026;3
Aérea;São Paulo;São Tome e Príncipe;Agosto;2026;5
Aérea;Distrito Federal;São Tome e Príncipe;Agosto;2026;2
Aérea;Pará;São Vicente e Granadinas;Agosto;2026;1
Aérea;Rio de Janeiro;São Vicente e Granadinas;Agosto;2026;3
Aérea;São Paulo;São Vicente e Granadinas;Agosto;2026;2
Aérea;Amazonas;Sérvia;Agosto;2026;1
Aérea;Ceará;Sérvia;Agosto;2026;4
Aérea;Pernambuco;Sérvia;Agosto;2026;2
Aérea;Bahia;Sérvia;Agosto;2026;1
Aérea;Rio de Janeiro;Sérvia;Agosto;2026;58
Aérea;São Paulo;Sérvia;Agosto;2026;2
Aérea;São Paulo;Sérvia;Agosto;2026;74
Aérea;Distrito Federal;Sérvia;Agosto;2026;4
Terrestre;Paraná;Sérvia;Agosto;2026;1
Terrestre;Paraná;Sérvia;Agosto;2026;3
Aérea;Rio de Janeiro;Síria;Agosto;2026;6
Aérea;São Paulo;Síria;Agosto;2026;40
Terrestre;Rio Grande do Sul;Síria;Agosto;2026;1
Aérea;Amazonas;Tailândia;Agosto;2026;3
Aérea;Pará;Tailândia;Agosto;2026;1
Aérea;Ceará;Tailândia;Agosto;2026;1
Aérea;Pernambuco;Tailândia;Agosto;2026;1
Aérea;Minas Gerais;Tailândia;Agosto;2026;3
Aérea;Rio de Janeiro;Tailândia;Agosto;2026;54
Aérea;São Paulo;Tailândia;Agosto;2026;145
Aérea;Rio Grande do Sul;Tailândia;Agosto;2026;1
Terrestre;Paraná;Tailândia;Agosto;2026;1
Terrestre;Paraná;Tailândia;Agosto;2026;13
Aérea;Amazonas;Taiwan;Agosto;2026;2
Aérea;Ceará;Taiwan;Agosto;2026;2
Aérea;Bahia;Taiwan;Agosto;2026;1
Aérea;Rio de Janeiro;Taiwan;Agosto;2026;22
Aérea;São Paulo;Taiwan;Agosto;2026;329
Aérea;Santa Catarina;Taiwan;Agosto;2026;1
Aérea;Rio Grande do Sul;Taiwan;Agosto;2026;6
Aérea;Distrito Federal;Taiwan;Agosto;2026;1
Terrestre;Paraná;Taiwan;Agosto;2026;16
Terrestre;Paraná;Taiwan;Agosto;2026;3
Terrestre;Mato Grosso do Sul;Taiwan;Agosto;2026;1
Marítima;Paraná;Taiwan;Agosto;2026;1
Aérea;Bahia;Tanzânia;Agosto;2026;1
Aérea;Rio de Janeiro;Tanzânia;Agosto;2026;7
Aérea;São Paulo;Tanzânia;Agosto;2026;47
Aérea;Rio de Janeiro;Timor Leste;Agosto;2026;2
Aérea;São Paulo;Timor Leste;Agosto;2026;11
Aérea;Ceará;Togo;Agosto;2026;1
Aérea;Minas Gerais;Togo;Agosto;2026;1
Aérea;Rio de Janeiro;Togo;Agosto;2026;1
Aérea;São Paulo;Togo;Agosto;2026;44
Aérea;Amazonas;Trinidad e Tobago;Agosto;2026;37
Aérea;Pará;Trinidad e Tobago;Agosto;2026;1
Aérea;Ceará;Trinidad e Tobago;Agosto;2026;1
Aérea;Bahia;Trinidad e Tobago;Agosto;2026;3
Aérea;Rio de Janeiro;Trinidad e Tobago;Agosto;2026;66
Aérea;São Paulo;Trinidad e Tobago;Agosto;2026;63
Aérea;Rio Grande do Sul;Trinidad e Tobago;Agosto;2026;2
Aérea;Distrito Federal;Trinidad e Tobago;Agosto;2026;5
Terrestre;Roraima;Trinidad e Tobago;Agosto;2026;49
Terrestre;Paraná;Trinidad e Tobago;Agosto;2026;2
Aérea;Amazonas;Tunísia;Agosto;2026;1
Aérea;Ceará;Tunísia;Agosto;2026;2
Aérea;Bahia;Tunísia;Agosto;2026;5
Aérea;Rio de Janeiro;Tunísia;Agosto;2026;51
Aérea;São Paulo;Tunísia;Agosto;2026;164
Aérea;Amazonas;Turquia;Agosto;2026;1
Aérea;Pará;Turquia;Agosto;2026;6
Aérea;Ceará;Turquia;Agosto;2026;2
Aérea;Rio Grande do Norte;Turquia;Agosto;2026;2
Aérea;Pernambuco;Turquia;Agosto;2026;1
Aérea;Bahia;Turquia;Agosto;2026;6
Aérea;Minas Gerais;Turquia;Agosto;2026;1
Aérea;Rio de Janeiro;Turquia;Agosto;2026;72
Aérea;São Paulo;Turquia;Agosto;2026;2
Aérea;São Paulo;Turquia;Agosto;2026;1678
Aérea;Paraná;Turquia;Agosto;2026;2
Aérea;Santa Catarina;Turquia;Agosto;2026;1
Aérea;Distrito Federal;Turquia;Agosto;2026;2
Terrestre;Paraná;Turquia;Agosto;2026;3
Terrestre;Paraná;Turquia;Agosto;2026;70
Terrestre;Paraná;Turquia;Agosto;2026;2
Terrestre;Rio Grande do Sul;Turquia;Agosto;2026;1
Terrestre;Rio Grande do Sul;Turquia;Agosto;2026;1
Terrestre;Mato Grosso do Sul;Turquia;Agosto;2026;1
Marítima;Rio de Janeiro;Turquia;Agosto;2026;5
Aérea;Amazonas;Ucrânia;Agosto;2026;4
Aérea;Pará;Ucrânia;Agosto;2026;3
Aérea;Ceará;Ucrânia;Agosto;2026;13
Aérea;Rio Grande do Norte;Ucrânia;Agosto;2026;2
Aérea;Pernambuco;Ucrânia;Agosto;2026;11
Aérea;Bahia;Ucrânia;Agosto;2026;3
Aérea;Minas Gerais;Ucrânia;Agosto;2026;11
Aérea;Rio de Janeiro;Ucrânia;Agosto;2026;117
Aérea;São Paulo;Ucrânia;Agosto;2026;7
Aérea;São Paulo;Ucrânia;Agosto;2026;263
Aérea;Paraná;Ucrânia;Agosto;2026;5
Aérea;Santa Catarina;Ucrânia;Agosto;2026;8
Aérea;Rio Grande do Sul;Ucrânia;Agosto;2026;1
Aérea;Distrito Federal;Ucrânia;Agosto;2026;3
Terrestre;Amapá;Ucrânia;Agosto;2026;6
Terrestre;Paraná;Ucrânia;Agosto;2026;9
Terrestre;Paraná;Ucrânia;Agosto;2026;14
Marítima;Bahia;Ucrânia;Agosto;2026;3
Marítima;Rio de Janeiro;Ucrânia;Agosto;2026;12
Aérea;Rio de Janeiro;Uganda;Agosto;2026;1
Aérea;São Paulo;Uganda;Agosto;2026;10
Terrestre;Rio Grande do Sul;Uganda;Agosto;2026;2
Terrestre;Mato Grosso do Sul;Uganda;Agosto;2026;24
Aérea;Pará;Uruguai;Agosto;2026;1
Aérea;Ceará;Uruguai;Agosto;2026;550
Aérea;Rio Grande do Norte;Uruguai;Agosto;2026;148
Aérea;Pernambuco;Uruguai;Agosto;2026;996
Aérea;Alagoas;Uruguai;Agosto;2026;3
Aérea;Bahia;Uruguai;Agosto;2026;12
Aérea;Bahia;Uruguai;Agosto;2026;1118
Aérea;Minas Gerais;Uruguai;Agosto;2026;137
Aérea;Rio de Janeiro;Uruguai;Agosto;2026;8197
Aérea;São Paulo;Uruguai;Agosto;2026;3
Aérea;São Paulo;Uruguai;Agosto;2026;7815
Aérea;Paraná;Uruguai;Agosto;2026;1
Aérea;Paraná;Uruguai;Agosto;2026;6
Aérea;Santa Catarina;Uruguai;Agosto;2026;22
Aérea;Rio Grande do Sul;Uruguai;Agosto;2026;46
Aérea;Mato Grosso do Sul;Uruguai;Agosto;2026;1
Aérea;Distrito Federal;Uruguai;Agosto;2026;9
Terrestre;Acre;Uruguai;Agosto;2026;3
Terrestre;Roraima;Uruguai;Agosto;2026;1
Terrestre;Paraná;Uruguai;Agosto;2026;1
Terrestre;Paraná;Uruguai;Agosto;2026;92
Terrestre;Paraná;Uruguai;Agosto;2026;805
Terrestre;Paraná;Uruguai;Agosto;2026;53
Terrestre;Santa Catarina;Uruguai;Agosto;2026;9
Terrestre;Rio Grande do Sul;Uruguai;Agosto;2026;1071
Terrestre;Rio Grande do Sul;Uruguai;Agosto;2026;6
Terrestre;Rio Grande do Sul;Uruguai;Agosto;2026;3630
Terrestre;Rio Grande do Sul;Uruguai;Agosto;2026;2989
Terrestre;Rio Grande do Sul;Uruguai;Agosto;2026;653
Terrestre;Rio Grande do Sul;Uruguai;Agosto;2026;6029
Terrestre;Rio Grande do Sul;Uruguai;Agosto;2026;75
Terrestre;Rio Grande do Sul;Uruguai;Agosto;2026;416
Terrestre;Mato Grosso do Sul;Uruguai;Agosto;2026;6
Terrestre;Mato Grosso do Sul;Uruguai;Agosto;2026;10
Fluvial;Rio Grande do Sul;Uruguai;Agosto;2026;5
Fluvial;Rio Grande do Sul;Uruguai;Agosto;2026;6
Aérea;Rio de Janeiro;Uzbequistão;Agosto;2026;7
Aérea;São Paulo;Uzbequistão;Agosto;2026;23
Aérea;São Paulo;Vanuatu;Agosto;2026;1
Terrestre;Roraima;Vaticano;Agosto;2026;3
Aérea;Amazonas;Venezuela;Agosto;2026;41
Aérea;Roraima;Venezuela;Agosto;2026;56
Aérea;Pará;Venezuela;Agosto;2026;14
Aérea;Ceará;Venezuela;Agosto;2026;9
Aérea;Rio Grande do Norte;Venezuela;Agosto;2026;13
Aérea;Pernambuco;Venezuela;Agosto;2026;32
Aérea;Alagoas;Venezuela;Agosto;2026;2
Aérea;Bahia;Venezuela;Agosto;2026;6
Aérea;Bahia;Venezuela;Agosto;2026;13
Aérea;Minas Gerais;Venezuela;Agosto;2026;13
Aérea;Rio de Janeiro;Venezuela;Agosto;2026;1363
Aérea;São Paulo;Venezuela;Agosto;2026;5
Aérea;São Paulo;Venezuela;Agosto;2026;1546
Aérea;Paraná;Venezuela;Agosto;2026;38
Aérea;Paraná;Venezuela;Agosto;2026;39
Aérea;Santa Catarina;Venezuela;Agosto;2026;217
Aérea;Rio Grande do Sul;Venezuela;Agosto;2026;25
Aérea;Distrito Federal;Venezuela;Agosto;2026;103
Terrestre;Rondônia;Venezuela;Agosto;2026;4
Terrestre;Acre;Venezuela;Agosto;2026;17
Terrestre;Acre;Venezuela;Agosto;2026;3
Terrestre;Amazonas;Venezuela;Agosto;2026;12
Terrestre;Roraima;Venezuela;Agosto;2026;108
Terrestre;Roraima;Venezuela;Agosto;2026;9674
Terrestre;Paraná;Venezuela;Agosto;2026;28
Terrestre;Paraná;Venezuela;Agosto;2026;105
Terrestre;Paraná;Venezuela;Agosto;2026;5
Terrestre;Paraná;Venezuela;Agosto;2026;2
Terrestre;Santa Catarina;Venezuela;Agosto;2026;3
Terrestre;Rio Grande do Sul;Venezuela;Agosto;2026;4
Terrestre;Rio Grande do Sul;Venezuela;Agosto;2026;34
Terrestre;Rio Grande do Sul;Venezuela;Agosto;2026;20
Terrestre;Rio Grande do Sul;Venezuela;Agosto;2026;4
Terrestre;Rio Grande do Sul;Venezuela;Agosto;2026;1
Terrestre;Rio Grande do Sul;Venezuela;Agosto;2026;32
Terrestre;Mato Grosso do Sul;Venezuela;Agosto;2026;133
Terrestre;Mato Grosso do Sul;Venezuela;Agosto;2026;4
Terrestre;Mato Grosso;Venezuela;Agosto;2026;2
Aérea;Amazonas;Vietnã;Agosto;2026;2
Aérea;Rio de Janeiro;Vietnã;Agosto;2026;14
Aérea;São Paulo;Vietnã;Agosto;2026;54
Aérea;Distrito Federal;Vietnã;Agosto;2026;1
Aérea;Rio de Janeiro;Zimbábue;Agosto;2026;9
Aérea;São Paulo;Zimbábue;Agosto;2026;79
Aérea;Distrito Federal;Zimbábue;Agosto;2026;1
Terrestre;Paraná;Zimbábue;Agosto;2026;1
Aérea;São Paulo;Zâmbia;Agosto;2026;8
Aérea;Amazonas;África do Sul;Agosto;2026;2
Aérea;Ceará;África do Sul;Agosto;2026;3
Aérea;Rio Grande do Norte;África do Sul;Agosto;2026;1
Aérea;Pernambuco;África do Sul;Agosto;2026;1
Aérea;Bahia;África do Sul;Agosto;2026;2
Aérea;Minas Gerais;África do Sul;Agosto;2026;6
Aérea;Rio de Janeiro;África do Sul;Agosto;2026;95
Aérea;São Paulo;África do Sul;Agosto;2026;1455
Aérea;Distrito Federal;África do Sul;Agosto;2026;3
Terrestre;Roraima;África do Sul;Agosto;2026;1
Terrestre;Paraná;África do Sul;Agosto;2026;7
Terrestre;Paraná;África do Sul;Agosto;2026;16
Terrestre;Rio Grande do Sul;África do Sul;Agosto;2026;1
Marítima;Pernambuco;África do Sul;Agosto;2026;2
Marítima;Paraná;África do Sul;Agosto;2026;3
Fluvial;Rio Grande do Sul;África do Sul;Agosto;2026;48
Aérea;Amazonas;Áustria;Agosto;2026;9
Aérea;Pará;Áustria;Agosto;2026;7
Aérea;Ceará;Áustria;Agosto;2026;69
Aérea;Rio Grande do Norte;Áustria;Agosto;2026;14
Aérea;Pernambuco;Áustria;Agosto;2026;29
Aérea;Alagoas;Áustria;Agosto;2026;2
Aérea;Bahia;Áustria;Agosto;2026;80
Aérea;Minas Gerais;Áustria;Agosto;2026;12
Aérea;Rio de Janeiro;Áustria;Agosto;2026;388
Aérea;São Paulo;Áustria;Agosto;2026;2
Aérea;São Paulo;Áustria;Agosto;2026;1128
Aérea;Paraná;Áustria;Agosto;2026;3
Aérea;Santa Catarina;Áustria;Agosto;2026;5
Aérea;Rio Grande do Sul;Áustria;Agosto;2026;2
Aérea;Distrito Federal;Áustria;Agosto;2026;14
Terrestre;Paraná;Áustria;Agosto;2026;16
Terrestre;Paraná;Áustria;Agosto;2026;86
Terrestre;Paraná;Áustria;Agosto;2026;1
Terrestre;Mato Grosso;Áustria;Agosto;2026;2
Fluvial;Amapá;Áustria;Agosto;2026;2
Aérea;Amazonas;Índia;Agosto;2026;5
Aérea;Pará;Índia;Agosto;2026;5
Aérea;Ceará;Índia;Agosto;2026;9
Aérea;Rio Grande do Norte;Índia;Agosto;2026;1
Aérea;Pernambuco;Índia;Agosto;2026;1
Aérea;Bahia;Índia;Agosto;2026;10
Aérea;Minas Gerais;Índia;Agosto;2026;3
Aérea;Rio de Janeiro;Índia;Agosto;2026;275
Aérea;São Paulo;Índia;Agosto;2026;5
Aérea;São Paulo;Índia;Agosto;2026;1482
Aérea;Paraná;Índia;Agosto;2026;4
Aérea;Santa Catarina;Índia;Agosto;2026;5
Aérea;Distrito Federal;Índia;Agosto;2026;17
Terrestre;Paraná;Índia;Agosto;2026;2
Terrestre;Paraná;Índia;Agosto;2026;35
Terrestre;Paraná;Índia;Agosto;2026;1
Terrestre;Rio Grande do Sul;Índia;Agosto;2026;3
Marítima;Espírito Santo;Índia;Agosto;2026;1
Marítima;Rio de Janeiro;Índia;Agosto;2026;1
